2025-02-12 11:19:06,994 [main] INFO  org.eclipse.jetty.server.Server - jetty-12.0.12; built: 2024-07-25T21:58:37.668Z; git: cc6f1b74db755fed228b50701ad967aeaa68e83f; jvm 21.0.5+11-LTS
2025-02-12 11:19:07,005 [main] INFO  o.e.j.server.handler.ContextHandler - Started oejsh.ContextHandler@366731ae{ROOT,/,b=null,a=AVAILABLE,vh=[127.0.0.1],h=oejsh.ResourceHandler@61b8391d{STARTED}}
2025-02-12 11:19:07,010 [main] INFO  o.e.jetty.server.AbstractConnector - Started ServerConnector@5441c744{HTTP/1.1, (http/1.1)}{0.0.0.0:55682}
2025-02-12 11:19:07,017 [main] INFO  org.eclipse.jetty.server.Server - Started oejs.Server@621be873{STARTING}[12.0.12,sto=0] @90000ms
2025-02-12 11:39:49,200 [main] INFO  org.eclipse.jetty.server.Server - Stopped oejs.Server@621be873{STOPPING}[12.0.12,sto=0]
2025-02-12 11:39:49,218 [main] INFO  o.e.jetty.server.AbstractConnector - Stopped ServerConnector@5441c744{HTTP/1.1, (http/1.1)}{0.0.0.0:0}
2025-02-12 15:54:40,610 [main] INFO  org.eclipse.jetty.server.Server - jetty-12.0.12; built: 2024-07-25T21:58:37.668Z; git: cc6f1b74db755fed228b50701ad967aeaa68e83f; jvm 21.0.5+11-LTS
2025-02-12 15:54:40,630 [main] INFO  o.e.j.server.handler.ContextHandler - Started oejsh.ContextHandler@30c49490{ROOT,/,b=null,a=AVAILABLE,vh=[127.0.0.1],h=oejsh.ResourceHandler@d0e5bb5{STARTED}}
2025-02-12 15:54:40,634 [main] INFO  o.e.jetty.server.AbstractConnector - Started ServerConnector@1173c498{HTTP/1.1, (http/1.1)}{0.0.0.0:55387}
2025-02-12 15:54:40,642 [main] INFO  org.eclipse.jetty.server.Server - Started oejs.Server@569c4a2{STARTING}[12.0.12,sto=0] @13388883ms
2025-02-12 15:54:49,083 [main] INFO  org.eclipse.jetty.server.Server - Stopped oejs.Server@569c4a2{STOPPING}[12.0.12,sto=0]
2025-02-12 15:54:49,089 [main] INFO  o.e.jetty.server.AbstractConnector - Stopped ServerConnector@1173c498{HTTP/1.1, (http/1.1)}{0.0.0.0:0}
2025-02-12 15:54:50,726 [main] INFO  org.eclipse.jetty.server.Server - jetty-12.0.12; built: 2024-07-25T21:58:37.668Z; git: cc6f1b74db755fed228b50701ad967aeaa68e83f; jvm 21.0.5+11-LTS
2025-02-12 15:54:50,727 [main] INFO  o.e.j.server.handler.ContextHandler - Started oejsh.ContextHandler@122fca43{ROOT,/,b=null,a=AVAILABLE,vh=[127.0.0.1],h=oejsh.ResourceHandler@d2732b1{STARTED}}
2025-02-12 15:54:50,728 [main] INFO  o.e.jetty.server.AbstractConnector - Started ServerConnector@6114791a{HTTP/1.1, (http/1.1)}{0.0.0.0:55396}
2025-02-12 15:54:50,728 [main] INFO  org.eclipse.jetty.server.Server - Started oejs.Server@6d579d43{STARTING}[12.0.12,sto=0] @13398970ms
2025-02-12 18:35:30,217 [Framework stop - Equinox Container: 60a0bded-e5de-4252-ab8d-0a2a0c2f2df1] INFO  org.eclipse.jetty.server.Server - Stopped oejs.Server@6d579d43{STOPPING}[12.0.12,sto=0]
2025-02-12 18:35:30,225 [Framework stop - Equinox Container: 60a0bded-e5de-4252-ab8d-0a2a0c2f2df1] INFO  o.e.jetty.server.AbstractConnector - Stopped ServerConnector@6114791a{HTTP/1.1, (http/1.1)}{0.0.0.0:0}
2025-02-27 11:42:40,400 [main] INFO  org.eclipse.jetty.server.Server - jetty-12.0.12; built: 2024-07-25T21:58:37.668Z; git: cc6f1b74db755fed228b50701ad967aeaa68e83f; jvm 21.0.5+11-LTS
2025-02-27 11:42:40,414 [main] INFO  o.e.j.server.handler.ContextHandler - Started oejsh.ContextHandler@5885f735{ROOT,/,b=null,a=AVAILABLE,vh=[127.0.0.1],h=oejsh.ResourceHandler@49e4e185{STARTED}}
2025-02-27 11:42:40,420 [main] INFO  o.e.jetty.server.AbstractConnector - Started ServerConnector@646cba18{HTTP/1.1, (http/1.1)}{0.0.0.0:57300}
2025-02-27 11:42:40,484 [main] INFO  org.eclipse.jetty.server.Server - Started oejs.Server@73b6995e{STARTING}[12.0.12,sto=0] @2124889ms
2025-02-27 11:52:26,528 [Framework stop - Equinox Container: 8a8d825d-e1b8-4217-93f2-c997dee59572] INFO  org.eclipse.jetty.server.Server - Stopped oejs.Server@73b6995e{STOPPING}[12.0.12,sto=0]
2025-02-27 11:52:26,540 [Framework stop - Equinox Container: 8a8d825d-e1b8-4217-93f2-c997dee59572] INFO  o.e.jetty.server.AbstractConnector - Stopped ServerConnector@646cba18{HTTP/1.1, (http/1.1)}{0.0.0.0:0}
2025-03-24 23:37:00,547 [Worker-40: Launching mavenrun-cd19fd1f-cd0c-4516-ba98-f67e5644d1c0] INFO  o.eclipse.m2e.core.internal.Bundles - getClasspathEntries(Bundle=org.eclipse.m2e.maven.runtime_3.9.900.20240824-1409 [1613])
2025-03-24 23:37:00,570 [Worker-40: Launching mavenrun-cd19fd1f-cd0c-4516-ba98-f67e5644d1c0] INFO  o.eclipse.m2e.core.internal.Bundles - 	Entry: /Applications/Eclipse.app/Contents/Eclipse/plugins/org.eclipse.m2e.maven.runtime_3.9.900.20240824-1409
2025-03-24 23:37:00,570 [Worker-40: Launching mavenrun-cd19fd1f-cd0c-4516-ba98-f67e5644d1c0] INFO  o.eclipse.m2e.core.internal.Bundles - 	Entry: /Applications/Eclipse.app/Contents/Eclipse/plugins/org.eclipse.m2e.maven.runtime_3.9.900.20240824-1409/jars/aopalliance-1.0.jar
2025-03-24 23:37:00,570 [Worker-40: Launching mavenrun-cd19fd1f-cd0c-4516-ba98-f67e5644d1c0] INFO  o.eclipse.m2e.core.internal.Bundles - 	Entry: /Applications/Eclipse.app/Contents/Eclipse/plugins/org.eclipse.m2e.maven.runtime_3.9.900.20240824-1409/jars/guice-5.1.0.jar
2025-03-24 23:37:00,570 [Worker-40: Launching mavenrun-cd19fd1f-cd0c-4516-ba98-f67e5644d1c0] INFO  o.eclipse.m2e.core.internal.Bundles - 	Entry: /Applications/Eclipse.app/Contents/Eclipse/plugins/org.eclipse.m2e.maven.runtime_3.9.900.20240824-1409/jars/httpclient-4.5.14.jar
2025-03-24 23:37:00,570 [Worker-40: Launching mavenrun-cd19fd1f-cd0c-4516-ba98-f67e5644d1c0] INFO  o.eclipse.m2e.core.internal.Bundles - 	Entry: /Applications/Eclipse.app/Contents/Eclipse/plugins/org.eclipse.m2e.maven.runtime_3.9.900.20240824-1409/jars/httpcore-4.4.16.jar
2025-03-24 23:37:00,570 [Worker-40: Launching mavenrun-cd19fd1f-cd0c-4516-ba98-f67e5644d1c0] INFO  o.eclipse.m2e.core.internal.Bundles - 	Entry: /Applications/Eclipse.app/Contents/Eclipse/plugins/org.eclipse.m2e.maven.runtime_3.9.900.20240824-1409/jars/jansi-2.4.1.jar
2025-03-24 23:37:00,571 [Worker-40: Launching mavenrun-cd19fd1f-cd0c-4516-ba98-f67e5644d1c0] INFO  o.eclipse.m2e.core.internal.Bundles - 	Entry: /Applications/Eclipse.app/Contents/Eclipse/plugins/org.eclipse.m2e.maven.runtime_3.9.900.20240824-1409/jars/jcl-over-slf4j-1.7.36.jar
2025-03-24 23:37:00,571 [Worker-40: Launching mavenrun-cd19fd1f-cd0c-4516-ba98-f67e5644d1c0] INFO  o.eclipse.m2e.core.internal.Bundles - 	Entry: /Applications/Eclipse.app/Contents/Eclipse/plugins/org.eclipse.m2e.maven.runtime_3.9.900.20240824-1409/jars/maven-artifact-3.9.9.jar
2025-03-24 23:37:00,571 [Worker-40: Launching mavenrun-cd19fd1f-cd0c-4516-ba98-f67e5644d1c0] INFO  o.eclipse.m2e.core.internal.Bundles - 	Entry: /Applications/Eclipse.app/Contents/Eclipse/plugins/org.eclipse.m2e.maven.runtime_3.9.900.20240824-1409/jars/maven-builder-support-3.9.9.jar
2025-03-24 23:37:00,571 [Worker-40: Launching mavenrun-cd19fd1f-cd0c-4516-ba98-f67e5644d1c0] INFO  o.eclipse.m2e.core.internal.Bundles - 	Entry: /Applications/Eclipse.app/Contents/Eclipse/plugins/org.eclipse.m2e.maven.runtime_3.9.900.20240824-1409/jars/maven-compat-3.9.9.jar
2025-03-24 23:37:00,571 [Worker-40: Launching mavenrun-cd19fd1f-cd0c-4516-ba98-f67e5644d1c0] INFO  o.eclipse.m2e.core.internal.Bundles - 	Entry: /Applications/Eclipse.app/Contents/Eclipse/plugins/org.eclipse.m2e.maven.runtime_3.9.900.20240824-1409/jars/maven-core-3.9.9.jar
2025-03-24 23:37:00,571 [Worker-40: Launching mavenrun-cd19fd1f-cd0c-4516-ba98-f67e5644d1c0] INFO  o.eclipse.m2e.core.internal.Bundles - 	Entry: /Applications/Eclipse.app/Contents/Eclipse/plugins/org.eclipse.m2e.maven.runtime_3.9.900.20240824-1409/jars/maven-embedder-3.9.9.jar
2025-03-24 23:37:00,571 [Worker-40: Launching mavenrun-cd19fd1f-cd0c-4516-ba98-f67e5644d1c0] INFO  o.eclipse.m2e.core.internal.Bundles - 	Entry: /Applications/Eclipse.app/Contents/Eclipse/plugins/org.eclipse.m2e.maven.runtime_3.9.900.20240824-1409/jars/maven-model-3.9.9.jar
2025-03-24 23:37:00,571 [Worker-40: Launching mavenrun-cd19fd1f-cd0c-4516-ba98-f67e5644d1c0] INFO  o.eclipse.m2e.core.internal.Bundles - 	Entry: /Applications/Eclipse.app/Contents/Eclipse/plugins/org.eclipse.m2e.maven.runtime_3.9.900.20240824-1409/jars/maven-model-builder-3.9.9.jar
2025-03-24 23:37:00,571 [Worker-40: Launching mavenrun-cd19fd1f-cd0c-4516-ba98-f67e5644d1c0] INFO  o.eclipse.m2e.core.internal.Bundles - 	Entry: /Applications/Eclipse.app/Contents/Eclipse/plugins/org.eclipse.m2e.maven.runtime_3.9.900.20240824-1409/jars/maven-plugin-api-3.9.9.jar
2025-03-24 23:37:00,571 [Worker-40: Launching mavenrun-cd19fd1f-cd0c-4516-ba98-f67e5644d1c0] INFO  o.eclipse.m2e.core.internal.Bundles - 	Entry: /Applications/Eclipse.app/Contents/Eclipse/plugins/org.eclipse.m2e.maven.runtime_3.9.900.20240824-1409/jars/maven-repository-metadata-3.9.9.jar
2025-03-24 23:37:00,571 [Worker-40: Launching mavenrun-cd19fd1f-cd0c-4516-ba98-f67e5644d1c0] INFO  o.eclipse.m2e.core.internal.Bundles - 	Entry: /Applications/Eclipse.app/Contents/Eclipse/plugins/org.eclipse.m2e.maven.runtime_3.9.900.20240824-1409/jars/maven-resolver-api-1.9.22.jar
2025-03-24 23:37:00,571 [Worker-40: Launching mavenrun-cd19fd1f-cd0c-4516-ba98-f67e5644d1c0] INFO  o.eclipse.m2e.core.internal.Bundles - 	Entry: /Applications/Eclipse.app/Contents/Eclipse/plugins/org.eclipse.m2e.maven.runtime_3.9.900.20240824-1409/jars/maven-resolver-connector-basic-1.9.22.jar
2025-03-24 23:37:00,571 [Worker-40: Launching mavenrun-cd19fd1f-cd0c-4516-ba98-f67e5644d1c0] INFO  o.eclipse.m2e.core.internal.Bundles - 	Entry: /Applications/Eclipse.app/Contents/Eclipse/plugins/org.eclipse.m2e.maven.runtime_3.9.900.20240824-1409/jars/maven-resolver-impl-1.9.22.jar
2025-03-24 23:37:00,571 [Worker-40: Launching mavenrun-cd19fd1f-cd0c-4516-ba98-f67e5644d1c0] INFO  o.eclipse.m2e.core.internal.Bundles - 	Entry: /Applications/Eclipse.app/Contents/Eclipse/plugins/org.eclipse.m2e.maven.runtime_3.9.900.20240824-1409/jars/maven-resolver-named-locks-1.9.22.jar
2025-03-24 23:37:00,571 [Worker-40: Launching mavenrun-cd19fd1f-cd0c-4516-ba98-f67e5644d1c0] INFO  o.eclipse.m2e.core.internal.Bundles - 	Entry: /Applications/Eclipse.app/Contents/Eclipse/plugins/org.eclipse.m2e.maven.runtime_3.9.900.20240824-1409/jars/maven-resolver-provider-3.9.9.jar
2025-03-24 23:37:00,571 [Worker-40: Launching mavenrun-cd19fd1f-cd0c-4516-ba98-f67e5644d1c0] INFO  o.eclipse.m2e.core.internal.Bundles - 	Entry: /Applications/Eclipse.app/Contents/Eclipse/plugins/org.eclipse.m2e.maven.runtime_3.9.900.20240824-1409/jars/maven-resolver-spi-1.9.22.jar
2025-03-24 23:37:00,571 [Worker-40: Launching mavenrun-cd19fd1f-cd0c-4516-ba98-f67e5644d1c0] INFO  o.eclipse.m2e.core.internal.Bundles - 	Entry: /Applications/Eclipse.app/Contents/Eclipse/plugins/org.eclipse.m2e.maven.runtime_3.9.900.20240824-1409/jars/maven-resolver-transport-file-1.9.22.jar
2025-03-24 23:37:00,571 [Worker-40: Launching mavenrun-cd19fd1f-cd0c-4516-ba98-f67e5644d1c0] INFO  o.eclipse.m2e.core.internal.Bundles - 	Entry: /Applications/Eclipse.app/Contents/Eclipse/plugins/org.eclipse.m2e.maven.runtime_3.9.900.20240824-1409/jars/maven-resolver-transport-http-1.9.22.jar
2025-03-24 23:37:00,571 [Worker-40: Launching mavenrun-cd19fd1f-cd0c-4516-ba98-f67e5644d1c0] INFO  o.eclipse.m2e.core.internal.Bundles - 	Entry: /Applications/Eclipse.app/Contents/Eclipse/plugins/org.eclipse.m2e.maven.runtime_3.9.900.20240824-1409/jars/maven-resolver-transport-wagon-1.9.22.jar
2025-03-24 23:37:00,571 [Worker-40: Launching mavenrun-cd19fd1f-cd0c-4516-ba98-f67e5644d1c0] INFO  o.eclipse.m2e.core.internal.Bundles - 	Entry: /Applications/Eclipse.app/Contents/Eclipse/plugins/org.eclipse.m2e.maven.runtime_3.9.900.20240824-1409/jars/maven-resolver-util-1.9.22.jar
2025-03-24 23:37:00,571 [Worker-40: Launching mavenrun-cd19fd1f-cd0c-4516-ba98-f67e5644d1c0] INFO  o.eclipse.m2e.core.internal.Bundles - 	Entry: /Applications/Eclipse.app/Contents/Eclipse/plugins/org.eclipse.m2e.maven.runtime_3.9.900.20240824-1409/jars/maven-settings-3.9.9.jar
2025-03-24 23:37:00,571 [Worker-40: Launching mavenrun-cd19fd1f-cd0c-4516-ba98-f67e5644d1c0] INFO  o.eclipse.m2e.core.internal.Bundles - 	Entry: /Applications/Eclipse.app/Contents/Eclipse/plugins/org.eclipse.m2e.maven.runtime_3.9.900.20240824-1409/jars/maven-settings-builder-3.9.9.jar
2025-03-24 23:37:00,571 [Worker-40: Launching mavenrun-cd19fd1f-cd0c-4516-ba98-f67e5644d1c0] INFO  o.eclipse.m2e.core.internal.Bundles - 	Entry: /Applications/Eclipse.app/Contents/Eclipse/plugins/org.eclipse.m2e.maven.runtime_3.9.900.20240824-1409/jars/maven-shared-utils-3.4.2.jar
2025-03-24 23:37:00,571 [Worker-40: Launching mavenrun-cd19fd1f-cd0c-4516-ba98-f67e5644d1c0] INFO  o.eclipse.m2e.core.internal.Bundles - 	Entry: /Applications/Eclipse.app/Contents/Eclipse/plugins/org.eclipse.m2e.maven.runtime_3.9.900.20240824-1409/jars/org.eclipse.sisu.inject-0.9.0.M3.jar
2025-03-24 23:37:00,571 [Worker-40: Launching mavenrun-cd19fd1f-cd0c-4516-ba98-f67e5644d1c0] INFO  o.eclipse.m2e.core.internal.Bundles - 	Entry: /Applications/Eclipse.app/Contents/Eclipse/plugins/org.eclipse.m2e.maven.runtime_3.9.900.20240824-1409/jars/org.eclipse.sisu.plexus-0.9.0.M3.jar
2025-03-24 23:37:00,571 [Worker-40: Launching mavenrun-cd19fd1f-cd0c-4516-ba98-f67e5644d1c0] INFO  o.eclipse.m2e.core.internal.Bundles - 	Entry: /Applications/Eclipse.app/Contents/Eclipse/plugins/org.eclipse.m2e.maven.runtime_3.9.900.20240824-1409/jars/plexus-build-api-0.0.7.jar
2025-03-24 23:37:00,571 [Worker-40: Launching mavenrun-cd19fd1f-cd0c-4516-ba98-f67e5644d1c0] INFO  o.eclipse.m2e.core.internal.Bundles - 	Entry: /Applications/Eclipse.app/Contents/Eclipse/plugins/org.eclipse.m2e.maven.runtime_3.9.900.20240824-1409/jars/plexus-build-api-1.2.0.jar
2025-03-24 23:37:00,571 [Worker-40: Launching mavenrun-cd19fd1f-cd0c-4516-ba98-f67e5644d1c0] INFO  o.eclipse.m2e.core.internal.Bundles - 	Entry: /Applications/Eclipse.app/Contents/Eclipse/plugins/org.eclipse.m2e.maven.runtime_3.9.900.20240824-1409/jars/plexus-cipher-2.0.jar
2025-03-24 23:37:00,571 [Worker-40: Launching mavenrun-cd19fd1f-cd0c-4516-ba98-f67e5644d1c0] INFO  o.eclipse.m2e.core.internal.Bundles - 	Entry: /Applications/Eclipse.app/Contents/Eclipse/plugins/org.eclipse.m2e.maven.runtime_3.9.900.20240824-1409/jars/plexus-classworlds-2.8.0.jar
2025-03-24 23:37:00,571 [Worker-40: Launching mavenrun-cd19fd1f-cd0c-4516-ba98-f67e5644d1c0] INFO  o.eclipse.m2e.core.internal.Bundles - 	Entry: /Applications/Eclipse.app/Contents/Eclipse/plugins/org.eclipse.m2e.maven.runtime_3.9.900.20240824-1409/jars/plexus-component-annotations-2.1.0.jar
2025-03-24 23:37:00,571 [Worker-40: Launching mavenrun-cd19fd1f-cd0c-4516-ba98-f67e5644d1c0] INFO  o.eclipse.m2e.core.internal.Bundles - 	Entry: /Applications/Eclipse.app/Contents/Eclipse/plugins/org.eclipse.m2e.maven.runtime_3.9.900.20240824-1409/jars/plexus-interpolation-1.27.jar
2025-03-24 23:37:00,571 [Worker-40: Launching mavenrun-cd19fd1f-cd0c-4516-ba98-f67e5644d1c0] INFO  o.eclipse.m2e.core.internal.Bundles - 	Entry: /Applications/Eclipse.app/Contents/Eclipse/plugins/org.eclipse.m2e.maven.runtime_3.9.900.20240824-1409/jars/plexus-sec-dispatcher-2.0.jar
2025-03-24 23:37:00,571 [Worker-40: Launching mavenrun-cd19fd1f-cd0c-4516-ba98-f67e5644d1c0] INFO  o.eclipse.m2e.core.internal.Bundles - 	Entry: /Applications/Eclipse.app/Contents/Eclipse/plugins/org.eclipse.m2e.maven.runtime_3.9.900.20240824-1409/jars/plexus-utils-3.5.1.jar
2025-03-24 23:37:00,571 [Worker-40: Launching mavenrun-cd19fd1f-cd0c-4516-ba98-f67e5644d1c0] INFO  o.eclipse.m2e.core.internal.Bundles - 	Entry: /Applications/Eclipse.app/Contents/Eclipse/plugins/org.eclipse.m2e.maven.runtime_3.9.900.20240824-1409/jars/plexus-xml-3.0.1.jar
2025-03-24 23:37:00,571 [Worker-40: Launching mavenrun-cd19fd1f-cd0c-4516-ba98-f67e5644d1c0] INFO  o.eclipse.m2e.core.internal.Bundles - 	Entry: /Applications/Eclipse.app/Contents/Eclipse/plugins/org.eclipse.m2e.maven.runtime_3.9.900.20240824-1409/jars/wagon-file-3.5.3.jar
2025-03-24 23:37:00,571 [Worker-40: Launching mavenrun-cd19fd1f-cd0c-4516-ba98-f67e5644d1c0] INFO  o.eclipse.m2e.core.internal.Bundles - 	Entry: /Applications/Eclipse.app/Contents/Eclipse/plugins/org.eclipse.m2e.maven.runtime_3.9.900.20240824-1409/jars/wagon-http-3.5.3.jar
2025-03-24 23:37:00,571 [Worker-40: Launching mavenrun-cd19fd1f-cd0c-4516-ba98-f67e5644d1c0] INFO  o.eclipse.m2e.core.internal.Bundles - 	Entry: /Applications/Eclipse.app/Contents/Eclipse/plugins/org.eclipse.m2e.maven.runtime_3.9.900.20240824-1409/jars/wagon-http-shared-3.5.3.jar
2025-03-24 23:37:00,571 [Worker-40: Launching mavenrun-cd19fd1f-cd0c-4516-ba98-f67e5644d1c0] INFO  o.eclipse.m2e.core.internal.Bundles - 	Entry: /Applications/Eclipse.app/Contents/Eclipse/plugins/org.eclipse.m2e.maven.runtime_3.9.900.20240824-1409/jars/wagon-provider-api-3.5.3.jar
2025-03-24 23:37:00,572 [Worker-40: Launching mavenrun-cd19fd1f-cd0c-4516-ba98-f67e5644d1c0] INFO  o.eclipse.m2e.core.internal.Bundles - getClasspathEntries(Bundle=com.google.guava_33.3.0.jre [1530])
2025-03-24 23:37:00,577 [Worker-40: Launching mavenrun-cd19fd1f-cd0c-4516-ba98-f67e5644d1c0] INFO  o.eclipse.m2e.core.internal.Bundles - 	Entry: /Applications/Eclipse.app/Contents/Eclipse/plugins/com.google.guava_33.3.0.jre.jar
2025-03-24 23:37:00,577 [Worker-40: Launching mavenrun-cd19fd1f-cd0c-4516-ba98-f67e5644d1c0] INFO  o.eclipse.m2e.core.internal.Bundles - getClasspathEntries(Bundle=slf4j.api_2.0.16 [1648])
2025-03-24 23:37:00,577 [Worker-40: Launching mavenrun-cd19fd1f-cd0c-4516-ba98-f67e5644d1c0] INFO  o.eclipse.m2e.core.internal.Bundles - 	Entry: /Applications/Eclipse.app/Contents/Eclipse/plugins/slf4j.api_2.0.16.jar
2025-03-24 23:37:00,577 [Worker-40: Launching mavenrun-cd19fd1f-cd0c-4516-ba98-f67e5644d1c0] INFO  o.eclipse.m2e.core.internal.Bundles - getClasspathEntries(Bundle=javax.inject_1.0.0.v20220405-0441 [1116])
2025-03-24 23:37:00,577 [Worker-40: Launching mavenrun-cd19fd1f-cd0c-4516-ba98-f67e5644d1c0] INFO  o.eclipse.m2e.core.internal.Bundles - 	Entry: /Applications/Eclipse.app/Contents/Eclipse/plugins/javax.inject_1.0.0.v20220405-0441.jar
2025-03-24 23:37:00,577 [Worker-40: Launching mavenrun-cd19fd1f-cd0c-4516-ba98-f67e5644d1c0] INFO  o.eclipse.m2e.core.internal.Bundles - getClasspathEntries(Bundle=javax.annotation_1.3.5.v20230504-0748 [1115])
2025-03-24 23:37:00,584 [Worker-40: Launching mavenrun-cd19fd1f-cd0c-4516-ba98-f67e5644d1c0] INFO  o.eclipse.m2e.core.internal.Bundles - 	Entry: /Applications/Eclipse.app/Contents/Eclipse/plugins/javax.annotation_1.3.5.v20230504-0748.jar
2025-03-24 23:37:00,584 [Worker-40: Launching mavenrun-cd19fd1f-cd0c-4516-ba98-f67e5644d1c0] INFO  o.eclipse.m2e.core.internal.Bundles - getClasspathEntries(Bundle=org.apache.commons.cli_1.9.0 [1532])
2025-03-24 23:37:00,584 [Worker-40: Launching mavenrun-cd19fd1f-cd0c-4516-ba98-f67e5644d1c0] INFO  o.eclipse.m2e.core.internal.Bundles - 	Entry: /Applications/Eclipse.app/Contents/Eclipse/plugins/org.apache.commons.cli_1.9.0.jar
2025-03-24 23:37:00,584 [Worker-40: Launching mavenrun-cd19fd1f-cd0c-4516-ba98-f67e5644d1c0] INFO  o.eclipse.m2e.core.internal.Bundles - getClasspathEntries(Bundle=org.apache.commons.commons-codec_1.16.0 [78])
2025-03-24 23:37:00,589 [Worker-40: Launching mavenrun-cd19fd1f-cd0c-4516-ba98-f67e5644d1c0] INFO  o.eclipse.m2e.core.internal.Bundles - 	Entry: /Applications/Eclipse.app/Contents/Eclipse/plugins/org.apache.commons.commons-codec_1.16.0.jar
2025-03-24 23:37:00,589 [Worker-40: Launching mavenrun-cd19fd1f-cd0c-4516-ba98-f67e5644d1c0] INFO  o.eclipse.m2e.core.internal.Bundles - getClasspathEntries(Bundle=com.google.guava.failureaccess_1.0.2 [15])
2025-03-24 23:37:00,592 [Worker-40: Launching mavenrun-cd19fd1f-cd0c-4516-ba98-f67e5644d1c0] INFO  o.eclipse.m2e.core.internal.Bundles - 	Entry: /Applications/Eclipse.app/Contents/Eclipse/plugins/com.google.guava.failureaccess_1.0.2.jar
2025-03-24 23:37:00,595 [Worker-40: Launching mavenrun-cd19fd1f-cd0c-4516-ba98-f67e5644d1c0] INFO  o.e.m.i.launch.MavenLaunchDelegate - Run build in "/var/folders/_0/8h1vjs6958xfnyxm3w2f1qvc0000gn/T/m2e-archetypeGenerator14229114507014141123":
2025-03-24 23:37:00,596 [Worker-40: Launching mavenrun-cd19fd1f-cd0c-4516-ba98-f67e5644d1c0] INFO  o.e.m.i.launch.MavenLaunchDelegate -  mvn  -DjavaCompilerVersion=17 -DjunitVersion=5.11.0 -DarchetypeGroupId=org.apache.maven.archetypes -DarchetypeArtifactId=maven-archetype-quickstart -DarchetypeVersion=1.5 -DgroupId=in.smrtprg -DartifactId=MavenFirstProject -Dversion=1.0 -Dpackage=in.sp.main -DoutputDirectory=/Users/karansingh/Desktop/YT_advJava/Spring_YT -Dstyle.color=always -U archetype:generate
2025-03-24 23:37:16,818 [Worker-38: Creating maven-archetype-quickstart] INFO  o.e.m.c.i.p.ProjectConfigurationManager - Collecting project info '/pom.xml' /Users/karansingh/Desktop/YT_advJava/Spring_YT/MavenFirstProject/pom.xml
2025-03-24 23:37:17,057 [Worker-38: Creating maven-archetype-quickstart] INFO  o.e.m.c.i.l.LifecycleMappingFactory - Using org.eclipse.m2e.jdt.JarLifecycleMapping lifecycle mapping for MavenProject: in.smrtprg:MavenFirstProject:1.0 @ /Users/karansingh/Desktop/YT_advJava/Spring_YT/MavenFirstProject/pom.xml.
2025-03-24 23:37:17,306 [Worker-38: Creating maven-archetype-quickstart] INFO  o.e.m.j.i.AbstractJavaProjectConfigurator - Adding source folder /MavenFirstProject/src/main/java
2025-03-24 23:37:17,307 [Worker-38: Creating maven-archetype-quickstart] INFO  o.e.m.j.i.AbstractJavaProjectConfigurator - Adding resource folder /MavenFirstProject/src/main/resources
2025-03-24 23:37:17,310 [Worker-38: Creating maven-archetype-quickstart] INFO  o.e.m.j.i.AbstractJavaProjectConfigurator - Adding source folder /MavenFirstProject/src/test/java
2025-03-24 23:37:17,310 [Worker-38: Creating maven-archetype-quickstart] INFO  o.e.m.j.i.AbstractJavaProjectConfigurator - Adding resource folder /MavenFirstProject/src/test/resources
2025-03-24 23:37:17,439 [Worker-38: Creating maven-archetype-quickstart] INFO  o.e.m.c.i.p.ProjectConfigurationManager - Imported and configured 1 project(s) in 0 sec
2025-03-24 23:37:17,899 [Worker-43: Building] INFO  o.a.m.s.f.DefaultMavenResourcesFiltering - skip non existing resourceDirectory /Users/karansingh/Desktop/YT_advJava/Spring_YT/MavenFirstProject/src/main/resources
2025-03-24 23:37:17,904 [Worker-43: Building] INFO  o.a.m.s.f.DefaultMavenResourcesFiltering - skip non existing resourceDirectory /Users/karansingh/Desktop/YT_advJava/Spring_YT/MavenFirstProject/src/test/resources
2025-03-24 23:40:46,477 [Worker-40: Building] INFO  o.a.m.s.f.DefaultMavenResourcesFiltering - skip non existing resourceDirectory /Users/karansingh/Desktop/YT_advJava/Spring_YT/MavenFirstProject/src/main/resources
2025-03-24 23:40:46,479 [Worker-40: Building] INFO  o.a.m.s.f.DefaultMavenResourcesFiltering - skip non existing resourceDirectory /Users/karansingh/Desktop/YT_advJava/Spring_YT/MavenFirstProject/src/test/resources
2025-03-24 23:41:34,816 [Worker-47: Building] INFO  o.a.m.s.f.DefaultMavenResourcesFiltering - skip non existing resourceDirectory /Users/karansingh/Desktop/YT_advJava/Spring_YT/MavenFirstProject/src/main/resources
2025-03-24 23:41:34,818 [Worker-47: Building] INFO  o.a.m.s.f.DefaultMavenResourcesFiltering - skip non existing resourceDirectory /Users/karansingh/Desktop/YT_advJava/Spring_YT/MavenFirstProject/src/test/resources
2025-03-24 23:42:05,222 [Worker-46: Building] INFO  o.a.m.s.f.DefaultMavenResourcesFiltering - skip non existing resourceDirectory /Users/karansingh/Desktop/YT_advJava/Spring_YT/MavenFirstProject/src/main/resources
2025-03-24 23:42:05,224 [Worker-46: Building] INFO  o.a.m.s.f.DefaultMavenResourcesFiltering - skip non existing resourceDirectory /Users/karansingh/Desktop/YT_advJava/Spring_YT/MavenFirstProject/src/test/resources
2025-03-24 23:42:48,694 [Worker-42: Building] INFO  o.a.m.s.f.DefaultMavenResourcesFiltering - skip non existing resourceDirectory /Users/karansingh/Desktop/YT_advJava/Spring_YT/MavenFirstProject/src/main/resources
2025-03-24 23:42:48,698 [Worker-42: Building] INFO  o.a.m.s.f.DefaultMavenResourcesFiltering - skip non existing resourceDirectory /Users/karansingh/Desktop/YT_advJava/Spring_YT/MavenFirstProject/src/test/resources
2025-03-24 23:43:48,605 [Worker-44: Building] INFO  o.a.m.s.f.DefaultMavenResourcesFiltering - skip non existing resourceDirectory /Users/karansingh/Desktop/YT_advJava/Spring_YT/MavenFirstProject/src/main/resources
2025-03-24 23:43:48,607 [Worker-44: Building] INFO  o.a.m.s.f.DefaultMavenResourcesFiltering - skip non existing resourceDirectory /Users/karansingh/Desktop/YT_advJava/Spring_YT/MavenFirstProject/src/test/resources
2025-03-24 23:44:54,734 [Worker-48: Building] INFO  o.a.m.s.f.DefaultMavenResourcesFiltering - skip non existing resourceDirectory /Users/karansingh/Desktop/YT_advJava/Spring_YT/MavenFirstProject/src/main/resources
2025-03-24 23:44:54,735 [Worker-48: Building] INFO  o.a.m.s.f.DefaultMavenResourcesFiltering - skip non existing resourceDirectory /Users/karansingh/Desktop/YT_advJava/Spring_YT/MavenFirstProject/src/test/resources
2025-03-24 23:45:14,645 [Worker-46: Building] INFO  o.a.m.s.f.DefaultMavenResourcesFiltering - skip non existing resourceDirectory /Users/karansingh/Desktop/YT_advJava/Spring_YT/MavenFirstProject/src/main/resources
2025-03-24 23:45:14,648 [Worker-46: Building] INFO  o.a.m.s.f.DefaultMavenResourcesFiltering - skip non existing resourceDirectory /Users/karansingh/Desktop/YT_advJava/Spring_YT/MavenFirstProject/src/test/resources
2025-03-24 23:46:02,752 [Worker-46: Building] INFO  o.a.m.s.f.DefaultMavenResourcesFiltering - skip non existing resourceDirectory /Users/karansingh/Desktop/YT_advJava/Spring_YT/MavenFirstProject/src/main/resources
2025-03-24 23:46:02,754 [Worker-46: Building] INFO  o.a.m.s.f.DefaultMavenResourcesFiltering - skip non existing resourceDirectory /Users/karansingh/Desktop/YT_advJava/Spring_YT/MavenFirstProject/src/test/resources
2025-03-24 23:46:35,472 [Worker-42: Building] INFO  o.a.m.s.f.DefaultMavenResourcesFiltering - skip non existing resourceDirectory /Users/karansingh/Desktop/YT_advJava/Spring_YT/MavenFirstProject/src/main/resources
2025-03-24 23:46:35,475 [Worker-42: Building] INFO  o.a.m.s.f.DefaultMavenResourcesFiltering - skip non existing resourceDirectory /Users/karansingh/Desktop/YT_advJava/Spring_YT/MavenFirstProject/src/test/resources
2025-03-24 23:46:58,690 [Worker-46: Building] INFO  o.a.m.s.f.DefaultMavenResourcesFiltering - skip non existing resourceDirectory /Users/karansingh/Desktop/YT_advJava/Spring_YT/MavenFirstProject/src/main/resources
2025-03-24 23:46:58,692 [Worker-46: Building] INFO  o.a.m.s.f.DefaultMavenResourcesFiltering - skip non existing resourceDirectory /Users/karansingh/Desktop/YT_advJava/Spring_YT/MavenFirstProject/src/test/resources
2025-03-24 23:48:54,020 [Worker-46: Building] INFO  o.e.m.c.i.l.LifecycleMappingFactory - Using org.eclipse.m2e.jdt.JarLifecycleMapping lifecycle mapping for MavenProject: in.smrtprg:MavenFirstProject:1.0 @ /Users/karansingh/Desktop/YT_advJava/Spring_YT/MavenFirstProject/pom.xml.
2025-03-24 23:48:54,164 [Worker-46: Building] INFO  o.a.m.s.f.DefaultMavenResourcesFiltering - skip non existing resourceDirectory /Users/karansingh/Desktop/YT_advJava/Spring_YT/MavenFirstProject/src/main/resources
2025-03-24 23:48:54,167 [Worker-46: Building] INFO  o.a.m.s.f.DefaultMavenResourcesFiltering - skip non existing resourceDirectory /Users/karansingh/Desktop/YT_advJava/Spring_YT/MavenFirstProject/src/test/resources
2025-03-24 23:49:26,597 [Worker-42: Building] INFO  o.e.m.c.i.l.LifecycleMappingFactory - Using org.eclipse.m2e.jdt.JarLifecycleMapping lifecycle mapping for MavenProject: in.smrtprg:MavenFirstProject:1.0 @ /Users/karansingh/Desktop/YT_advJava/Spring_YT/MavenFirstProject/pom.xml.
2025-03-24 23:49:26,795 [Worker-42: Building] INFO  o.a.m.s.f.DefaultMavenResourcesFiltering - skip non existing resourceDirectory /Users/karansingh/Desktop/YT_advJava/Spring_YT/MavenFirstProject/src/main/resources
2025-03-24 23:49:26,798 [Worker-42: Building] INFO  o.a.m.s.f.DefaultMavenResourcesFiltering - skip non existing resourceDirectory /Users/karansingh/Desktop/YT_advJava/Spring_YT/MavenFirstProject/src/test/resources
2025-03-24 23:50:53,840 [Worker-50: Building] INFO  o.e.m.c.i.l.LifecycleMappingFactory - Using org.eclipse.m2e.jdt.JarLifecycleMapping lifecycle mapping for MavenProject: in.smrtprg:MavenFirstProject:1.0 @ /Users/karansingh/Desktop/YT_advJava/Spring_YT/MavenFirstProject/pom.xml.
2025-03-24 23:50:53,923 [Worker-50: Building] INFO  o.a.m.s.f.DefaultMavenResourcesFiltering - skip non existing resourceDirectory /Users/karansingh/Desktop/YT_advJava/Spring_YT/MavenFirstProject/src/main/resources
2025-03-24 23:50:53,925 [Worker-50: Building] INFO  o.a.m.s.f.DefaultMavenResourcesFiltering - skip non existing resourceDirectory /Users/karansingh/Desktop/YT_advJava/Spring_YT/MavenFirstProject/src/test/resources
2025-03-24 23:51:09,173 [Worker-46: Building] INFO  o.e.m.c.i.l.LifecycleMappingFactory - Using org.eclipse.m2e.jdt.JarLifecycleMapping lifecycle mapping for MavenProject: in.smrtprg:MavenFirstProject:1.0 @ /Users/karansingh/Desktop/YT_advJava/Spring_YT/MavenFirstProject/pom.xml.
2025-03-24 23:51:09,233 [Worker-46: Building] INFO  o.a.m.s.f.DefaultMavenResourcesFiltering - skip non existing resourceDirectory /Users/karansingh/Desktop/YT_advJava/Spring_YT/MavenFirstProject/src/main/resources
2025-03-24 23:51:09,235 [Worker-46: Building] INFO  o.a.m.s.f.DefaultMavenResourcesFiltering - skip non existing resourceDirectory /Users/karansingh/Desktop/YT_advJava/Spring_YT/MavenFirstProject/src/test/resources
2025-03-24 23:58:47,654 [Worker-49: Building] INFO  o.e.m.c.i.l.LifecycleMappingFactory - Using org.eclipse.m2e.jdt.JarLifecycleMapping lifecycle mapping for MavenProject: in.smrtprg:MavenFirstProject:1.0 @ /Users/karansingh/Desktop/YT_advJava/Spring_YT/MavenFirstProject/pom.xml.
2025-03-24 23:58:47,744 [Worker-49: Building] INFO  o.a.m.s.f.DefaultMavenResourcesFiltering - skip non existing resourceDirectory /Users/karansingh/Desktop/YT_advJava/Spring_YT/MavenFirstProject/src/main/resources
2025-03-24 23:58:47,747 [Worker-49: Building] INFO  o.a.m.s.f.DefaultMavenResourcesFiltering - skip non existing resourceDirectory /Users/karansingh/Desktop/YT_advJava/Spring_YT/MavenFirstProject/src/test/resources
2025-03-25 09:34:55,407 [Worker-25: Building] INFO  o.e.m.c.i.l.LifecycleMappingFactory - Using org.eclipse.m2e.jdt.JarLifecycleMapping lifecycle mapping for MavenProject: in.smrtprg:MavenFirstProject:1.0 @ /Users/karansingh/Desktop/YT_advJava/Spring_YT/MavenFirstProject/pom.xml.
2025-03-25 09:34:55,563 [Worker-25: Building] INFO  o.a.m.s.f.DefaultMavenResourcesFiltering - skip non existing resourceDirectory /Users/karansingh/Desktop/YT_advJava/Spring_YT/MavenFirstProject/src/main/resources
2025-03-25 09:34:55,565 [Worker-25: Building] INFO  o.a.m.s.f.DefaultMavenResourcesFiltering - skip non existing resourceDirectory /Users/karansingh/Desktop/YT_advJava/Spring_YT/MavenFirstProject/src/test/resources
2025-03-25 09:45:45,535 [Worker-25: Building] INFO  o.e.m.c.i.l.LifecycleMappingFactory - Using org.eclipse.m2e.jdt.JarLifecycleMapping lifecycle mapping for MavenProject: in.smrtprg:MavenFirstProject:1.0 @ /Users/karansingh/Desktop/YT_advJava/Spring_YT/MavenFirstProject/pom.xml.
2025-03-25 09:45:45,606 [Worker-25: Building] INFO  o.a.m.s.f.DefaultMavenResourcesFiltering - skip non existing resourceDirectory /Users/karansingh/Desktop/YT_advJava/Spring_YT/MavenFirstProject/src/main/resources
2025-03-25 09:45:45,608 [Worker-25: Building] INFO  o.a.m.s.f.DefaultMavenResourcesFiltering - skip non existing resourceDirectory /Users/karansingh/Desktop/YT_advJava/Spring_YT/MavenFirstProject/src/test/resources
2025-03-25 09:45:54,116 [Worker-24: Building] INFO  o.e.m.c.i.l.LifecycleMappingFactory - Using org.eclipse.m2e.jdt.JarLifecycleMapping lifecycle mapping for MavenProject: in.smrtprg:MavenFirstProject:1.0 @ /Users/karansingh/Desktop/YT_advJava/Spring_YT/MavenFirstProject/pom.xml.
2025-03-25 09:45:54,176 [Worker-24: Building] INFO  o.a.m.s.f.DefaultMavenResourcesFiltering - skip non existing resourceDirectory /Users/karansingh/Desktop/YT_advJava/Spring_YT/MavenFirstProject/src/main/resources
2025-03-25 09:45:54,177 [Worker-24: Building] INFO  o.a.m.s.f.DefaultMavenResourcesFiltering - skip non existing resourceDirectory /Users/karansingh/Desktop/YT_advJava/Spring_YT/MavenFirstProject/src/test/resources
2025-03-25 10:28:46,751 [Worker-16: Building] INFO  o.e.m.c.i.l.LifecycleMappingFactory - Using org.eclipse.m2e.jdt.JarLifecycleMapping lifecycle mapping for MavenProject: in.smrtprg:MavenFirstProject:1.0 @ /Users/karansingh/Desktop/YT_advJava/Spring_YT/MavenFirstProject/pom.xml.
2025-03-25 10:28:46,888 [Worker-16: Building] INFO  o.a.m.s.f.DefaultMavenResourcesFiltering - skip non existing resourceDirectory /Users/karansingh/Desktop/YT_advJava/Spring_YT/MavenFirstProject/src/main/resources
2025-03-25 10:28:46,890 [Worker-16: Building] INFO  o.a.m.s.f.DefaultMavenResourcesFiltering - skip non existing resourceDirectory /Users/karansingh/Desktop/YT_advJava/Spring_YT/MavenFirstProject/src/test/resources
2025-03-25 10:29:06,759 [Worker-8: Updating Maven Project] INFO  o.e.m.c.i.p.ProjectConfigurationManager - Update started
2025-03-25 10:29:06,791 [Worker-8: Updating Maven Project] INFO  o.e.m.c.i.l.LifecycleMappingFactory - Using org.eclipse.m2e.jdt.JarLifecycleMapping lifecycle mapping for MavenProject: in.smrtprg:MavenFirstProject:1.0 @ /Users/karansingh/Desktop/YT_advJava/Spring_YT/MavenFirstProject/pom.xml.
2025-03-25 10:29:06,866 [Worker-8: Updating Maven Project] INFO  o.e.m.j.i.AbstractJavaProjectConfigurator - Adding source folder /MavenFirstProject/src/main/java
2025-03-25 10:29:06,867 [Worker-8: Updating Maven Project] INFO  o.e.m.j.i.AbstractJavaProjectConfigurator - Adding resource folder /MavenFirstProject/src/main/resources
2025-03-25 10:29:06,867 [Worker-8: Updating Maven Project] INFO  o.e.m.j.i.AbstractJavaProjectConfigurator - Adding source folder /MavenFirstProject/src/test/java
2025-03-25 10:29:06,868 [Worker-8: Updating Maven Project] INFO  o.e.m.j.i.AbstractJavaProjectConfigurator - Adding resource folder /MavenFirstProject/src/test/resources
2025-03-25 10:29:06,905 [Worker-8: Updating Maven Project] INFO  o.e.m.c.i.p.ProjectConfigurationManager - Update completed for 1 poms: local refresh takes 0.00 sec, refresh facades takes 0.00 sec, update config takes 0.00 sec 
2025-03-25 10:29:07,287 [Worker-14: Building] INFO  o.a.m.s.f.DefaultMavenResourcesFiltering - skip non existing resourceDirectory /Users/karansingh/Desktop/YT_advJava/Spring_YT/MavenFirstProject/src/main/resources
2025-03-25 10:29:07,289 [Worker-14: Building] INFO  o.a.m.s.f.DefaultMavenResourcesFiltering - skip non existing resourceDirectory /Users/karansingh/Desktop/YT_advJava/Spring_YT/MavenFirstProject/src/test/resources
2025-03-25 10:40:20,293 [Worker-24: Building] INFO  o.a.m.s.f.DefaultMavenResourcesFiltering - skip non existing resourceDirectory /Users/karansingh/Desktop/YT_advJava/Spring_YT/MavenFirstProject/src/main/resources
2025-03-25 10:40:20,296 [Worker-24: Building] INFO  o.a.m.s.f.DefaultMavenResourcesFiltering - skip non existing resourceDirectory /Users/karansingh/Desktop/YT_advJava/Spring_YT/MavenFirstProject/src/test/resources
2025-03-25 10:40:59,970 [Worker-24: Updating Maven Project] INFO  o.e.m.c.i.p.ProjectConfigurationManager - Update started
2025-03-25 10:40:59,996 [Worker-24: Updating Maven Project] INFO  o.e.m.c.i.l.LifecycleMappingFactory - Using org.eclipse.m2e.jdt.JarLifecycleMapping lifecycle mapping for MavenProject: in.smrtprg:MavenFirstProject:1.0 @ /Users/karansingh/Desktop/YT_advJava/Spring_YT/MavenFirstProject/pom.xml.
2025-03-25 10:41:00,020 [Worker-24: Updating Maven Project] INFO  o.e.m.j.i.AbstractJavaProjectConfigurator - Adding source folder /MavenFirstProject/src/main/java
2025-03-25 10:41:00,021 [Worker-24: Updating Maven Project] INFO  o.e.m.j.i.AbstractJavaProjectConfigurator - Adding resource folder /MavenFirstProject/src/main/resources
2025-03-25 10:41:00,021 [Worker-24: Updating Maven Project] INFO  o.e.m.j.i.AbstractJavaProjectConfigurator - Adding source folder /MavenFirstProject/src/test/java
2025-03-25 10:41:00,021 [Worker-24: Updating Maven Project] INFO  o.e.m.j.i.AbstractJavaProjectConfigurator - Adding resource folder /MavenFirstProject/src/test/resources
2025-03-25 10:41:00,040 [Worker-24: Updating Maven Project] INFO  o.e.m.c.i.p.ProjectConfigurationManager - Update completed for 1 poms: local refresh takes 0.00 sec, refresh facades takes 0.00 sec, update config takes 0.00 sec 
2025-03-25 10:41:00,244 [Worker-3: Building] INFO  o.a.m.s.f.DefaultMavenResourcesFiltering - skip non existing resourceDirectory /Users/karansingh/Desktop/YT_advJava/Spring_YT/MavenFirstProject/src/main/resources
2025-03-25 10:41:00,246 [Worker-3: Building] INFO  o.a.m.s.f.DefaultMavenResourcesFiltering - skip non existing resourceDirectory /Users/karansingh/Desktop/YT_advJava/Spring_YT/MavenFirstProject/src/test/resources
2025-03-25 10:41:21,577 [main] INFO  org.eclipse.jetty.server.Server - jetty-12.0.12; built: 2024-07-25T21:58:37.668Z; git: cc6f1b74db755fed228b50701ad967aeaa68e83f; jvm 21.0.5+11-LTS
2025-03-25 10:41:21,586 [main] INFO  o.e.j.server.handler.ContextHandler - Started oejsh.ContextHandler@6832558c{ROOT,/,b=null,a=AVAILABLE,vh=[127.0.0.1],h=oejsh.ResourceHandler@3f62d243{STARTED}}
2025-03-25 10:41:21,591 [main] INFO  o.e.jetty.server.AbstractConnector - Started ServerConnector@6b726b51{HTTP/1.1, (http/1.1)}{0.0.0.0:65079}
2025-03-25 10:41:21,724 [main] INFO  org.eclipse.jetty.server.Server - Started oejs.Server@1c48ad{STARTING}[12.0.12,sto=0] @860255ms
2025-03-25 10:42:52,553 [Worker-25: Building] INFO  o.e.m.c.i.l.LifecycleMappingFactory - Using org.eclipse.m2e.jdt.JarLifecycleMapping lifecycle mapping for MavenProject: in.smrtprg:MavenFirstProject:1.0 @ /Users/karansingh/Desktop/YT_advJava/Spring_YT/MavenFirstProject/pom.xml.
2025-03-25 10:42:52,650 [Worker-25: Building] INFO  o.a.m.s.f.DefaultMavenResourcesFiltering - skip non existing resourceDirectory /Users/karansingh/Desktop/YT_advJava/Spring_YT/MavenFirstProject/src/main/resources
2025-03-25 10:42:52,655 [Worker-25: Building] INFO  o.a.m.s.f.DefaultMavenResourcesFiltering - skip non existing resourceDirectory /Users/karansingh/Desktop/YT_advJava/Spring_YT/MavenFirstProject/src/test/resources
2025-03-25 10:43:00,051 [Worker-24: Building] INFO  o.e.m.c.i.l.LifecycleMappingFactory - Using org.eclipse.m2e.jdt.JarLifecycleMapping lifecycle mapping for MavenProject: in.smrtprg:MavenFirstProject:1.0 @ /Users/karansingh/Desktop/YT_advJava/Spring_YT/MavenFirstProject/pom.xml.
2025-03-25 10:43:00,162 [Worker-24: Building] INFO  o.e.m.c.i.e.AbstractTransferListenerAdapter - Downloading https://repo.maven.apache.org/maven2/org/springframework/spring-context/6.2.3/spring-context-6.2.3.pom
2025-03-25 10:43:00,165 [Worker-24: Building] INFO  o.e.m.c.i.e.AbstractTransferListenerAdapter - Downloaded https://repo.maven.apache.org/maven2/org/springframework/spring-context/6.2.3/spring-context-6.2.3.pom
2025-03-25 10:43:00,206 [Worker-24: Building] INFO  o.e.m.c.i.e.AbstractTransferListenerAdapter - Downloading https://repo.maven.apache.org/maven2/org/springframework/spring-aop/6.2.3/spring-aop-6.2.3.pom
2025-03-25 10:43:00,208 [Worker-24: Building] INFO  o.e.m.c.i.e.AbstractTransferListenerAdapter - Downloaded https://repo.maven.apache.org/maven2/org/springframework/spring-aop/6.2.3/spring-aop-6.2.3.pom
2025-03-25 10:43:00,219 [Worker-24: Building] INFO  o.e.m.c.i.e.AbstractTransferListenerAdapter - Downloading https://repo.maven.apache.org/maven2/org/springframework/spring-beans/6.2.3/spring-beans-6.2.3.pom
2025-03-25 10:43:00,220 [Worker-24: Building] INFO  o.e.m.c.i.e.AbstractTransferListenerAdapter - Downloaded https://repo.maven.apache.org/maven2/org/springframework/spring-beans/6.2.3/spring-beans-6.2.3.pom
2025-03-25 10:43:00,232 [Worker-24: Building] INFO  o.e.m.c.i.e.AbstractTransferListenerAdapter - Downloading https://repo.maven.apache.org/maven2/org/springframework/spring-core/6.2.3/spring-core-6.2.3.pom
2025-03-25 10:43:00,234 [Worker-24: Building] INFO  o.e.m.c.i.e.AbstractTransferListenerAdapter - Downloaded https://repo.maven.apache.org/maven2/org/springframework/spring-core/6.2.3/spring-core-6.2.3.pom
2025-03-25 10:43:00,245 [Worker-24: Building] INFO  o.e.m.c.i.e.AbstractTransferListenerAdapter - Downloading https://repo.maven.apache.org/maven2/org/springframework/spring-jcl/6.2.3/spring-jcl-6.2.3.pom
2025-03-25 10:43:00,246 [Worker-24: Building] INFO  o.e.m.c.i.e.AbstractTransferListenerAdapter - Downloaded https://repo.maven.apache.org/maven2/org/springframework/spring-jcl/6.2.3/spring-jcl-6.2.3.pom
2025-03-25 10:43:00,257 [Worker-24: Building] INFO  o.e.m.c.i.e.AbstractTransferListenerAdapter - Downloading https://repo.maven.apache.org/maven2/org/springframework/spring-expression/6.2.3/spring-expression-6.2.3.pom
2025-03-25 10:43:00,258 [Worker-24: Building] INFO  o.e.m.c.i.e.AbstractTransferListenerAdapter - Downloaded https://repo.maven.apache.org/maven2/org/springframework/spring-expression/6.2.3/spring-expression-6.2.3.pom
2025-03-25 10:43:00,269 [Worker-24: Building] INFO  o.e.m.c.i.e.AbstractTransferListenerAdapter - Downloading https://repo.maven.apache.org/maven2/io/micrometer/micrometer-observation/1.14.4/micrometer-observation-1.14.4.pom
2025-03-25 10:43:00,270 [Worker-24: Building] INFO  o.e.m.c.i.e.AbstractTransferListenerAdapter - Downloaded https://repo.maven.apache.org/maven2/io/micrometer/micrometer-observation/1.14.4/micrometer-observation-1.14.4.pom
2025-03-25 10:43:00,279 [Worker-24: Building] INFO  o.e.m.c.i.e.AbstractTransferListenerAdapter - Downloading https://repo.maven.apache.org/maven2/io/micrometer/micrometer-commons/1.14.4/micrometer-commons-1.14.4.pom
2025-03-25 10:43:00,280 [Worker-24: Building] INFO  o.e.m.c.i.e.AbstractTransferListenerAdapter - Downloaded https://repo.maven.apache.org/maven2/io/micrometer/micrometer-commons/1.14.4/micrometer-commons-1.14.4.pom
2025-03-25 10:43:00,290 [Worker-24: Building] INFO  o.e.m.c.i.e.AbstractTransferListenerAdapter - Downloading https://repo.maven.apache.org/maven2/org/springframework/spring-context/6.2.3/spring-context-6.2.3.jar
2025-03-25 10:43:00,419 [Worker-24: Building] INFO  o.e.m.c.i.e.AbstractTransferListenerAdapter - Downloaded https://repo.maven.apache.org/maven2/org/springframework/spring-context/6.2.3/spring-context-6.2.3.jar
2025-03-25 10:43:00,428 [BasicRepositoryConnector-repo.maven.apache.org-0-1] INFO  o.e.m.c.i.e.AbstractTransferListenerAdapter - Downloading https://repo.maven.apache.org/maven2/org/springframework/spring-beans/6.2.3/spring-beans-6.2.3.jar
2025-03-25 10:43:00,465 [BasicRepositoryConnector-repo.maven.apache.org-0-2] INFO  o.e.m.c.i.e.AbstractTransferListenerAdapter - Downloading https://repo.maven.apache.org/maven2/org/springframework/spring-core/6.2.3/spring-core-6.2.3.jar
2025-03-25 10:43:00,488 [BasicRepositoryConnector-repo.maven.apache.org-0-0] INFO  o.e.m.c.i.e.AbstractTransferListenerAdapter - Downloading https://repo.maven.apache.org/maven2/org/springframework/spring-aop/6.2.3/spring-aop-6.2.3.jar
2025-03-25 10:43:00,545 [BasicRepositoryConnector-repo.maven.apache.org-0-1] INFO  o.e.m.c.i.e.AbstractTransferListenerAdapter - Downloaded https://repo.maven.apache.org/maven2/org/springframework/spring-beans/6.2.3/spring-beans-6.2.3.jar
2025-03-25 10:43:00,565 [BasicRepositoryConnector-repo.maven.apache.org-0-1] INFO  o.e.m.c.i.e.AbstractTransferListenerAdapter - Downloading https://repo.maven.apache.org/maven2/io/micrometer/micrometer-observation/1.14.4/micrometer-observation-1.14.4.jar
2025-03-25 10:43:00,589 [BasicRepositoryConnector-repo.maven.apache.org-0-1] INFO  o.e.m.c.i.e.AbstractTransferListenerAdapter - Downloaded https://repo.maven.apache.org/maven2/io/micrometer/micrometer-observation/1.14.4/micrometer-observation-1.14.4.jar
2025-03-25 10:43:00,601 [BasicRepositoryConnector-repo.maven.apache.org-0-1] INFO  o.e.m.c.i.e.AbstractTransferListenerAdapter - Downloading https://repo.maven.apache.org/maven2/io/micrometer/micrometer-commons/1.14.4/micrometer-commons-1.14.4.jar
2025-03-25 10:43:00,613 [BasicRepositoryConnector-repo.maven.apache.org-0-1] INFO  o.e.m.c.i.e.AbstractTransferListenerAdapter - Downloaded https://repo.maven.apache.org/maven2/io/micrometer/micrometer-commons/1.14.4/micrometer-commons-1.14.4.jar
2025-03-25 10:43:00,690 [BasicRepositoryConnector-repo.maven.apache.org-0-0] INFO  o.e.m.c.i.e.AbstractTransferListenerAdapter - Downloaded https://repo.maven.apache.org/maven2/org/springframework/spring-aop/6.2.3/spring-aop-6.2.3.jar
2025-03-25 10:43:01,047 [BasicRepositoryConnector-repo.maven.apache.org-0-2] INFO  o.e.m.c.i.e.AbstractTransferListenerAdapter - Downloaded https://repo.maven.apache.org/maven2/org/springframework/spring-core/6.2.3/spring-core-6.2.3.jar
2025-03-25 10:43:01,479 [BasicRepositoryConnector-repo.maven.apache.org-0-3] INFO  o.e.m.c.i.e.AbstractTransferListenerAdapter - Downloading https://repo.maven.apache.org/maven2/org/springframework/spring-jcl/6.2.3/spring-jcl-6.2.3.jar
2025-03-25 10:43:01,487 [BasicRepositoryConnector-repo.maven.apache.org-0-3] INFO  o.e.m.c.i.e.AbstractTransferListenerAdapter - Downloaded https://repo.maven.apache.org/maven2/org/springframework/spring-jcl/6.2.3/spring-jcl-6.2.3.jar
2025-03-25 10:43:10,529 [BasicRepositoryConnector-repo.maven.apache.org-0-4] INFO  o.e.m.c.i.e.AbstractTransferListenerAdapter - Downloading https://repo.maven.apache.org/maven2/org/springframework/spring-expression/6.2.3/spring-expression-6.2.3.jar
2025-03-25 10:43:10,564 [BasicRepositoryConnector-repo.maven.apache.org-0-4] INFO  o.e.m.c.i.e.AbstractTransferListenerAdapter - Downloaded https://repo.maven.apache.org/maven2/org/springframework/spring-expression/6.2.3/spring-expression-6.2.3.jar
2025-03-25 10:43:10,625 [Worker-24: Building] INFO  o.a.m.s.f.DefaultMavenResourcesFiltering - skip non existing resourceDirectory /Users/karansingh/Desktop/YT_advJava/Spring_YT/MavenFirstProject/src/main/resources
2025-03-25 10:43:10,629 [Worker-24: Building] INFO  o.a.m.s.f.DefaultMavenResourcesFiltering - skip non existing resourceDirectory /Users/karansingh/Desktop/YT_advJava/Spring_YT/MavenFirstProject/src/test/resources
2025-03-25 10:43:10,803 [Worker-26: Building] INFO  o.a.m.s.f.DefaultMavenResourcesFiltering - skip non existing resourceDirectory /Users/karansingh/Desktop/YT_advJava/Spring_YT/MavenFirstProject/src/main/resources
2025-03-25 10:43:10,803 [Worker-26: Building] INFO  o.a.m.s.f.DefaultMavenResourcesFiltering - skip non existing resourceDirectory /Users/karansingh/Desktop/YT_advJava/Spring_YT/MavenFirstProject/src/test/resources
2025-03-25 10:43:11,617 [Worker-25: Download sources and javadoc] INFO  o.e.m.c.i.e.AbstractTransferListenerAdapter - Downloading https://repo.maven.apache.org/maven2/org/springframework/spring-context/6.2.3/spring-context-6.2.3-sources.jar
2025-03-25 10:43:11,725 [Worker-25: Download sources and javadoc] INFO  o.e.m.c.i.e.AbstractTransferListenerAdapter - Downloaded https://repo.maven.apache.org/maven2/org/springframework/spring-context/6.2.3/spring-context-6.2.3-sources.jar
2025-03-25 10:43:11,726 [Worker-25: Download sources and javadoc] INFO  o.e.m.j.internal.DownloadSourcesJob - Downloaded sources for org.springframework:spring-context:6.2.3
2025-03-25 10:43:11,753 [Worker-25: Download sources and javadoc] INFO  o.e.m.c.i.e.AbstractTransferListenerAdapter - Downloading https://repo.maven.apache.org/maven2/org/springframework/spring-aop/6.2.3/spring-aop-6.2.3-sources.jar
2025-03-25 10:43:11,788 [Worker-25: Download sources and javadoc] INFO  o.e.m.c.i.e.AbstractTransferListenerAdapter - Downloaded https://repo.maven.apache.org/maven2/org/springframework/spring-aop/6.2.3/spring-aop-6.2.3-sources.jar
2025-03-25 10:43:11,789 [Worker-25: Download sources and javadoc] INFO  o.e.m.j.internal.DownloadSourcesJob - Downloaded sources for org.springframework:spring-aop:6.2.3
2025-03-25 10:43:11,817 [Worker-25: Download sources and javadoc] INFO  o.e.m.c.i.e.AbstractTransferListenerAdapter - Downloading https://repo.maven.apache.org/maven2/org/springframework/spring-beans/6.2.3/spring-beans-6.2.3-sources.jar
2025-03-25 10:43:11,907 [Worker-25: Download sources and javadoc] INFO  o.e.m.c.i.e.AbstractTransferListenerAdapter - Downloaded https://repo.maven.apache.org/maven2/org/springframework/spring-beans/6.2.3/spring-beans-6.2.3-sources.jar
2025-03-25 10:43:11,908 [Worker-25: Download sources and javadoc] INFO  o.e.m.j.internal.DownloadSourcesJob - Downloaded sources for org.springframework:spring-beans:6.2.3
2025-03-25 10:43:11,935 [Worker-25: Download sources and javadoc] INFO  o.e.m.c.i.e.AbstractTransferListenerAdapter - Downloading https://repo.maven.apache.org/maven2/org/springframework/spring-core/6.2.3/spring-core-6.2.3-sources.jar
2025-03-25 10:43:12,095 [Worker-25: Download sources and javadoc] INFO  o.e.m.c.i.e.AbstractTransferListenerAdapter - Downloaded https://repo.maven.apache.org/maven2/org/springframework/spring-core/6.2.3/spring-core-6.2.3-sources.jar
2025-03-25 10:43:12,096 [Worker-25: Download sources and javadoc] INFO  o.e.m.j.internal.DownloadSourcesJob - Downloaded sources for org.springframework:spring-core:6.2.3
2025-03-25 10:43:12,124 [Worker-25: Download sources and javadoc] INFO  o.e.m.c.i.e.AbstractTransferListenerAdapter - Downloading https://repo.maven.apache.org/maven2/org/springframework/spring-jcl/6.2.3/spring-jcl-6.2.3-sources.jar
2025-03-25 10:43:12,125 [Worker-25: Download sources and javadoc] INFO  o.e.m.c.i.e.AbstractTransferListenerAdapter - Downloaded https://repo.maven.apache.org/maven2/org/springframework/spring-jcl/6.2.3/spring-jcl-6.2.3-sources.jar
2025-03-25 10:43:12,126 [Worker-25: Download sources and javadoc] INFO  o.e.m.j.internal.DownloadSourcesJob - Downloaded sources for org.springframework:spring-jcl:6.2.3
2025-03-25 10:43:12,151 [Worker-25: Download sources and javadoc] INFO  o.e.m.c.i.e.AbstractTransferListenerAdapter - Downloading https://repo.maven.apache.org/maven2/org/springframework/spring-expression/6.2.3/spring-expression-6.2.3-sources.jar
2025-03-25 10:43:12,200 [Worker-25: Download sources and javadoc] INFO  o.e.m.c.i.e.AbstractTransferListenerAdapter - Downloaded https://repo.maven.apache.org/maven2/org/springframework/spring-expression/6.2.3/spring-expression-6.2.3-sources.jar
2025-03-25 10:43:12,201 [Worker-25: Download sources and javadoc] INFO  o.e.m.j.internal.DownloadSourcesJob - Downloaded sources for org.springframework:spring-expression:6.2.3
2025-03-25 10:43:12,257 [Worker-25: Download sources and javadoc] INFO  o.e.m.c.i.e.AbstractTransferListenerAdapter - Downloading https://repo.maven.apache.org/maven2/io/micrometer/micrometer-observation/1.14.4/micrometer-observation-1.14.4-sources.jar
2025-03-25 10:43:12,277 [Worker-25: Download sources and javadoc] INFO  o.e.m.c.i.e.AbstractTransferListenerAdapter - Downloaded https://repo.maven.apache.org/maven2/io/micrometer/micrometer-observation/1.14.4/micrometer-observation-1.14.4-sources.jar
2025-03-25 10:43:12,278 [Worker-25: Download sources and javadoc] INFO  o.e.m.j.internal.DownloadSourcesJob - Downloaded sources for io.micrometer:micrometer-observation:1.14.4
2025-03-25 10:43:12,342 [Worker-25: Download sources and javadoc] INFO  o.e.m.c.i.e.AbstractTransferListenerAdapter - Downloading https://repo.maven.apache.org/maven2/io/micrometer/micrometer-commons/1.14.4/micrometer-commons-1.14.4-sources.jar
2025-03-25 10:43:12,362 [Worker-25: Download sources and javadoc] INFO  o.e.m.c.i.e.AbstractTransferListenerAdapter - Downloaded https://repo.maven.apache.org/maven2/io/micrometer/micrometer-commons/1.14.4/micrometer-commons-1.14.4-sources.jar
2025-03-25 10:43:12,363 [Worker-25: Download sources and javadoc] INFO  o.e.m.j.internal.DownloadSourcesJob - Downloaded sources for io.micrometer:micrometer-commons:1.14.4
2025-03-25 10:43:52,532 [Worker-3: Updating Maven Project] INFO  o.e.m.c.i.p.ProjectConfigurationManager - Update started
2025-03-25 10:43:52,560 [Worker-3: Updating Maven Project] INFO  o.e.m.c.i.l.LifecycleMappingFactory - Using org.eclipse.m2e.jdt.JarLifecycleMapping lifecycle mapping for MavenProject: in.smrtprg:MavenFirstProject:1.0 @ /Users/karansingh/Desktop/YT_advJava/Spring_YT/MavenFirstProject/pom.xml.
2025-03-25 10:43:52,596 [Worker-3: Updating Maven Project] INFO  o.e.m.j.i.AbstractJavaProjectConfigurator - Adding source folder /MavenFirstProject/src/main/java
2025-03-25 10:43:52,596 [Worker-3: Updating Maven Project] INFO  o.e.m.j.i.AbstractJavaProjectConfigurator - Adding resource folder /MavenFirstProject/src/main/resources
2025-03-25 10:43:52,596 [Worker-3: Updating Maven Project] INFO  o.e.m.j.i.AbstractJavaProjectConfigurator - Adding source folder /MavenFirstProject/src/test/java
2025-03-25 10:43:52,596 [Worker-3: Updating Maven Project] INFO  o.e.m.j.i.AbstractJavaProjectConfigurator - Adding resource folder /MavenFirstProject/src/test/resources
2025-03-25 10:43:52,615 [Worker-3: Updating Maven Project] INFO  o.e.m.c.i.p.ProjectConfigurationManager - Update completed for 1 poms: local refresh takes 0.00 sec, refresh facades takes 0.00 sec, update config takes 0.00 sec 
2025-03-25 10:43:52,785 [Worker-26: Building] INFO  o.a.m.s.f.DefaultMavenResourcesFiltering - skip non existing resourceDirectory /Users/karansingh/Desktop/YT_advJava/Spring_YT/MavenFirstProject/src/main/resources
2025-03-25 10:43:52,787 [Worker-26: Building] INFO  o.a.m.s.f.DefaultMavenResourcesFiltering - skip non existing resourceDirectory /Users/karansingh/Desktop/YT_advJava/Spring_YT/MavenFirstProject/src/test/resources
2025-03-25 11:53:13,144 [Worker-30: Building] INFO  o.a.m.s.f.DefaultMavenResourcesFiltering - skip non existing resourceDirectory /Users/karansingh/Desktop/YT_advJava/Spring_YT/MavenFirstProject/src/main/resources
2025-03-25 11:53:13,147 [Worker-30: Building] INFO  o.a.m.s.f.DefaultMavenResourcesFiltering - skip non existing resourceDirectory /Users/karansingh/Desktop/YT_advJava/Spring_YT/MavenFirstProject/src/test/resources
2025-03-25 11:56:11,785 [Worker-33: Building] INFO  o.a.m.s.f.DefaultMavenResourcesFiltering - skip non existing resourceDirectory /Users/karansingh/Desktop/YT_advJava/Spring_YT/MavenFirstProject/src/main/resources
2025-03-25 11:56:11,786 [Worker-33: Building] INFO  o.a.m.s.f.DefaultMavenResourcesFiltering - skip non existing resourceDirectory /Users/karansingh/Desktop/YT_advJava/Spring_YT/MavenFirstProject/src/test/resources
2025-03-25 12:36:34,535 [Worker-36: Building] INFO  o.a.m.s.f.DefaultMavenResourcesFiltering - skip non existing resourceDirectory /Users/karansingh/Desktop/YT_advJava/Spring_YT/MavenFirstProject/src/main/resources
2025-03-25 12:36:34,536 [Worker-36: Building] INFO  o.a.m.s.f.DefaultMavenResourcesFiltering - skip non existing resourceDirectory /Users/karansingh/Desktop/YT_advJava/Spring_YT/MavenFirstProject/src/test/resources
2025-03-25 12:36:48,053 [Worker-38: Building] INFO  o.a.m.s.f.DefaultMavenResourcesFiltering - skip non existing resourceDirectory /Users/karansingh/Desktop/YT_advJava/Spring_YT/MavenFirstProject/src/main/resources
2025-03-25 12:36:48,055 [Worker-38: Building] INFO  o.a.m.s.f.DefaultMavenResourcesFiltering - skip non existing resourceDirectory /Users/karansingh/Desktop/YT_advJava/Spring_YT/MavenFirstProject/src/test/resources
2025-03-25 12:37:08,014 [Worker-24: Building] INFO  o.a.m.s.f.DefaultMavenResourcesFiltering - skip non existing resourceDirectory /Users/karansingh/Desktop/YT_advJava/Spring_YT/MavenFirstProject/src/main/resources
2025-03-25 12:37:08,015 [Worker-24: Building] INFO  o.a.m.s.f.DefaultMavenResourcesFiltering - skip non existing resourceDirectory /Users/karansingh/Desktop/YT_advJava/Spring_YT/MavenFirstProject/src/test/resources
2025-03-25 12:37:16,301 [Worker-40: Building] INFO  o.a.m.s.f.DefaultMavenResourcesFiltering - skip non existing resourceDirectory /Users/karansingh/Desktop/YT_advJava/Spring_YT/MavenFirstProject/src/main/resources
2025-03-25 12:37:16,302 [Worker-40: Building] INFO  o.a.m.s.f.DefaultMavenResourcesFiltering - skip non existing resourceDirectory /Users/karansingh/Desktop/YT_advJava/Spring_YT/MavenFirstProject/src/test/resources
2025-03-25 12:37:26,622 [Worker-38: Building] INFO  o.a.m.s.f.DefaultMavenResourcesFiltering - skip non existing resourceDirectory /Users/karansingh/Desktop/YT_advJava/Spring_YT/MavenFirstProject/src/main/resources
2025-03-25 12:37:26,623 [Worker-38: Building] INFO  o.a.m.s.f.DefaultMavenResourcesFiltering - skip non existing resourceDirectory /Users/karansingh/Desktop/YT_advJava/Spring_YT/MavenFirstProject/src/test/resources
2025-03-25 12:38:09,748 [Worker-39: Building] INFO  o.a.m.s.f.DefaultMavenResourcesFiltering - skip non existing resourceDirectory /Users/karansingh/Desktop/YT_advJava/Spring_YT/MavenFirstProject/src/main/resources
2025-03-25 12:38:09,749 [Worker-39: Building] INFO  o.a.m.s.f.DefaultMavenResourcesFiltering - skip non existing resourceDirectory /Users/karansingh/Desktop/YT_advJava/Spring_YT/MavenFirstProject/src/test/resources
2025-03-25 12:38:45,739 [Worker-36: Building] INFO  o.a.m.s.f.DefaultMavenResourcesFiltering - skip non existing resourceDirectory /Users/karansingh/Desktop/YT_advJava/Spring_YT/MavenFirstProject/src/main/resources
2025-03-25 12:38:45,740 [Worker-36: Building] INFO  o.a.m.s.f.DefaultMavenResourcesFiltering - skip non existing resourceDirectory /Users/karansingh/Desktop/YT_advJava/Spring_YT/MavenFirstProject/src/test/resources
2025-03-25 12:45:58,186 [Worker-37: Launching App] INFO  o.a.m.s.f.DefaultMavenResourcesFiltering - skip non existing resourceDirectory /Users/karansingh/Desktop/YT_advJava/Spring_YT/MavenFirstProject/src/main/resources
2025-03-25 12:45:58,188 [Worker-37: Launching App] INFO  o.a.m.s.f.DefaultMavenResourcesFiltering - skip non existing resourceDirectory /Users/karansingh/Desktop/YT_advJava/Spring_YT/MavenFirstProject/src/test/resources
2025-03-25 13:17:09,583 [Worker-48: Launching mavenrun-68ec86f7-247c-4987-9491-2f3dfd54a49a] INFO  o.eclipse.m2e.core.internal.Bundles - getClasspathEntries(Bundle=org.eclipse.m2e.maven.runtime_3.9.900.20240824-1409 [1613])
2025-03-25 13:17:09,586 [Worker-48: Launching mavenrun-68ec86f7-247c-4987-9491-2f3dfd54a49a] INFO  o.eclipse.m2e.core.internal.Bundles - 	Entry: /Applications/Eclipse.app/Contents/Eclipse/plugins/org.eclipse.m2e.maven.runtime_3.9.900.20240824-1409
2025-03-25 13:17:09,586 [Worker-48: Launching mavenrun-68ec86f7-247c-4987-9491-2f3dfd54a49a] INFO  o.eclipse.m2e.core.internal.Bundles - 	Entry: /Applications/Eclipse.app/Contents/Eclipse/plugins/org.eclipse.m2e.maven.runtime_3.9.900.20240824-1409/jars/aopalliance-1.0.jar
2025-03-25 13:17:09,586 [Worker-48: Launching mavenrun-68ec86f7-247c-4987-9491-2f3dfd54a49a] INFO  o.eclipse.m2e.core.internal.Bundles - 	Entry: /Applications/Eclipse.app/Contents/Eclipse/plugins/org.eclipse.m2e.maven.runtime_3.9.900.20240824-1409/jars/guice-5.1.0.jar
2025-03-25 13:17:09,586 [Worker-48: Launching mavenrun-68ec86f7-247c-4987-9491-2f3dfd54a49a] INFO  o.eclipse.m2e.core.internal.Bundles - 	Entry: /Applications/Eclipse.app/Contents/Eclipse/plugins/org.eclipse.m2e.maven.runtime_3.9.900.20240824-1409/jars/httpclient-4.5.14.jar
2025-03-25 13:17:09,586 [Worker-48: Launching mavenrun-68ec86f7-247c-4987-9491-2f3dfd54a49a] INFO  o.eclipse.m2e.core.internal.Bundles - 	Entry: /Applications/Eclipse.app/Contents/Eclipse/plugins/org.eclipse.m2e.maven.runtime_3.9.900.20240824-1409/jars/httpcore-4.4.16.jar
2025-03-25 13:17:09,587 [Worker-48: Launching mavenrun-68ec86f7-247c-4987-9491-2f3dfd54a49a] INFO  o.eclipse.m2e.core.internal.Bundles - 	Entry: /Applications/Eclipse.app/Contents/Eclipse/plugins/org.eclipse.m2e.maven.runtime_3.9.900.20240824-1409/jars/jansi-2.4.1.jar
2025-03-25 13:17:09,587 [Worker-48: Launching mavenrun-68ec86f7-247c-4987-9491-2f3dfd54a49a] INFO  o.eclipse.m2e.core.internal.Bundles - 	Entry: /Applications/Eclipse.app/Contents/Eclipse/plugins/org.eclipse.m2e.maven.runtime_3.9.900.20240824-1409/jars/jcl-over-slf4j-1.7.36.jar
2025-03-25 13:17:09,587 [Worker-48: Launching mavenrun-68ec86f7-247c-4987-9491-2f3dfd54a49a] INFO  o.eclipse.m2e.core.internal.Bundles - 	Entry: /Applications/Eclipse.app/Contents/Eclipse/plugins/org.eclipse.m2e.maven.runtime_3.9.900.20240824-1409/jars/maven-artifact-3.9.9.jar
2025-03-25 13:17:09,587 [Worker-48: Launching mavenrun-68ec86f7-247c-4987-9491-2f3dfd54a49a] INFO  o.eclipse.m2e.core.internal.Bundles - 	Entry: /Applications/Eclipse.app/Contents/Eclipse/plugins/org.eclipse.m2e.maven.runtime_3.9.900.20240824-1409/jars/maven-builder-support-3.9.9.jar
2025-03-25 13:17:09,587 [Worker-48: Launching mavenrun-68ec86f7-247c-4987-9491-2f3dfd54a49a] INFO  o.eclipse.m2e.core.internal.Bundles - 	Entry: /Applications/Eclipse.app/Contents/Eclipse/plugins/org.eclipse.m2e.maven.runtime_3.9.900.20240824-1409/jars/maven-compat-3.9.9.jar
2025-03-25 13:17:09,587 [Worker-48: Launching mavenrun-68ec86f7-247c-4987-9491-2f3dfd54a49a] INFO  o.eclipse.m2e.core.internal.Bundles - 	Entry: /Applications/Eclipse.app/Contents/Eclipse/plugins/org.eclipse.m2e.maven.runtime_3.9.900.20240824-1409/jars/maven-core-3.9.9.jar
2025-03-25 13:17:09,587 [Worker-48: Launching mavenrun-68ec86f7-247c-4987-9491-2f3dfd54a49a] INFO  o.eclipse.m2e.core.internal.Bundles - 	Entry: /Applications/Eclipse.app/Contents/Eclipse/plugins/org.eclipse.m2e.maven.runtime_3.9.900.20240824-1409/jars/maven-embedder-3.9.9.jar
2025-03-25 13:17:09,587 [Worker-48: Launching mavenrun-68ec86f7-247c-4987-9491-2f3dfd54a49a] INFO  o.eclipse.m2e.core.internal.Bundles - 	Entry: /Applications/Eclipse.app/Contents/Eclipse/plugins/org.eclipse.m2e.maven.runtime_3.9.900.20240824-1409/jars/maven-model-3.9.9.jar
2025-03-25 13:17:09,587 [Worker-48: Launching mavenrun-68ec86f7-247c-4987-9491-2f3dfd54a49a] INFO  o.eclipse.m2e.core.internal.Bundles - 	Entry: /Applications/Eclipse.app/Contents/Eclipse/plugins/org.eclipse.m2e.maven.runtime_3.9.900.20240824-1409/jars/maven-model-builder-3.9.9.jar
2025-03-25 13:17:09,587 [Worker-48: Launching mavenrun-68ec86f7-247c-4987-9491-2f3dfd54a49a] INFO  o.eclipse.m2e.core.internal.Bundles - 	Entry: /Applications/Eclipse.app/Contents/Eclipse/plugins/org.eclipse.m2e.maven.runtime_3.9.900.20240824-1409/jars/maven-plugin-api-3.9.9.jar
2025-03-25 13:17:09,588 [Worker-48: Launching mavenrun-68ec86f7-247c-4987-9491-2f3dfd54a49a] INFO  o.eclipse.m2e.core.internal.Bundles - 	Entry: /Applications/Eclipse.app/Contents/Eclipse/plugins/org.eclipse.m2e.maven.runtime_3.9.900.20240824-1409/jars/maven-repository-metadata-3.9.9.jar
2025-03-25 13:17:09,588 [Worker-48: Launching mavenrun-68ec86f7-247c-4987-9491-2f3dfd54a49a] INFO  o.eclipse.m2e.core.internal.Bundles - 	Entry: /Applications/Eclipse.app/Contents/Eclipse/plugins/org.eclipse.m2e.maven.runtime_3.9.900.20240824-1409/jars/maven-resolver-api-1.9.22.jar
2025-03-25 13:17:09,588 [Worker-48: Launching mavenrun-68ec86f7-247c-4987-9491-2f3dfd54a49a] INFO  o.eclipse.m2e.core.internal.Bundles - 	Entry: /Applications/Eclipse.app/Contents/Eclipse/plugins/org.eclipse.m2e.maven.runtime_3.9.900.20240824-1409/jars/maven-resolver-connector-basic-1.9.22.jar
2025-03-25 13:17:09,588 [Worker-48: Launching mavenrun-68ec86f7-247c-4987-9491-2f3dfd54a49a] INFO  o.eclipse.m2e.core.internal.Bundles - 	Entry: /Applications/Eclipse.app/Contents/Eclipse/plugins/org.eclipse.m2e.maven.runtime_3.9.900.20240824-1409/jars/maven-resolver-impl-1.9.22.jar
2025-03-25 13:17:09,588 [Worker-48: Launching mavenrun-68ec86f7-247c-4987-9491-2f3dfd54a49a] INFO  o.eclipse.m2e.core.internal.Bundles - 	Entry: /Applications/Eclipse.app/Contents/Eclipse/plugins/org.eclipse.m2e.maven.runtime_3.9.900.20240824-1409/jars/maven-resolver-named-locks-1.9.22.jar
2025-03-25 13:17:09,588 [Worker-48: Launching mavenrun-68ec86f7-247c-4987-9491-2f3dfd54a49a] INFO  o.eclipse.m2e.core.internal.Bundles - 	Entry: /Applications/Eclipse.app/Contents/Eclipse/plugins/org.eclipse.m2e.maven.runtime_3.9.900.20240824-1409/jars/maven-resolver-provider-3.9.9.jar
2025-03-25 13:17:09,588 [Worker-48: Launching mavenrun-68ec86f7-247c-4987-9491-2f3dfd54a49a] INFO  o.eclipse.m2e.core.internal.Bundles - 	Entry: /Applications/Eclipse.app/Contents/Eclipse/plugins/org.eclipse.m2e.maven.runtime_3.9.900.20240824-1409/jars/maven-resolver-spi-1.9.22.jar
2025-03-25 13:17:09,588 [Worker-48: Launching mavenrun-68ec86f7-247c-4987-9491-2f3dfd54a49a] INFO  o.eclipse.m2e.core.internal.Bundles - 	Entry: /Applications/Eclipse.app/Contents/Eclipse/plugins/org.eclipse.m2e.maven.runtime_3.9.900.20240824-1409/jars/maven-resolver-transport-file-1.9.22.jar
2025-03-25 13:17:09,588 [Worker-48: Launching mavenrun-68ec86f7-247c-4987-9491-2f3dfd54a49a] INFO  o.eclipse.m2e.core.internal.Bundles - 	Entry: /Applications/Eclipse.app/Contents/Eclipse/plugins/org.eclipse.m2e.maven.runtime_3.9.900.20240824-1409/jars/maven-resolver-transport-http-1.9.22.jar
2025-03-25 13:17:09,588 [Worker-48: Launching mavenrun-68ec86f7-247c-4987-9491-2f3dfd54a49a] INFO  o.eclipse.m2e.core.internal.Bundles - 	Entry: /Applications/Eclipse.app/Contents/Eclipse/plugins/org.eclipse.m2e.maven.runtime_3.9.900.20240824-1409/jars/maven-resolver-transport-wagon-1.9.22.jar
2025-03-25 13:17:09,588 [Worker-48: Launching mavenrun-68ec86f7-247c-4987-9491-2f3dfd54a49a] INFO  o.eclipse.m2e.core.internal.Bundles - 	Entry: /Applications/Eclipse.app/Contents/Eclipse/plugins/org.eclipse.m2e.maven.runtime_3.9.900.20240824-1409/jars/maven-resolver-util-1.9.22.jar
2025-03-25 13:17:09,588 [Worker-48: Launching mavenrun-68ec86f7-247c-4987-9491-2f3dfd54a49a] INFO  o.eclipse.m2e.core.internal.Bundles - 	Entry: /Applications/Eclipse.app/Contents/Eclipse/plugins/org.eclipse.m2e.maven.runtime_3.9.900.20240824-1409/jars/maven-settings-3.9.9.jar
2025-03-25 13:17:09,588 [Worker-48: Launching mavenrun-68ec86f7-247c-4987-9491-2f3dfd54a49a] INFO  o.eclipse.m2e.core.internal.Bundles - 	Entry: /Applications/Eclipse.app/Contents/Eclipse/plugins/org.eclipse.m2e.maven.runtime_3.9.900.20240824-1409/jars/maven-settings-builder-3.9.9.jar
2025-03-25 13:17:09,588 [Worker-48: Launching mavenrun-68ec86f7-247c-4987-9491-2f3dfd54a49a] INFO  o.eclipse.m2e.core.internal.Bundles - 	Entry: /Applications/Eclipse.app/Contents/Eclipse/plugins/org.eclipse.m2e.maven.runtime_3.9.900.20240824-1409/jars/maven-shared-utils-3.4.2.jar
2025-03-25 13:17:09,588 [Worker-48: Launching mavenrun-68ec86f7-247c-4987-9491-2f3dfd54a49a] INFO  o.eclipse.m2e.core.internal.Bundles - 	Entry: /Applications/Eclipse.app/Contents/Eclipse/plugins/org.eclipse.m2e.maven.runtime_3.9.900.20240824-1409/jars/org.eclipse.sisu.inject-0.9.0.M3.jar
2025-03-25 13:17:09,588 [Worker-48: Launching mavenrun-68ec86f7-247c-4987-9491-2f3dfd54a49a] INFO  o.eclipse.m2e.core.internal.Bundles - 	Entry: /Applications/Eclipse.app/Contents/Eclipse/plugins/org.eclipse.m2e.maven.runtime_3.9.900.20240824-1409/jars/org.eclipse.sisu.plexus-0.9.0.M3.jar
2025-03-25 13:17:09,588 [Worker-48: Launching mavenrun-68ec86f7-247c-4987-9491-2f3dfd54a49a] INFO  o.eclipse.m2e.core.internal.Bundles - 	Entry: /Applications/Eclipse.app/Contents/Eclipse/plugins/org.eclipse.m2e.maven.runtime_3.9.900.20240824-1409/jars/plexus-build-api-0.0.7.jar
2025-03-25 13:17:09,588 [Worker-48: Launching mavenrun-68ec86f7-247c-4987-9491-2f3dfd54a49a] INFO  o.eclipse.m2e.core.internal.Bundles - 	Entry: /Applications/Eclipse.app/Contents/Eclipse/plugins/org.eclipse.m2e.maven.runtime_3.9.900.20240824-1409/jars/plexus-build-api-1.2.0.jar
2025-03-25 13:17:09,588 [Worker-48: Launching mavenrun-68ec86f7-247c-4987-9491-2f3dfd54a49a] INFO  o.eclipse.m2e.core.internal.Bundles - 	Entry: /Applications/Eclipse.app/Contents/Eclipse/plugins/org.eclipse.m2e.maven.runtime_3.9.900.20240824-1409/jars/plexus-cipher-2.0.jar
2025-03-25 13:17:09,588 [Worker-48: Launching mavenrun-68ec86f7-247c-4987-9491-2f3dfd54a49a] INFO  o.eclipse.m2e.core.internal.Bundles - 	Entry: /Applications/Eclipse.app/Contents/Eclipse/plugins/org.eclipse.m2e.maven.runtime_3.9.900.20240824-1409/jars/plexus-classworlds-2.8.0.jar
2025-03-25 13:17:09,588 [Worker-48: Launching mavenrun-68ec86f7-247c-4987-9491-2f3dfd54a49a] INFO  o.eclipse.m2e.core.internal.Bundles - 	Entry: /Applications/Eclipse.app/Contents/Eclipse/plugins/org.eclipse.m2e.maven.runtime_3.9.900.20240824-1409/jars/plexus-component-annotations-2.1.0.jar
2025-03-25 13:17:09,588 [Worker-48: Launching mavenrun-68ec86f7-247c-4987-9491-2f3dfd54a49a] INFO  o.eclipse.m2e.core.internal.Bundles - 	Entry: /Applications/Eclipse.app/Contents/Eclipse/plugins/org.eclipse.m2e.maven.runtime_3.9.900.20240824-1409/jars/plexus-interpolation-1.27.jar
2025-03-25 13:17:09,588 [Worker-48: Launching mavenrun-68ec86f7-247c-4987-9491-2f3dfd54a49a] INFO  o.eclipse.m2e.core.internal.Bundles - 	Entry: /Applications/Eclipse.app/Contents/Eclipse/plugins/org.eclipse.m2e.maven.runtime_3.9.900.20240824-1409/jars/plexus-sec-dispatcher-2.0.jar
2025-03-25 13:17:09,588 [Worker-48: Launching mavenrun-68ec86f7-247c-4987-9491-2f3dfd54a49a] INFO  o.eclipse.m2e.core.internal.Bundles - 	Entry: /Applications/Eclipse.app/Contents/Eclipse/plugins/org.eclipse.m2e.maven.runtime_3.9.900.20240824-1409/jars/plexus-utils-3.5.1.jar
2025-03-25 13:17:09,588 [Worker-48: Launching mavenrun-68ec86f7-247c-4987-9491-2f3dfd54a49a] INFO  o.eclipse.m2e.core.internal.Bundles - 	Entry: /Applications/Eclipse.app/Contents/Eclipse/plugins/org.eclipse.m2e.maven.runtime_3.9.900.20240824-1409/jars/plexus-xml-3.0.1.jar
2025-03-25 13:17:09,588 [Worker-48: Launching mavenrun-68ec86f7-247c-4987-9491-2f3dfd54a49a] INFO  o.eclipse.m2e.core.internal.Bundles - 	Entry: /Applications/Eclipse.app/Contents/Eclipse/plugins/org.eclipse.m2e.maven.runtime_3.9.900.20240824-1409/jars/wagon-file-3.5.3.jar
2025-03-25 13:17:09,588 [Worker-48: Launching mavenrun-68ec86f7-247c-4987-9491-2f3dfd54a49a] INFO  o.eclipse.m2e.core.internal.Bundles - 	Entry: /Applications/Eclipse.app/Contents/Eclipse/plugins/org.eclipse.m2e.maven.runtime_3.9.900.20240824-1409/jars/wagon-http-3.5.3.jar
2025-03-25 13:17:09,588 [Worker-48: Launching mavenrun-68ec86f7-247c-4987-9491-2f3dfd54a49a] INFO  o.eclipse.m2e.core.internal.Bundles - 	Entry: /Applications/Eclipse.app/Contents/Eclipse/plugins/org.eclipse.m2e.maven.runtime_3.9.900.20240824-1409/jars/wagon-http-shared-3.5.3.jar
2025-03-25 13:17:09,588 [Worker-48: Launching mavenrun-68ec86f7-247c-4987-9491-2f3dfd54a49a] INFO  o.eclipse.m2e.core.internal.Bundles - 	Entry: /Applications/Eclipse.app/Contents/Eclipse/plugins/org.eclipse.m2e.maven.runtime_3.9.900.20240824-1409/jars/wagon-provider-api-3.5.3.jar
2025-03-25 13:17:09,589 [Worker-48: Launching mavenrun-68ec86f7-247c-4987-9491-2f3dfd54a49a] INFO  o.eclipse.m2e.core.internal.Bundles - getClasspathEntries(Bundle=com.google.guava_33.3.0.jre [1530])
2025-03-25 13:17:09,589 [Worker-48: Launching mavenrun-68ec86f7-247c-4987-9491-2f3dfd54a49a] INFO  o.eclipse.m2e.core.internal.Bundles - 	Entry: /Applications/Eclipse.app/Contents/Eclipse/plugins/com.google.guava_33.3.0.jre.jar
2025-03-25 13:17:09,589 [Worker-48: Launching mavenrun-68ec86f7-247c-4987-9491-2f3dfd54a49a] INFO  o.eclipse.m2e.core.internal.Bundles - getClasspathEntries(Bundle=slf4j.api_2.0.16 [1648])
2025-03-25 13:17:09,589 [Worker-48: Launching mavenrun-68ec86f7-247c-4987-9491-2f3dfd54a49a] INFO  o.eclipse.m2e.core.internal.Bundles - 	Entry: /Applications/Eclipse.app/Contents/Eclipse/plugins/slf4j.api_2.0.16.jar
2025-03-25 13:17:09,589 [Worker-48: Launching mavenrun-68ec86f7-247c-4987-9491-2f3dfd54a49a] INFO  o.eclipse.m2e.core.internal.Bundles - getClasspathEntries(Bundle=javax.inject_1.0.0.v20220405-0441 [1116])
2025-03-25 13:17:09,589 [Worker-48: Launching mavenrun-68ec86f7-247c-4987-9491-2f3dfd54a49a] INFO  o.eclipse.m2e.core.internal.Bundles - 	Entry: /Applications/Eclipse.app/Contents/Eclipse/plugins/javax.inject_1.0.0.v20220405-0441.jar
2025-03-25 13:17:09,589 [Worker-48: Launching mavenrun-68ec86f7-247c-4987-9491-2f3dfd54a49a] INFO  o.eclipse.m2e.core.internal.Bundles - getClasspathEntries(Bundle=javax.annotation_1.3.5.v20230504-0748 [1115])
2025-03-25 13:17:09,589 [Worker-48: Launching mavenrun-68ec86f7-247c-4987-9491-2f3dfd54a49a] INFO  o.eclipse.m2e.core.internal.Bundles - 	Entry: /Applications/Eclipse.app/Contents/Eclipse/plugins/javax.annotation_1.3.5.v20230504-0748.jar
2025-03-25 13:17:09,589 [Worker-48: Launching mavenrun-68ec86f7-247c-4987-9491-2f3dfd54a49a] INFO  o.eclipse.m2e.core.internal.Bundles - getClasspathEntries(Bundle=org.apache.commons.cli_1.9.0 [1532])
2025-03-25 13:17:09,589 [Worker-48: Launching mavenrun-68ec86f7-247c-4987-9491-2f3dfd54a49a] INFO  o.eclipse.m2e.core.internal.Bundles - 	Entry: /Applications/Eclipse.app/Contents/Eclipse/plugins/org.apache.commons.cli_1.9.0.jar
2025-03-25 13:17:09,589 [Worker-48: Launching mavenrun-68ec86f7-247c-4987-9491-2f3dfd54a49a] INFO  o.eclipse.m2e.core.internal.Bundles - getClasspathEntries(Bundle=org.apache.commons.commons-codec_1.16.0 [78])
2025-03-25 13:17:09,590 [Worker-48: Launching mavenrun-68ec86f7-247c-4987-9491-2f3dfd54a49a] INFO  o.eclipse.m2e.core.internal.Bundles - 	Entry: /Applications/Eclipse.app/Contents/Eclipse/plugins/org.apache.commons.commons-codec_1.16.0.jar
2025-03-25 13:17:09,590 [Worker-48: Launching mavenrun-68ec86f7-247c-4987-9491-2f3dfd54a49a] INFO  o.eclipse.m2e.core.internal.Bundles - getClasspathEntries(Bundle=com.google.guava.failureaccess_1.0.2 [15])
2025-03-25 13:17:09,590 [Worker-48: Launching mavenrun-68ec86f7-247c-4987-9491-2f3dfd54a49a] INFO  o.eclipse.m2e.core.internal.Bundles - 	Entry: /Applications/Eclipse.app/Contents/Eclipse/plugins/com.google.guava.failureaccess_1.0.2.jar
2025-03-25 13:17:09,592 [Worker-48: Launching mavenrun-68ec86f7-247c-4987-9491-2f3dfd54a49a] INFO  o.e.m.i.launch.MavenLaunchDelegate - Run build in "/var/folders/_0/8h1vjs6958xfnyxm3w2f1qvc0000gn/T/m2e-archetypeGenerator8099229293062199839":
2025-03-25 13:17:09,593 [Worker-48: Launching mavenrun-68ec86f7-247c-4987-9491-2f3dfd54a49a] INFO  o.e.m.i.launch.MavenLaunchDelegate -  mvn  -DarchetypeGroupId=org.apache.maven.archetypes -DarchetypeArtifactId=maven-archetype-quickstart -DarchetypeVersion=1.1 -DgroupId=in.smrtprg -DartifactId=SpringJDBCcrudOper -Dversion=1.0 -Dpackage=in.sp.main -DoutputDirectory=/Users/karansingh/Desktop/YT_advJava/Spring_YT -Dstyle.color=always -U archetype:generate
2025-03-25 13:17:31,927 [Worker-39: Creating maven-archetype-quickstart] INFO  o.e.m.c.i.p.ProjectConfigurationManager - Collecting project info '/pom.xml' /Users/karansingh/Desktop/YT_advJava/Spring_YT/SpringJDBCcrudOper/pom.xml
2025-03-25 13:17:31,997 [Worker-39: Creating maven-archetype-quickstart] INFO  o.e.m.c.i.l.LifecycleMappingFactory - Using org.eclipse.m2e.jdt.JarLifecycleMapping lifecycle mapping for MavenProject: in.smrtprg:SpringJDBCcrudOper:1.0 @ /Users/karansingh/Desktop/YT_advJava/Spring_YT/SpringJDBCcrudOper/pom.xml.
2025-03-25 13:17:32,191 [Worker-39: Creating maven-archetype-quickstart] INFO  o.e.m.j.i.AbstractJavaProjectConfigurator - Adding source folder /SpringJDBCcrudOper/src/main/java
2025-03-25 13:17:32,191 [Worker-39: Creating maven-archetype-quickstart] INFO  o.e.m.j.i.AbstractJavaProjectConfigurator - Adding resource folder /SpringJDBCcrudOper/src/main/resources
2025-03-25 13:17:32,192 [Worker-39: Creating maven-archetype-quickstart] INFO  o.e.m.j.i.AbstractJavaProjectConfigurator - Adding source folder /SpringJDBCcrudOper/src/test/java
2025-03-25 13:17:32,192 [Worker-39: Creating maven-archetype-quickstart] INFO  o.e.m.j.i.AbstractJavaProjectConfigurator - Adding resource folder /SpringJDBCcrudOper/src/test/resources
2025-03-25 13:17:32,212 [Worker-39: Creating maven-archetype-quickstart] INFO  o.e.m.c.i.p.ProjectConfigurationManager - Imported and configured 1 project(s) in 0 sec
2025-03-25 13:17:32,509 [Worker-50: Building] INFO  o.a.m.s.f.DefaultMavenResourcesFiltering - skip non existing resourceDirectory /Users/karansingh/Desktop/YT_advJava/Spring_YT/SpringJDBCcrudOper/src/main/resources
2025-03-25 13:17:32,511 [Worker-50: Building] INFO  o.a.m.s.f.DefaultMavenResourcesFiltering - skip non existing resourceDirectory /Users/karansingh/Desktop/YT_advJava/Spring_YT/SpringJDBCcrudOper/src/test/resources
2025-03-25 13:17:59,723 [Worker-49: Building] INFO  o.a.m.s.f.DefaultMavenResourcesFiltering - skip non existing resourceDirectory /Users/karansingh/Desktop/YT_advJava/Spring_YT/SpringJDBCcrudOper/src/main/resources
2025-03-25 13:17:59,726 [Worker-49: Building] INFO  o.a.m.s.f.DefaultMavenResourcesFiltering - skip non existing resourceDirectory /Users/karansingh/Desktop/YT_advJava/Spring_YT/SpringJDBCcrudOper/src/test/resources
2025-03-25 13:24:57,470 [Worker-52: Building] INFO  o.e.m.c.i.l.LifecycleMappingFactory - Using org.eclipse.m2e.jdt.JarLifecycleMapping lifecycle mapping for MavenProject: in.smrtprg:SpringJDBCcrudOper:1.0 @ /Users/karansingh/Desktop/YT_advJava/Spring_YT/SpringJDBCcrudOper/pom.xml.
2025-03-25 13:24:57,490 [Worker-52: Building] INFO  o.a.m.s.f.DefaultMavenResourcesFiltering - skip non existing resourceDirectory /Users/karansingh/Desktop/YT_advJava/Spring_YT/SpringJDBCcrudOper/src/main/resources
2025-03-25 13:24:57,491 [Worker-52: Building] INFO  o.a.m.s.f.DefaultMavenResourcesFiltering - skip non existing resourceDirectory /Users/karansingh/Desktop/YT_advJava/Spring_YT/SpringJDBCcrudOper/src/test/resources
2025-03-25 13:25:02,026 [Worker-52: Building] INFO  o.e.m.c.i.l.LifecycleMappingFactory - Using org.eclipse.m2e.jdt.JarLifecycleMapping lifecycle mapping for MavenProject: in.smrtprg:SpringJDBCcrudOper:1.0 @ /Users/karansingh/Desktop/YT_advJava/Spring_YT/SpringJDBCcrudOper/pom.xml.
2025-03-25 13:25:02,049 [Worker-52: Building] INFO  o.a.m.s.f.DefaultMavenResourcesFiltering - skip non existing resourceDirectory /Users/karansingh/Desktop/YT_advJava/Spring_YT/SpringJDBCcrudOper/src/main/resources
2025-03-25 13:25:02,050 [Worker-52: Building] INFO  o.a.m.s.f.DefaultMavenResourcesFiltering - skip non existing resourceDirectory /Users/karansingh/Desktop/YT_advJava/Spring_YT/SpringJDBCcrudOper/src/test/resources
2025-03-25 13:25:03,209 [Worker-54: Building] INFO  o.a.m.s.f.DefaultMavenResourcesFiltering - skip non existing resourceDirectory /Users/karansingh/Desktop/YT_advJava/Spring_YT/SpringJDBCcrudOper/src/main/resources
2025-03-25 13:25:03,210 [Worker-54: Building] INFO  o.a.m.s.f.DefaultMavenResourcesFiltering - skip non existing resourceDirectory /Users/karansingh/Desktop/YT_advJava/Spring_YT/SpringJDBCcrudOper/src/test/resources
2025-03-25 13:26:50,535 [Worker-39: Building] INFO  o.e.m.c.i.l.LifecycleMappingFactory - Using org.eclipse.m2e.jdt.JarLifecycleMapping lifecycle mapping for MavenProject: in.smrtprg:SpringJDBCcrudOper:1.0 @ /Users/karansingh/Desktop/YT_advJava/Spring_YT/SpringJDBCcrudOper/pom.xml.
2025-03-25 13:26:50,623 [Worker-39: Building] INFO  o.e.m.c.i.e.AbstractTransferListenerAdapter - Downloading https://repo.maven.apache.org/maven2/org/springframework/spring-jdbc/6.2.3/spring-jdbc-6.2.3.pom
2025-03-25 13:26:50,624 [Worker-39: Building] INFO  o.e.m.c.i.e.AbstractTransferListenerAdapter - Downloaded https://repo.maven.apache.org/maven2/org/springframework/spring-jdbc/6.2.3/spring-jdbc-6.2.3.pom
2025-03-25 13:26:50,642 [Worker-39: Building] INFO  o.e.m.c.i.e.AbstractTransferListenerAdapter - Downloading https://repo.maven.apache.org/maven2/org/springframework/spring-tx/6.2.3/spring-tx-6.2.3.pom
2025-03-25 13:26:50,643 [Worker-39: Building] INFO  o.e.m.c.i.e.AbstractTransferListenerAdapter - Downloaded https://repo.maven.apache.org/maven2/org/springframework/spring-tx/6.2.3/spring-tx-6.2.3.pom
2025-03-25 13:26:50,655 [Worker-39: Building] INFO  o.e.m.c.i.e.AbstractTransferListenerAdapter - Downloading https://repo.maven.apache.org/maven2/org/springframework/spring-jdbc/6.2.3/spring-jdbc-6.2.3.jar
2025-03-25 13:26:50,721 [Worker-39: Building] INFO  o.e.m.c.i.e.AbstractTransferListenerAdapter - Downloaded https://repo.maven.apache.org/maven2/org/springframework/spring-jdbc/6.2.3/spring-jdbc-6.2.3.jar
2025-03-25 13:26:50,732 [BasicRepositoryConnector-repo.maven.apache.org-1-0] INFO  o.e.m.c.i.e.AbstractTransferListenerAdapter - Downloading https://repo.maven.apache.org/maven2/org/springframework/spring-tx/6.2.3/spring-tx-6.2.3.jar
2025-03-25 13:26:50,757 [BasicRepositoryConnector-repo.maven.apache.org-1-0] INFO  o.e.m.c.i.e.AbstractTransferListenerAdapter - Downloaded https://repo.maven.apache.org/maven2/org/springframework/spring-tx/6.2.3/spring-tx-6.2.3.jar
2025-03-25 13:26:50,769 [Worker-39: Building] INFO  o.a.m.s.f.DefaultMavenResourcesFiltering - skip non existing resourceDirectory /Users/karansingh/Desktop/YT_advJava/Spring_YT/SpringJDBCcrudOper/src/main/resources
2025-03-25 13:26:50,770 [Worker-39: Building] INFO  o.a.m.s.f.DefaultMavenResourcesFiltering - skip non existing resourceDirectory /Users/karansingh/Desktop/YT_advJava/Spring_YT/SpringJDBCcrudOper/src/test/resources
2025-03-25 13:26:51,142 [Worker-54: Building] INFO  o.a.m.s.f.DefaultMavenResourcesFiltering - skip non existing resourceDirectory /Users/karansingh/Desktop/YT_advJava/Spring_YT/SpringJDBCcrudOper/src/main/resources
2025-03-25 13:26:51,146 [Worker-54: Building] INFO  o.a.m.s.f.DefaultMavenResourcesFiltering - skip non existing resourceDirectory /Users/karansingh/Desktop/YT_advJava/Spring_YT/SpringJDBCcrudOper/src/test/resources
2025-03-25 13:26:51,829 [Worker-58: Download sources and javadoc] INFO  o.e.m.c.i.e.AbstractTransferListenerAdapter - Downloading https://repo.maven.apache.org/maven2/org/springframework/spring-jdbc/6.2.3/spring-jdbc-6.2.3-sources.jar
2025-03-25 13:26:52,871 [Worker-58: Download sources and javadoc] INFO  o.e.m.c.i.e.AbstractTransferListenerAdapter - Downloaded https://repo.maven.apache.org/maven2/org/springframework/spring-jdbc/6.2.3/spring-jdbc-6.2.3-sources.jar
2025-03-25 13:26:52,873 [Worker-58: Download sources and javadoc] INFO  o.e.m.j.internal.DownloadSourcesJob - Downloaded sources for org.springframework:spring-jdbc:6.2.3
2025-03-25 13:26:53,190 [Worker-58: Download sources and javadoc] INFO  o.e.m.c.i.e.AbstractTransferListenerAdapter - Downloading https://repo.maven.apache.org/maven2/org/springframework/spring-tx/6.2.3/spring-tx-6.2.3-sources.jar
2025-03-25 13:26:54,155 [Worker-58: Download sources and javadoc] INFO  o.e.m.c.i.e.AbstractTransferListenerAdapter - Downloaded https://repo.maven.apache.org/maven2/org/springframework/spring-tx/6.2.3/spring-tx-6.2.3-sources.jar
2025-03-25 13:26:54,158 [Worker-58: Download sources and javadoc] INFO  o.e.m.j.internal.DownloadSourcesJob - Downloaded sources for org.springframework:spring-tx:6.2.3
2025-03-25 16:50:13,658 [Worker-67: Building] INFO  o.e.m.c.i.l.LifecycleMappingFactory - Using org.eclipse.m2e.jdt.JarLifecycleMapping lifecycle mapping for MavenProject: in.smrtprg:SpringJDBCcrudOper:1.0 @ /Users/karansingh/Desktop/YT_advJava/Spring_YT/SpringJDBCcrudOper/pom.xml.
2025-03-25 16:50:13,703 [Worker-67: Building] INFO  o.a.m.s.f.DefaultMavenResourcesFiltering - skip non existing resourceDirectory /Users/karansingh/Desktop/YT_advJava/Spring_YT/SpringJDBCcrudOper/src/main/resources
2025-03-25 16:50:13,705 [Worker-67: Building] INFO  o.a.m.s.f.DefaultMavenResourcesFiltering - skip non existing resourceDirectory /Users/karansingh/Desktop/YT_advJava/Spring_YT/SpringJDBCcrudOper/src/test/resources
2025-03-25 16:50:14,146 [Worker-69: Building] INFO  o.a.m.s.f.DefaultMavenResourcesFiltering - skip non existing resourceDirectory /Users/karansingh/Desktop/YT_advJava/Spring_YT/SpringJDBCcrudOper/src/main/resources
2025-03-25 16:50:14,147 [Worker-69: Building] INFO  o.a.m.s.f.DefaultMavenResourcesFiltering - skip non existing resourceDirectory /Users/karansingh/Desktop/YT_advJava/Spring_YT/SpringJDBCcrudOper/src/test/resources
2025-03-25 16:59:04,974 [Worker-71: Building] INFO  o.a.m.s.f.DefaultMavenResourcesFiltering - skip non existing resourceDirectory /Users/karansingh/Desktop/YT_advJava/Spring_YT/SpringJDBCcrudOper/src/main/resources
2025-03-25 16:59:04,975 [Worker-71: Building] INFO  o.a.m.s.f.DefaultMavenResourcesFiltering - skip non existing resourceDirectory /Users/karansingh/Desktop/YT_advJava/Spring_YT/SpringJDBCcrudOper/src/test/resources
2025-03-25 16:59:38,860 [Worker-70: Building] INFO  o.a.m.s.f.DefaultMavenResourcesFiltering - skip non existing resourceDirectory /Users/karansingh/Desktop/YT_advJava/Spring_YT/SpringJDBCcrudOper/src/main/resources
2025-03-25 16:59:38,861 [Worker-70: Building] INFO  o.a.m.s.f.DefaultMavenResourcesFiltering - skip non existing resourceDirectory /Users/karansingh/Desktop/YT_advJava/Spring_YT/SpringJDBCcrudOper/src/test/resources
2025-03-25 17:00:57,179 [Worker-67: Building] INFO  o.a.m.s.f.DefaultMavenResourcesFiltering - skip non existing resourceDirectory /Users/karansingh/Desktop/YT_advJava/Spring_YT/SpringJDBCcrudOper/src/main/resources
2025-03-25 17:00:57,182 [Worker-67: Building] INFO  o.a.m.s.f.DefaultMavenResourcesFiltering - skip non existing resourceDirectory /Users/karansingh/Desktop/YT_advJava/Spring_YT/SpringJDBCcrudOper/src/test/resources
2025-03-25 17:01:11,045 [Worker-73: Building] INFO  o.a.m.s.f.DefaultMavenResourcesFiltering - skip non existing resourceDirectory /Users/karansingh/Desktop/YT_advJava/Spring_YT/SpringJDBCcrudOper/src/main/resources
2025-03-25 17:01:11,047 [Worker-73: Building] INFO  o.a.m.s.f.DefaultMavenResourcesFiltering - skip non existing resourceDirectory /Users/karansingh/Desktop/YT_advJava/Spring_YT/SpringJDBCcrudOper/src/test/resources
2025-03-25 17:27:35,745 [Worker-75: Building] INFO  o.a.m.s.f.DefaultMavenResourcesFiltering - skip non existing resourceDirectory /Users/karansingh/Desktop/YT_advJava/Spring_YT/SpringJDBCcrudOper/src/main/resources
2025-03-25 17:27:35,747 [Worker-75: Building] INFO  o.a.m.s.f.DefaultMavenResourcesFiltering - skip non existing resourceDirectory /Users/karansingh/Desktop/YT_advJava/Spring_YT/SpringJDBCcrudOper/src/test/resources
2025-03-25 17:27:58,700 [Worker-78: Building] INFO  o.a.m.s.f.DefaultMavenResourcesFiltering - skip non existing resourceDirectory /Users/karansingh/Desktop/YT_advJava/Spring_YT/SpringJDBCcrudOper/src/main/resources
2025-03-25 17:27:58,702 [Worker-78: Building] INFO  o.a.m.s.f.DefaultMavenResourcesFiltering - skip non existing resourceDirectory /Users/karansingh/Desktop/YT_advJava/Spring_YT/SpringJDBCcrudOper/src/test/resources
2025-03-25 17:28:35,345 [Worker-77: Building] INFO  o.a.m.s.f.DefaultMavenResourcesFiltering - skip non existing resourceDirectory /Users/karansingh/Desktop/YT_advJava/Spring_YT/SpringJDBCcrudOper/src/main/resources
2025-03-25 17:28:35,347 [Worker-77: Building] INFO  o.a.m.s.f.DefaultMavenResourcesFiltering - skip non existing resourceDirectory /Users/karansingh/Desktop/YT_advJava/Spring_YT/SpringJDBCcrudOper/src/test/resources
2025-03-25 17:40:32,385 [Worker-75: Building] INFO  o.a.m.s.f.DefaultMavenResourcesFiltering - skip non existing resourceDirectory /Users/karansingh/Desktop/YT_advJava/Spring_YT/SpringJDBCcrudOper/src/main/resources
2025-03-25 17:40:32,386 [Worker-75: Building] INFO  o.a.m.s.f.DefaultMavenResourcesFiltering - skip non existing resourceDirectory /Users/karansingh/Desktop/YT_advJava/Spring_YT/SpringJDBCcrudOper/src/test/resources
2025-03-25 17:40:44,696 [Worker-79: Building] INFO  o.a.m.s.f.DefaultMavenResourcesFiltering - skip non existing resourceDirectory /Users/karansingh/Desktop/YT_advJava/Spring_YT/SpringJDBCcrudOper/src/main/resources
2025-03-25 17:40:44,699 [Worker-79: Building] INFO  o.a.m.s.f.DefaultMavenResourcesFiltering - skip non existing resourceDirectory /Users/karansingh/Desktop/YT_advJava/Spring_YT/SpringJDBCcrudOper/src/test/resources
2025-03-25 17:41:26,541 [Worker-81: Building] INFO  o.a.m.s.f.DefaultMavenResourcesFiltering - skip non existing resourceDirectory /Users/karansingh/Desktop/YT_advJava/Spring_YT/SpringJDBCcrudOper/src/main/resources
2025-03-25 17:41:26,542 [Worker-81: Building] INFO  o.a.m.s.f.DefaultMavenResourcesFiltering - skip non existing resourceDirectory /Users/karansingh/Desktop/YT_advJava/Spring_YT/SpringJDBCcrudOper/src/test/resources
2025-03-25 17:41:57,795 [Worker-80: Building] INFO  o.a.m.s.f.DefaultMavenResourcesFiltering - skip non existing resourceDirectory /Users/karansingh/Desktop/YT_advJava/Spring_YT/SpringJDBCcrudOper/src/main/resources
2025-03-25 17:41:57,797 [Worker-80: Building] INFO  o.a.m.s.f.DefaultMavenResourcesFiltering - skip non existing resourceDirectory /Users/karansingh/Desktop/YT_advJava/Spring_YT/SpringJDBCcrudOper/src/test/resources
2025-03-25 17:42:21,981 [Worker-75: Building] INFO  o.a.m.s.f.DefaultMavenResourcesFiltering - skip non existing resourceDirectory /Users/karansingh/Desktop/YT_advJava/Spring_YT/SpringJDBCcrudOper/src/main/resources
2025-03-25 17:42:21,983 [Worker-75: Building] INFO  o.a.m.s.f.DefaultMavenResourcesFiltering - skip non existing resourceDirectory /Users/karansingh/Desktop/YT_advJava/Spring_YT/SpringJDBCcrudOper/src/test/resources
2025-03-25 17:42:34,953 [Worker-81: Building] INFO  o.a.m.s.f.DefaultMavenResourcesFiltering - skip non existing resourceDirectory /Users/karansingh/Desktop/YT_advJava/Spring_YT/SpringJDBCcrudOper/src/main/resources
2025-03-25 17:42:34,954 [Worker-81: Building] INFO  o.a.m.s.f.DefaultMavenResourcesFiltering - skip non existing resourceDirectory /Users/karansingh/Desktop/YT_advJava/Spring_YT/SpringJDBCcrudOper/src/test/resources
2025-03-25 17:42:58,416 [Worker-75: Building] INFO  o.a.m.s.f.DefaultMavenResourcesFiltering - skip non existing resourceDirectory /Users/karansingh/Desktop/YT_advJava/Spring_YT/SpringJDBCcrudOper/src/main/resources
2025-03-25 17:42:58,417 [Worker-75: Building] INFO  o.a.m.s.f.DefaultMavenResourcesFiltering - skip non existing resourceDirectory /Users/karansingh/Desktop/YT_advJava/Spring_YT/SpringJDBCcrudOper/src/test/resources
2025-03-25 17:43:22,827 [Worker-81: Building] INFO  o.a.m.s.f.DefaultMavenResourcesFiltering - skip non existing resourceDirectory /Users/karansingh/Desktop/YT_advJava/Spring_YT/SpringJDBCcrudOper/src/main/resources
2025-03-25 17:43:22,830 [Worker-81: Building] INFO  o.a.m.s.f.DefaultMavenResourcesFiltering - skip non existing resourceDirectory /Users/karansingh/Desktop/YT_advJava/Spring_YT/SpringJDBCcrudOper/src/test/resources
2025-03-25 17:43:37,263 [Worker-79: Building] INFO  o.a.m.s.f.DefaultMavenResourcesFiltering - skip non existing resourceDirectory /Users/karansingh/Desktop/YT_advJava/Spring_YT/SpringJDBCcrudOper/src/main/resources
2025-03-25 17:43:37,264 [Worker-79: Building] INFO  o.a.m.s.f.DefaultMavenResourcesFiltering - skip non existing resourceDirectory /Users/karansingh/Desktop/YT_advJava/Spring_YT/SpringJDBCcrudOper/src/test/resources
2025-03-25 17:43:52,689 [Worker-82: Building] INFO  o.a.m.s.f.DefaultMavenResourcesFiltering - skip non existing resourceDirectory /Users/karansingh/Desktop/YT_advJava/Spring_YT/SpringJDBCcrudOper/src/main/resources
2025-03-25 17:43:52,691 [Worker-82: Building] INFO  o.a.m.s.f.DefaultMavenResourcesFiltering - skip non existing resourceDirectory /Users/karansingh/Desktop/YT_advJava/Spring_YT/SpringJDBCcrudOper/src/test/resources
2025-03-25 17:44:12,726 [Worker-80: Building] INFO  o.a.m.s.f.DefaultMavenResourcesFiltering - skip non existing resourceDirectory /Users/karansingh/Desktop/YT_advJava/Spring_YT/SpringJDBCcrudOper/src/main/resources
2025-03-25 17:44:12,728 [Worker-80: Building] INFO  o.a.m.s.f.DefaultMavenResourcesFiltering - skip non existing resourceDirectory /Users/karansingh/Desktop/YT_advJava/Spring_YT/SpringJDBCcrudOper/src/test/resources
2025-03-25 18:18:03,193 [Framework stop - Equinox Container: 650b57c4-5eea-4829-a162-4e2d3543f1e2] INFO  org.eclipse.jetty.server.Server - Stopped oejs.Server@1c48ad{STOPPING}[12.0.12,sto=0]
2025-03-25 18:18:03,197 [Framework stop - Equinox Container: 650b57c4-5eea-4829-a162-4e2d3543f1e2] INFO  o.e.jetty.server.AbstractConnector - Stopped ServerConnector@6b726b51{HTTP/1.1, (http/1.1)}{0.0.0.0:0}
2025-03-26 11:21:24,187 [Worker-29: Building] INFO  o.a.m.s.f.DefaultMavenResourcesFiltering - skip non existing resourceDirectory /Users/karansingh/Desktop/YT_advJava/Spring_YT/SpringJDBCcrudOper/src/main/resources
2025-03-26 11:21:24,198 [Worker-29: Building] INFO  o.a.m.s.f.DefaultMavenResourcesFiltering - skip non existing resourceDirectory /Users/karansingh/Desktop/YT_advJava/Spring_YT/SpringJDBCcrudOper/src/test/resources
2025-03-26 12:41:01,755 [Worker-27: Building] INFO  o.a.m.s.f.DefaultMavenResourcesFiltering - skip non existing resourceDirectory /Users/karansingh/Desktop/YT_advJava/Spring_YT/SpringJDBCcrudOper/src/main/resources
2025-03-26 12:41:01,758 [Worker-27: Building] INFO  o.a.m.s.f.DefaultMavenResourcesFiltering - skip non existing resourceDirectory /Users/karansingh/Desktop/YT_advJava/Spring_YT/SpringJDBCcrudOper/src/test/resources
2025-03-26 15:27:28,932 [Worker-38: Building] INFO  o.a.m.s.f.DefaultMavenResourcesFiltering - skip non existing resourceDirectory /Users/karansingh/Desktop/YT_advJava/Spring_YT/SpringJDBCcrudOper/src/main/resources
2025-03-26 15:27:28,934 [Worker-38: Building] INFO  o.a.m.s.f.DefaultMavenResourcesFiltering - skip non existing resourceDirectory /Users/karansingh/Desktop/YT_advJava/Spring_YT/SpringJDBCcrudOper/src/test/resources
2025-03-26 15:28:01,211 [Worker-40: Building] INFO  o.a.m.s.f.DefaultMavenResourcesFiltering - skip non existing resourceDirectory /Users/karansingh/Desktop/YT_advJava/Spring_YT/SpringJDBCcrudOper/src/main/resources
2025-03-26 15:28:01,213 [Worker-40: Building] INFO  o.a.m.s.f.DefaultMavenResourcesFiltering - skip non existing resourceDirectory /Users/karansingh/Desktop/YT_advJava/Spring_YT/SpringJDBCcrudOper/src/test/resources
2025-03-26 15:28:46,307 [Worker-41: Building] INFO  o.a.m.s.f.DefaultMavenResourcesFiltering - skip non existing resourceDirectory /Users/karansingh/Desktop/YT_advJava/Spring_YT/SpringJDBCcrudOper/src/main/resources
2025-03-26 15:28:46,309 [Worker-41: Building] INFO  o.a.m.s.f.DefaultMavenResourcesFiltering - skip non existing resourceDirectory /Users/karansingh/Desktop/YT_advJava/Spring_YT/SpringJDBCcrudOper/src/test/resources
2025-03-26 15:29:12,339 [Worker-38: Building] INFO  o.a.m.s.f.DefaultMavenResourcesFiltering - skip non existing resourceDirectory /Users/karansingh/Desktop/YT_advJava/Spring_YT/SpringJDBCcrudOper/src/main/resources
2025-03-26 15:29:12,341 [Worker-38: Building] INFO  o.a.m.s.f.DefaultMavenResourcesFiltering - skip non existing resourceDirectory /Users/karansingh/Desktop/YT_advJava/Spring_YT/SpringJDBCcrudOper/src/test/resources
2025-03-26 15:29:38,555 [Worker-41: Building] INFO  o.a.m.s.f.DefaultMavenResourcesFiltering - skip non existing resourceDirectory /Users/karansingh/Desktop/YT_advJava/Spring_YT/SpringJDBCcrudOper/src/main/resources
2025-03-26 15:29:38,557 [Worker-41: Building] INFO  o.a.m.s.f.DefaultMavenResourcesFiltering - skip non existing resourceDirectory /Users/karansingh/Desktop/YT_advJava/Spring_YT/SpringJDBCcrudOper/src/test/resources
2025-03-26 22:19:22,299 [Worker-31: Building] INFO  o.a.m.s.f.DefaultMavenResourcesFiltering - skip non existing resourceDirectory /Users/karansingh/Desktop/YT_advJava/Spring_YT/MavenFirstProject/src/main/resources
2025-03-26 22:19:22,304 [Worker-31: Building] INFO  o.a.m.s.f.DefaultMavenResourcesFiltering - skip non existing resourceDirectory /Users/karansingh/Desktop/YT_advJava/Spring_YT/MavenFirstProject/src/test/resources
2025-03-26 22:19:22,569 [Worker-31: Building] INFO  o.a.m.s.f.DefaultMavenResourcesFiltering - skip non existing resourceDirectory /Users/karansingh/Desktop/YT_advJava/Spring_YT/SpringJDBCcrudOper/src/main/resources
2025-03-26 22:19:22,570 [Worker-31: Building] INFO  o.a.m.s.f.DefaultMavenResourcesFiltering - skip non existing resourceDirectory /Users/karansingh/Desktop/YT_advJava/Spring_YT/SpringJDBCcrudOper/src/test/resources
2025-03-26 22:19:48,964 [Worker-11: Building] INFO  o.a.m.s.f.DefaultMavenResourcesFiltering - skip non existing resourceDirectory /Users/karansingh/Desktop/YT_advJava/Spring_YT/SpringJDBCcrudOper/src/main/resources
2025-03-26 22:19:48,965 [Worker-11: Building] INFO  o.a.m.s.f.DefaultMavenResourcesFiltering - skip non existing resourceDirectory /Users/karansingh/Desktop/YT_advJava/Spring_YT/SpringJDBCcrudOper/src/test/resources
2025-03-26 22:21:50,095 [Worker-32: Building] INFO  o.a.m.s.f.DefaultMavenResourcesFiltering - skip non existing resourceDirectory /Users/karansingh/Desktop/YT_advJava/Spring_YT/SpringJDBCcrudOper/src/main/resources
2025-03-26 22:21:50,097 [Worker-32: Building] INFO  o.a.m.s.f.DefaultMavenResourcesFiltering - skip non existing resourceDirectory /Users/karansingh/Desktop/YT_advJava/Spring_YT/SpringJDBCcrudOper/src/test/resources
2025-03-26 22:22:00,787 [Worker-32: Building] INFO  o.a.m.s.f.DefaultMavenResourcesFiltering - skip non existing resourceDirectory /Users/karansingh/Desktop/YT_advJava/Spring_YT/SpringJDBCcrudOper/src/main/resources
2025-03-26 22:22:00,789 [Worker-32: Building] INFO  o.a.m.s.f.DefaultMavenResourcesFiltering - skip non existing resourceDirectory /Users/karansingh/Desktop/YT_advJava/Spring_YT/SpringJDBCcrudOper/src/test/resources
2025-03-26 22:22:38,941 [Worker-30: Building] INFO  o.a.m.s.f.DefaultMavenResourcesFiltering - skip non existing resourceDirectory /Users/karansingh/Desktop/YT_advJava/Spring_YT/SpringJDBCcrudOper/src/main/resources
2025-03-26 22:22:38,944 [Worker-30: Building] INFO  o.a.m.s.f.DefaultMavenResourcesFiltering - skip non existing resourceDirectory /Users/karansingh/Desktop/YT_advJava/Spring_YT/SpringJDBCcrudOper/src/test/resources
2025-03-26 22:23:31,934 [Worker-30: Building] INFO  o.a.m.s.f.DefaultMavenResourcesFiltering - skip non existing resourceDirectory /Users/karansingh/Desktop/YT_advJava/Spring_YT/SpringJDBCcrudOper/src/main/resources
2025-03-26 22:23:31,936 [Worker-30: Building] INFO  o.a.m.s.f.DefaultMavenResourcesFiltering - skip non existing resourceDirectory /Users/karansingh/Desktop/YT_advJava/Spring_YT/SpringJDBCcrudOper/src/test/resources
2025-03-26 22:25:41,588 [Worker-32: Building] INFO  o.a.m.s.f.DefaultMavenResourcesFiltering - skip non existing resourceDirectory /Users/karansingh/Desktop/YT_advJava/Spring_YT/SpringJDBCcrudOper/src/main/resources
2025-03-26 22:25:41,590 [Worker-32: Building] INFO  o.a.m.s.f.DefaultMavenResourcesFiltering - skip non existing resourceDirectory /Users/karansingh/Desktop/YT_advJava/Spring_YT/SpringJDBCcrudOper/src/test/resources
2025-03-26 22:26:16,975 [Worker-30: Building] INFO  o.a.m.s.f.DefaultMavenResourcesFiltering - skip non existing resourceDirectory /Users/karansingh/Desktop/YT_advJava/Spring_YT/SpringJDBCcrudOper/src/main/resources
2025-03-26 22:26:16,977 [Worker-30: Building] INFO  o.a.m.s.f.DefaultMavenResourcesFiltering - skip non existing resourceDirectory /Users/karansingh/Desktop/YT_advJava/Spring_YT/SpringJDBCcrudOper/src/test/resources
2025-03-26 22:28:17,190 [Worker-34: Building] INFO  o.a.m.s.f.DefaultMavenResourcesFiltering - skip non existing resourceDirectory /Users/karansingh/Desktop/YT_advJava/Spring_YT/SpringJDBCcrudOper/src/main/resources
2025-03-26 22:28:17,194 [Worker-34: Building] INFO  o.a.m.s.f.DefaultMavenResourcesFiltering - skip non existing resourceDirectory /Users/karansingh/Desktop/YT_advJava/Spring_YT/SpringJDBCcrudOper/src/test/resources
2025-03-26 22:31:51,895 [Worker-35: Building] INFO  o.a.m.s.f.DefaultMavenResourcesFiltering - skip non existing resourceDirectory /Users/karansingh/Desktop/YT_advJava/Spring_YT/SpringJDBCcrudOper/src/main/resources
2025-03-26 22:31:51,896 [Worker-35: Building] INFO  o.a.m.s.f.DefaultMavenResourcesFiltering - skip non existing resourceDirectory /Users/karansingh/Desktop/YT_advJava/Spring_YT/SpringJDBCcrudOper/src/test/resources
2025-03-26 22:32:27,964 [Worker-35: Launching App (1)] INFO  o.a.m.s.f.DefaultMavenResourcesFiltering - skip non existing resourceDirectory /Users/karansingh/Desktop/YT_advJava/Spring_YT/SpringJDBCcrudOper/src/main/resources
2025-03-26 22:32:27,966 [Worker-35: Launching App (1)] INFO  o.a.m.s.f.DefaultMavenResourcesFiltering - skip non existing resourceDirectory /Users/karansingh/Desktop/YT_advJava/Spring_YT/SpringJDBCcrudOper/src/test/resources
2025-03-26 22:33:22,408 [Worker-38: Building] INFO  o.a.m.s.f.DefaultMavenResourcesFiltering - skip non existing resourceDirectory /Users/karansingh/Desktop/YT_advJava/Spring_YT/SpringJDBCcrudOper/src/main/resources
2025-03-26 22:33:22,409 [Worker-38: Building] INFO  o.a.m.s.f.DefaultMavenResourcesFiltering - skip non existing resourceDirectory /Users/karansingh/Desktop/YT_advJava/Spring_YT/SpringJDBCcrudOper/src/test/resources
2025-03-26 22:33:29,936 [Worker-35: Building] INFO  o.a.m.s.f.DefaultMavenResourcesFiltering - skip non existing resourceDirectory /Users/karansingh/Desktop/YT_advJava/Spring_YT/SpringJDBCcrudOper/src/main/resources
2025-03-26 22:33:29,937 [Worker-35: Building] INFO  o.a.m.s.f.DefaultMavenResourcesFiltering - skip non existing resourceDirectory /Users/karansingh/Desktop/YT_advJava/Spring_YT/SpringJDBCcrudOper/src/test/resources
2025-03-26 22:34:15,253 [Worker-36: Building] INFO  o.a.m.s.f.DefaultMavenResourcesFiltering - skip non existing resourceDirectory /Users/karansingh/Desktop/YT_advJava/Spring_YT/SpringJDBCcrudOper/src/main/resources
2025-03-26 22:34:15,255 [Worker-36: Building] INFO  o.a.m.s.f.DefaultMavenResourcesFiltering - skip non existing resourceDirectory /Users/karansingh/Desktop/YT_advJava/Spring_YT/SpringJDBCcrudOper/src/test/resources
2025-03-26 22:35:11,594 [Worker-35: Building] INFO  o.a.m.s.f.DefaultMavenResourcesFiltering - skip non existing resourceDirectory /Users/karansingh/Desktop/YT_advJava/Spring_YT/SpringJDBCcrudOper/src/main/resources
2025-03-26 22:35:11,598 [Worker-35: Building] INFO  o.a.m.s.f.DefaultMavenResourcesFiltering - skip non existing resourceDirectory /Users/karansingh/Desktop/YT_advJava/Spring_YT/SpringJDBCcrudOper/src/test/resources
2025-03-26 22:35:32,795 [Worker-34: Building] INFO  o.a.m.s.f.DefaultMavenResourcesFiltering - skip non existing resourceDirectory /Users/karansingh/Desktop/YT_advJava/Spring_YT/SpringJDBCcrudOper/src/main/resources
2025-03-26 22:35:32,796 [Worker-34: Building] INFO  o.a.m.s.f.DefaultMavenResourcesFiltering - skip non existing resourceDirectory /Users/karansingh/Desktop/YT_advJava/Spring_YT/SpringJDBCcrudOper/src/test/resources
2025-03-26 22:35:36,880 [Worker-34: Building] INFO  o.a.m.s.f.DefaultMavenResourcesFiltering - skip non existing resourceDirectory /Users/karansingh/Desktop/YT_advJava/Spring_YT/SpringJDBCcrudOper/src/main/resources
2025-03-26 22:35:36,881 [Worker-34: Building] INFO  o.a.m.s.f.DefaultMavenResourcesFiltering - skip non existing resourceDirectory /Users/karansingh/Desktop/YT_advJava/Spring_YT/SpringJDBCcrudOper/src/test/resources
2025-03-26 22:35:53,774 [Worker-36: Building] INFO  o.a.m.s.f.DefaultMavenResourcesFiltering - skip non existing resourceDirectory /Users/karansingh/Desktop/YT_advJava/Spring_YT/SpringJDBCcrudOper/src/main/resources
2025-03-26 22:35:53,776 [Worker-36: Building] INFO  o.a.m.s.f.DefaultMavenResourcesFiltering - skip non existing resourceDirectory /Users/karansingh/Desktop/YT_advJava/Spring_YT/SpringJDBCcrudOper/src/test/resources
2025-03-26 22:36:15,161 [Worker-38: Building] INFO  o.a.m.s.f.DefaultMavenResourcesFiltering - skip non existing resourceDirectory /Users/karansingh/Desktop/YT_advJava/Spring_YT/SpringJDBCcrudOper/src/main/resources
2025-03-26 22:36:15,163 [Worker-38: Building] INFO  o.a.m.s.f.DefaultMavenResourcesFiltering - skip non existing resourceDirectory /Users/karansingh/Desktop/YT_advJava/Spring_YT/SpringJDBCcrudOper/src/test/resources
2025-03-26 22:37:10,665 [Worker-36: Building] INFO  o.a.m.s.f.DefaultMavenResourcesFiltering - skip non existing resourceDirectory /Users/karansingh/Desktop/YT_advJava/Spring_YT/SpringJDBCcrudOper/src/main/resources
2025-03-26 22:37:10,667 [Worker-36: Building] INFO  o.a.m.s.f.DefaultMavenResourcesFiltering - skip non existing resourceDirectory /Users/karansingh/Desktop/YT_advJava/Spring_YT/SpringJDBCcrudOper/src/test/resources
2025-03-26 22:38:03,551 [Worker-37: Building] INFO  o.a.m.s.f.DefaultMavenResourcesFiltering - skip non existing resourceDirectory /Users/karansingh/Desktop/YT_advJava/Spring_YT/SpringJDBCcrudOper/src/main/resources
2025-03-26 22:38:03,553 [Worker-37: Building] INFO  o.a.m.s.f.DefaultMavenResourcesFiltering - skip non existing resourceDirectory /Users/karansingh/Desktop/YT_advJava/Spring_YT/SpringJDBCcrudOper/src/test/resources
2025-03-26 22:38:24,341 [Worker-34: Building] INFO  o.a.m.s.f.DefaultMavenResourcesFiltering - skip non existing resourceDirectory /Users/karansingh/Desktop/YT_advJava/Spring_YT/SpringJDBCcrudOper/src/main/resources
2025-03-26 22:38:24,343 [Worker-34: Building] INFO  o.a.m.s.f.DefaultMavenResourcesFiltering - skip non existing resourceDirectory /Users/karansingh/Desktop/YT_advJava/Spring_YT/SpringJDBCcrudOper/src/test/resources
2025-03-26 22:38:40,646 [Worker-35: Building] INFO  o.a.m.s.f.DefaultMavenResourcesFiltering - skip non existing resourceDirectory /Users/karansingh/Desktop/YT_advJava/Spring_YT/SpringJDBCcrudOper/src/main/resources
2025-03-26 22:38:40,648 [Worker-35: Building] INFO  o.a.m.s.f.DefaultMavenResourcesFiltering - skip non existing resourceDirectory /Users/karansingh/Desktop/YT_advJava/Spring_YT/SpringJDBCcrudOper/src/test/resources
2025-03-26 22:39:01,647 [Worker-35: Building] INFO  o.a.m.s.f.DefaultMavenResourcesFiltering - skip non existing resourceDirectory /Users/karansingh/Desktop/YT_advJava/Spring_YT/SpringJDBCcrudOper/src/main/resources
2025-03-26 22:39:01,648 [Worker-35: Building] INFO  o.a.m.s.f.DefaultMavenResourcesFiltering - skip non existing resourceDirectory /Users/karansingh/Desktop/YT_advJava/Spring_YT/SpringJDBCcrudOper/src/test/resources
2025-03-26 22:39:35,085 [Worker-36: Building] INFO  o.a.m.s.f.DefaultMavenResourcesFiltering - skip non existing resourceDirectory /Users/karansingh/Desktop/YT_advJava/Spring_YT/SpringJDBCcrudOper/src/main/resources
2025-03-26 22:39:35,087 [Worker-36: Building] INFO  o.a.m.s.f.DefaultMavenResourcesFiltering - skip non existing resourceDirectory /Users/karansingh/Desktop/YT_advJava/Spring_YT/SpringJDBCcrudOper/src/test/resources
2025-03-26 22:56:46,713 [Worker-40: Building] INFO  o.a.m.s.f.DefaultMavenResourcesFiltering - skip non existing resourceDirectory /Users/karansingh/Desktop/YT_advJava/Spring_YT/SpringJDBCcrudOper/src/main/resources
2025-03-26 22:56:46,714 [Worker-40: Building] INFO  o.a.m.s.f.DefaultMavenResourcesFiltering - skip non existing resourceDirectory /Users/karansingh/Desktop/YT_advJava/Spring_YT/SpringJDBCcrudOper/src/test/resources
2025-03-26 22:57:00,618 [Worker-42: Building] INFO  o.a.m.s.f.DefaultMavenResourcesFiltering - skip non existing resourceDirectory /Users/karansingh/Desktop/YT_advJava/Spring_YT/SpringJDBCcrudOper/src/main/resources
2025-03-26 22:57:00,620 [Worker-42: Building] INFO  o.a.m.s.f.DefaultMavenResourcesFiltering - skip non existing resourceDirectory /Users/karansingh/Desktop/YT_advJava/Spring_YT/SpringJDBCcrudOper/src/test/resources
2025-03-26 23:05:18,793 [Worker-45: Building] INFO  o.a.m.s.f.DefaultMavenResourcesFiltering - skip non existing resourceDirectory /Users/karansingh/Desktop/YT_advJava/Spring_YT/SpringJDBCcrudOper/src/main/resources
2025-03-26 23:05:18,795 [Worker-45: Building] INFO  o.a.m.s.f.DefaultMavenResourcesFiltering - skip non existing resourceDirectory /Users/karansingh/Desktop/YT_advJava/Spring_YT/SpringJDBCcrudOper/src/test/resources
2025-03-26 23:09:25,507 [Worker-40: Building] INFO  o.a.m.s.f.DefaultMavenResourcesFiltering - skip non existing resourceDirectory /Users/karansingh/Desktop/YT_advJava/Spring_YT/SpringJDBCcrudOper/src/main/resources
2025-03-26 23:09:25,509 [Worker-40: Building] INFO  o.a.m.s.f.DefaultMavenResourcesFiltering - skip non existing resourceDirectory /Users/karansingh/Desktop/YT_advJava/Spring_YT/SpringJDBCcrudOper/src/test/resources
2025-03-26 23:09:41,121 [Worker-40: Building] INFO  o.a.m.s.f.DefaultMavenResourcesFiltering - skip non existing resourceDirectory /Users/karansingh/Desktop/YT_advJava/Spring_YT/SpringJDBCcrudOper/src/main/resources
2025-03-26 23:09:41,122 [Worker-40: Building] INFO  o.a.m.s.f.DefaultMavenResourcesFiltering - skip non existing resourceDirectory /Users/karansingh/Desktop/YT_advJava/Spring_YT/SpringJDBCcrudOper/src/test/resources
2025-03-26 23:10:34,005 [Worker-47: Building] INFO  o.a.m.s.f.DefaultMavenResourcesFiltering - skip non existing resourceDirectory /Users/karansingh/Desktop/YT_advJava/Spring_YT/SpringJDBCcrudOper/src/main/resources
2025-03-26 23:10:34,007 [Worker-47: Building] INFO  o.a.m.s.f.DefaultMavenResourcesFiltering - skip non existing resourceDirectory /Users/karansingh/Desktop/YT_advJava/Spring_YT/SpringJDBCcrudOper/src/test/resources
2025-03-26 23:11:02,536 [Worker-40: Building] INFO  o.a.m.s.f.DefaultMavenResourcesFiltering - skip non existing resourceDirectory /Users/karansingh/Desktop/YT_advJava/Spring_YT/SpringJDBCcrudOper/src/main/resources
2025-03-26 23:11:02,537 [Worker-40: Building] INFO  o.a.m.s.f.DefaultMavenResourcesFiltering - skip non existing resourceDirectory /Users/karansingh/Desktop/YT_advJava/Spring_YT/SpringJDBCcrudOper/src/test/resources
2025-03-26 23:11:29,518 [Worker-45: Building] INFO  o.a.m.s.f.DefaultMavenResourcesFiltering - skip non existing resourceDirectory /Users/karansingh/Desktop/YT_advJava/Spring_YT/SpringJDBCcrudOper/src/main/resources
2025-03-26 23:11:29,519 [Worker-45: Building] INFO  o.a.m.s.f.DefaultMavenResourcesFiltering - skip non existing resourceDirectory /Users/karansingh/Desktop/YT_advJava/Spring_YT/SpringJDBCcrudOper/src/test/resources
2025-03-26 23:12:10,012 [Worker-40: Building] INFO  o.a.m.s.f.DefaultMavenResourcesFiltering - skip non existing resourceDirectory /Users/karansingh/Desktop/YT_advJava/Spring_YT/SpringJDBCcrudOper/src/main/resources
2025-03-26 23:12:10,014 [Worker-40: Building] INFO  o.a.m.s.f.DefaultMavenResourcesFiltering - skip non existing resourceDirectory /Users/karansingh/Desktop/YT_advJava/Spring_YT/SpringJDBCcrudOper/src/test/resources
2025-03-26 23:14:07,356 [Worker-40: Building] INFO  o.a.m.s.f.DefaultMavenResourcesFiltering - skip non existing resourceDirectory /Users/karansingh/Desktop/YT_advJava/Spring_YT/SpringJDBCcrudOper/src/main/resources
2025-03-26 23:14:07,358 [Worker-40: Building] INFO  o.a.m.s.f.DefaultMavenResourcesFiltering - skip non existing resourceDirectory /Users/karansingh/Desktop/YT_advJava/Spring_YT/SpringJDBCcrudOper/src/test/resources
2025-03-26 23:14:11,577 [Worker-40: Building] INFO  o.a.m.s.f.DefaultMavenResourcesFiltering - skip non existing resourceDirectory /Users/karansingh/Desktop/YT_advJava/Spring_YT/SpringJDBCcrudOper/src/main/resources
2025-03-26 23:14:11,577 [Worker-40: Building] INFO  o.a.m.s.f.DefaultMavenResourcesFiltering - skip non existing resourceDirectory /Users/karansingh/Desktop/YT_advJava/Spring_YT/SpringJDBCcrudOper/src/test/resources
2025-03-26 23:14:17,539 [Worker-47: Building] INFO  o.a.m.s.f.DefaultMavenResourcesFiltering - skip non existing resourceDirectory /Users/karansingh/Desktop/YT_advJava/Spring_YT/SpringJDBCcrudOper/src/main/resources
2025-03-26 23:14:17,540 [Worker-47: Building] INFO  o.a.m.s.f.DefaultMavenResourcesFiltering - skip non existing resourceDirectory /Users/karansingh/Desktop/YT_advJava/Spring_YT/SpringJDBCcrudOper/src/test/resources
2025-03-26 23:16:13,510 [Worker-45: Building] INFO  o.a.m.s.f.DefaultMavenResourcesFiltering - skip non existing resourceDirectory /Users/karansingh/Desktop/YT_advJava/Spring_YT/SpringJDBCcrudOper/src/main/resources
2025-03-26 23:16:13,512 [Worker-45: Building] INFO  o.a.m.s.f.DefaultMavenResourcesFiltering - skip non existing resourceDirectory /Users/karansingh/Desktop/YT_advJava/Spring_YT/SpringJDBCcrudOper/src/test/resources
2025-03-26 23:16:43,136 [Worker-45: Building] INFO  o.a.m.s.f.DefaultMavenResourcesFiltering - skip non existing resourceDirectory /Users/karansingh/Desktop/YT_advJava/Spring_YT/SpringJDBCcrudOper/src/main/resources
2025-03-26 23:16:43,137 [Worker-45: Building] INFO  o.a.m.s.f.DefaultMavenResourcesFiltering - skip non existing resourceDirectory /Users/karansingh/Desktop/YT_advJava/Spring_YT/SpringJDBCcrudOper/src/test/resources
2025-03-26 23:16:51,207 [Worker-48: Building] INFO  o.a.m.s.f.DefaultMavenResourcesFiltering - skip non existing resourceDirectory /Users/karansingh/Desktop/YT_advJava/Spring_YT/SpringJDBCcrudOper/src/main/resources
2025-03-26 23:16:51,209 [Worker-48: Building] INFO  o.a.m.s.f.DefaultMavenResourcesFiltering - skip non existing resourceDirectory /Users/karansingh/Desktop/YT_advJava/Spring_YT/SpringJDBCcrudOper/src/test/resources
2025-03-26 23:17:08,602 [Worker-47: Building] INFO  o.a.m.s.f.DefaultMavenResourcesFiltering - skip non existing resourceDirectory /Users/karansingh/Desktop/YT_advJava/Spring_YT/SpringJDBCcrudOper/src/main/resources
2025-03-26 23:17:08,605 [Worker-47: Building] INFO  o.a.m.s.f.DefaultMavenResourcesFiltering - skip non existing resourceDirectory /Users/karansingh/Desktop/YT_advJava/Spring_YT/SpringJDBCcrudOper/src/test/resources
2025-03-26 23:17:36,762 [Worker-47: Building] INFO  o.a.m.s.f.DefaultMavenResourcesFiltering - skip non existing resourceDirectory /Users/karansingh/Desktop/YT_advJava/Spring_YT/SpringJDBCcrudOper/src/main/resources
2025-03-26 23:17:36,764 [Worker-47: Building] INFO  o.a.m.s.f.DefaultMavenResourcesFiltering - skip non existing resourceDirectory /Users/karansingh/Desktop/YT_advJava/Spring_YT/SpringJDBCcrudOper/src/test/resources
2025-03-26 23:18:04,950 [Worker-45: Building] INFO  o.a.m.s.f.DefaultMavenResourcesFiltering - skip non existing resourceDirectory /Users/karansingh/Desktop/YT_advJava/Spring_YT/SpringJDBCcrudOper/src/main/resources
2025-03-26 23:18:04,953 [Worker-45: Building] INFO  o.a.m.s.f.DefaultMavenResourcesFiltering - skip non existing resourceDirectory /Users/karansingh/Desktop/YT_advJava/Spring_YT/SpringJDBCcrudOper/src/test/resources
2025-03-26 23:29:32,787 [Worker-53: Building] INFO  o.a.m.s.f.DefaultMavenResourcesFiltering - skip non existing resourceDirectory /Users/karansingh/Desktop/YT_advJava/Spring_YT/SpringJDBCcrudOper/src/main/resources
2025-03-26 23:29:32,789 [Worker-53: Building] INFO  o.a.m.s.f.DefaultMavenResourcesFiltering - skip non existing resourceDirectory /Users/karansingh/Desktop/YT_advJava/Spring_YT/SpringJDBCcrudOper/src/test/resources
2025-03-26 23:31:36,037 [Worker-53: Building] INFO  o.a.m.s.f.DefaultMavenResourcesFiltering - skip non existing resourceDirectory /Users/karansingh/Desktop/YT_advJava/Spring_YT/SpringJDBCcrudOper/src/main/resources
2025-03-26 23:31:36,038 [Worker-53: Building] INFO  o.a.m.s.f.DefaultMavenResourcesFiltering - skip non existing resourceDirectory /Users/karansingh/Desktop/YT_advJava/Spring_YT/SpringJDBCcrudOper/src/test/resources
2025-03-26 23:32:21,382 [Worker-47: Building] INFO  o.a.m.s.f.DefaultMavenResourcesFiltering - skip non existing resourceDirectory /Users/karansingh/Desktop/YT_advJava/Spring_YT/SpringJDBCcrudOper/src/main/resources
2025-03-26 23:32:21,384 [Worker-47: Building] INFO  o.a.m.s.f.DefaultMavenResourcesFiltering - skip non existing resourceDirectory /Users/karansingh/Desktop/YT_advJava/Spring_YT/SpringJDBCcrudOper/src/test/resources
2025-03-26 23:33:09,483 [Worker-54: Building] INFO  o.a.m.s.f.DefaultMavenResourcesFiltering - skip non existing resourceDirectory /Users/karansingh/Desktop/YT_advJava/Spring_YT/SpringJDBCcrudOper/src/main/resources
2025-03-26 23:33:09,485 [Worker-54: Building] INFO  o.a.m.s.f.DefaultMavenResourcesFiltering - skip non existing resourceDirectory /Users/karansingh/Desktop/YT_advJava/Spring_YT/SpringJDBCcrudOper/src/test/resources
2025-03-26 23:33:23,563 [Worker-52: Building] INFO  o.a.m.s.f.DefaultMavenResourcesFiltering - skip non existing resourceDirectory /Users/karansingh/Desktop/YT_advJava/Spring_YT/SpringJDBCcrudOper/src/main/resources
2025-03-26 23:33:23,564 [Worker-52: Building] INFO  o.a.m.s.f.DefaultMavenResourcesFiltering - skip non existing resourceDirectory /Users/karansingh/Desktop/YT_advJava/Spring_YT/SpringJDBCcrudOper/src/test/resources
2025-03-26 23:34:33,811 [Worker-51: Building] INFO  o.a.m.s.f.DefaultMavenResourcesFiltering - skip non existing resourceDirectory /Users/karansingh/Desktop/YT_advJava/Spring_YT/SpringJDBCcrudOper/src/main/resources
2025-03-26 23:34:33,812 [Worker-51: Building] INFO  o.a.m.s.f.DefaultMavenResourcesFiltering - skip non existing resourceDirectory /Users/karansingh/Desktop/YT_advJava/Spring_YT/SpringJDBCcrudOper/src/test/resources
2025-03-26 23:34:58,719 [Worker-52: Building] INFO  o.a.m.s.f.DefaultMavenResourcesFiltering - skip non existing resourceDirectory /Users/karansingh/Desktop/YT_advJava/Spring_YT/SpringJDBCcrudOper/src/main/resources
2025-03-26 23:34:58,720 [Worker-52: Building] INFO  o.a.m.s.f.DefaultMavenResourcesFiltering - skip non existing resourceDirectory /Users/karansingh/Desktop/YT_advJava/Spring_YT/SpringJDBCcrudOper/src/test/resources
2025-03-26 23:35:17,715 [Worker-54: Building] INFO  o.a.m.s.f.DefaultMavenResourcesFiltering - skip non existing resourceDirectory /Users/karansingh/Desktop/YT_advJava/Spring_YT/SpringJDBCcrudOper/src/main/resources
2025-03-26 23:35:17,717 [Worker-54: Building] INFO  o.a.m.s.f.DefaultMavenResourcesFiltering - skip non existing resourceDirectory /Users/karansingh/Desktop/YT_advJava/Spring_YT/SpringJDBCcrudOper/src/test/resources
2025-03-26 23:36:22,950 [Worker-55: Building] INFO  o.a.m.s.f.DefaultMavenResourcesFiltering - skip non existing resourceDirectory /Users/karansingh/Desktop/YT_advJava/Spring_YT/SpringJDBCcrudOper/src/main/resources
2025-03-26 23:36:22,951 [Worker-55: Building] INFO  o.a.m.s.f.DefaultMavenResourcesFiltering - skip non existing resourceDirectory /Users/karansingh/Desktop/YT_advJava/Spring_YT/SpringJDBCcrudOper/src/test/resources
2025-03-26 23:36:37,661 [Worker-54: Building] INFO  o.a.m.s.f.DefaultMavenResourcesFiltering - skip non existing resourceDirectory /Users/karansingh/Desktop/YT_advJava/Spring_YT/SpringJDBCcrudOper/src/main/resources
2025-03-26 23:36:37,662 [Worker-54: Building] INFO  o.a.m.s.f.DefaultMavenResourcesFiltering - skip non existing resourceDirectory /Users/karansingh/Desktop/YT_advJava/Spring_YT/SpringJDBCcrudOper/src/test/resources
2025-03-26 23:37:08,636 [Worker-54: Building] INFO  o.a.m.s.f.DefaultMavenResourcesFiltering - skip non existing resourceDirectory /Users/karansingh/Desktop/YT_advJava/Spring_YT/SpringJDBCcrudOper/src/main/resources
2025-03-26 23:37:08,638 [Worker-54: Building] INFO  o.a.m.s.f.DefaultMavenResourcesFiltering - skip non existing resourceDirectory /Users/karansingh/Desktop/YT_advJava/Spring_YT/SpringJDBCcrudOper/src/test/resources
2025-03-26 23:40:27,005 [main] INFO  org.eclipse.jetty.server.Server - jetty-12.0.12; built: 2024-07-25T21:58:37.668Z; git: cc6f1b74db755fed228b50701ad967aeaa68e83f; jvm 21.0.5+11-LTS
2025-03-26 23:40:27,017 [main] INFO  o.e.j.server.handler.ContextHandler - Started oejsh.ContextHandler@7cddf32a{ROOT,/,b=null,a=AVAILABLE,vh=[127.0.0.1],h=oejsh.ResourceHandler@a4feccf{STARTED}}
2025-03-26 23:40:27,021 [main] INFO  o.e.jetty.server.AbstractConnector - Started ServerConnector@5fca3471{HTTP/1.1, (http/1.1)}{0.0.0.0:50026}
2025-03-26 23:40:27,039 [main] INFO  org.eclipse.jetty.server.Server - Started oejs.Server@1eb3521e{STARTING}[12.0.12,sto=0] @5095935ms
2025-03-26 23:47:32,325 [Worker-59: Building] INFO  o.a.m.s.f.DefaultMavenResourcesFiltering - skip non existing resourceDirectory /Users/karansingh/Desktop/YT_advJava/Spring_YT/SpringJDBCcrudOper/src/main/resources
2025-03-26 23:47:32,327 [Worker-59: Building] INFO  o.a.m.s.f.DefaultMavenResourcesFiltering - skip non existing resourceDirectory /Users/karansingh/Desktop/YT_advJava/Spring_YT/SpringJDBCcrudOper/src/test/resources
2025-03-26 23:48:01,029 [Worker-59: Building] INFO  o.a.m.s.f.DefaultMavenResourcesFiltering - skip non existing resourceDirectory /Users/karansingh/Desktop/YT_advJava/Spring_YT/SpringJDBCcrudOper/src/main/resources
2025-03-26 23:48:01,030 [Worker-59: Building] INFO  o.a.m.s.f.DefaultMavenResourcesFiltering - skip non existing resourceDirectory /Users/karansingh/Desktop/YT_advJava/Spring_YT/SpringJDBCcrudOper/src/test/resources
2025-03-26 23:48:13,296 [Worker-52: Building] INFO  o.a.m.s.f.DefaultMavenResourcesFiltering - skip non existing resourceDirectory /Users/karansingh/Desktop/YT_advJava/Spring_YT/SpringJDBCcrudOper/src/main/resources
2025-03-26 23:48:13,297 [Worker-52: Building] INFO  o.a.m.s.f.DefaultMavenResourcesFiltering - skip non existing resourceDirectory /Users/karansingh/Desktop/YT_advJava/Spring_YT/SpringJDBCcrudOper/src/test/resources
2025-03-26 23:48:35,018 [Worker-58: Building] INFO  o.a.m.s.f.DefaultMavenResourcesFiltering - skip non existing resourceDirectory /Users/karansingh/Desktop/YT_advJava/Spring_YT/SpringJDBCcrudOper/src/main/resources
2025-03-26 23:48:35,019 [Worker-58: Building] INFO  o.a.m.s.f.DefaultMavenResourcesFiltering - skip non existing resourceDirectory /Users/karansingh/Desktop/YT_advJava/Spring_YT/SpringJDBCcrudOper/src/test/resources
2025-03-26 23:49:03,759 [Worker-56: Building] INFO  o.a.m.s.f.DefaultMavenResourcesFiltering - skip non existing resourceDirectory /Users/karansingh/Desktop/YT_advJava/Spring_YT/SpringJDBCcrudOper/src/main/resources
2025-03-26 23:49:03,761 [Worker-56: Building] INFO  o.a.m.s.f.DefaultMavenResourcesFiltering - skip non existing resourceDirectory /Users/karansingh/Desktop/YT_advJava/Spring_YT/SpringJDBCcrudOper/src/test/resources
2025-03-26 23:49:45,272 [Worker-59: Building] INFO  o.a.m.s.f.DefaultMavenResourcesFiltering - skip non existing resourceDirectory /Users/karansingh/Desktop/YT_advJava/Spring_YT/SpringJDBCcrudOper/src/main/resources
2025-03-26 23:49:45,273 [Worker-59: Building] INFO  o.a.m.s.f.DefaultMavenResourcesFiltering - skip non existing resourceDirectory /Users/karansingh/Desktop/YT_advJava/Spring_YT/SpringJDBCcrudOper/src/test/resources
2025-03-26 23:49:58,313 [Worker-60: Building] INFO  o.a.m.s.f.DefaultMavenResourcesFiltering - skip non existing resourceDirectory /Users/karansingh/Desktop/YT_advJava/Spring_YT/SpringJDBCcrudOper/src/main/resources
2025-03-26 23:49:58,314 [Worker-60: Building] INFO  o.a.m.s.f.DefaultMavenResourcesFiltering - skip non existing resourceDirectory /Users/karansingh/Desktop/YT_advJava/Spring_YT/SpringJDBCcrudOper/src/test/resources
2025-03-26 23:52:31,760 [Worker-56: Building] INFO  o.a.m.s.f.DefaultMavenResourcesFiltering - skip non existing resourceDirectory /Users/karansingh/Desktop/YT_advJava/Spring_YT/SpringJDBCcrudOper/src/main/resources
2025-03-26 23:52:31,762 [Worker-56: Building] INFO  o.a.m.s.f.DefaultMavenResourcesFiltering - skip non existing resourceDirectory /Users/karansingh/Desktop/YT_advJava/Spring_YT/SpringJDBCcrudOper/src/test/resources
2025-03-26 23:52:48,931 [Worker-62: Building] INFO  o.a.m.s.f.DefaultMavenResourcesFiltering - skip non existing resourceDirectory /Users/karansingh/Desktop/YT_advJava/Spring_YT/SpringJDBCcrudOper/src/main/resources
2025-03-26 23:52:48,932 [Worker-62: Building] INFO  o.a.m.s.f.DefaultMavenResourcesFiltering - skip non existing resourceDirectory /Users/karansingh/Desktop/YT_advJava/Spring_YT/SpringJDBCcrudOper/src/test/resources
2025-03-26 23:52:58,549 [Worker-59: Building] INFO  o.a.m.s.f.DefaultMavenResourcesFiltering - skip non existing resourceDirectory /Users/karansingh/Desktop/YT_advJava/Spring_YT/SpringJDBCcrudOper/src/main/resources
2025-03-26 23:52:58,551 [Worker-59: Building] INFO  o.a.m.s.f.DefaultMavenResourcesFiltering - skip non existing resourceDirectory /Users/karansingh/Desktop/YT_advJava/Spring_YT/SpringJDBCcrudOper/src/test/resources
2025-03-26 23:53:19,066 [Worker-61: Building] INFO  o.a.m.s.f.DefaultMavenResourcesFiltering - skip non existing resourceDirectory /Users/karansingh/Desktop/YT_advJava/Spring_YT/SpringJDBCcrudOper/src/main/resources
2025-03-26 23:53:19,067 [Worker-61: Building] INFO  o.a.m.s.f.DefaultMavenResourcesFiltering - skip non existing resourceDirectory /Users/karansingh/Desktop/YT_advJava/Spring_YT/SpringJDBCcrudOper/src/test/resources
2025-03-26 23:53:47,688 [Worker-60: Building] INFO  o.a.m.s.f.DefaultMavenResourcesFiltering - skip non existing resourceDirectory /Users/karansingh/Desktop/YT_advJava/Spring_YT/SpringJDBCcrudOper/src/main/resources
2025-03-26 23:53:47,689 [Worker-60: Building] INFO  o.a.m.s.f.DefaultMavenResourcesFiltering - skip non existing resourceDirectory /Users/karansingh/Desktop/YT_advJava/Spring_YT/SpringJDBCcrudOper/src/test/resources
2025-03-26 23:54:22,895 [Worker-60: Building] INFO  o.a.m.s.f.DefaultMavenResourcesFiltering - skip non existing resourceDirectory /Users/karansingh/Desktop/YT_advJava/Spring_YT/SpringJDBCcrudOper/src/main/resources
2025-03-26 23:54:22,896 [Worker-60: Building] INFO  o.a.m.s.f.DefaultMavenResourcesFiltering - skip non existing resourceDirectory /Users/karansingh/Desktop/YT_advJava/Spring_YT/SpringJDBCcrudOper/src/test/resources
2025-03-26 23:54:52,655 [Worker-62: Building] INFO  o.a.m.s.f.DefaultMavenResourcesFiltering - skip non existing resourceDirectory /Users/karansingh/Desktop/YT_advJava/Spring_YT/SpringJDBCcrudOper/src/main/resources
2025-03-26 23:54:52,656 [Worker-62: Building] INFO  o.a.m.s.f.DefaultMavenResourcesFiltering - skip non existing resourceDirectory /Users/karansingh/Desktop/YT_advJava/Spring_YT/SpringJDBCcrudOper/src/test/resources
2025-03-26 23:58:43,827 [Worker-60: Building] INFO  o.a.m.s.f.DefaultMavenResourcesFiltering - skip non existing resourceDirectory /Users/karansingh/Desktop/YT_advJava/Spring_YT/SpringJDBCcrudOper/src/main/resources
2025-03-26 23:58:43,828 [Worker-60: Building] INFO  o.a.m.s.f.DefaultMavenResourcesFiltering - skip non existing resourceDirectory /Users/karansingh/Desktop/YT_advJava/Spring_YT/SpringJDBCcrudOper/src/test/resources
2025-03-26 23:59:12,759 [Worker-64: Building] INFO  o.a.m.s.f.DefaultMavenResourcesFiltering - skip non existing resourceDirectory /Users/karansingh/Desktop/YT_advJava/Spring_YT/SpringJDBCcrudOper/src/main/resources
2025-03-26 23:59:12,760 [Worker-64: Building] INFO  o.a.m.s.f.DefaultMavenResourcesFiltering - skip non existing resourceDirectory /Users/karansingh/Desktop/YT_advJava/Spring_YT/SpringJDBCcrudOper/src/test/resources
2025-03-26 23:59:37,560 [Worker-65: Building] INFO  o.a.m.s.f.DefaultMavenResourcesFiltering - skip non existing resourceDirectory /Users/karansingh/Desktop/YT_advJava/Spring_YT/SpringJDBCcrudOper/src/main/resources
2025-03-26 23:59:37,561 [Worker-65: Building] INFO  o.a.m.s.f.DefaultMavenResourcesFiltering - skip non existing resourceDirectory /Users/karansingh/Desktop/YT_advJava/Spring_YT/SpringJDBCcrudOper/src/test/resources
2025-03-27 00:00:10,974 [Worker-64: Building] INFO  o.a.m.s.f.DefaultMavenResourcesFiltering - skip non existing resourceDirectory /Users/karansingh/Desktop/YT_advJava/Spring_YT/SpringJDBCcrudOper/src/main/resources
2025-03-27 00:00:10,975 [Worker-64: Building] INFO  o.a.m.s.f.DefaultMavenResourcesFiltering - skip non existing resourceDirectory /Users/karansingh/Desktop/YT_advJava/Spring_YT/SpringJDBCcrudOper/src/test/resources
2025-03-27 00:01:12,963 [Worker-63: Building] INFO  o.a.m.s.f.DefaultMavenResourcesFiltering - skip non existing resourceDirectory /Users/karansingh/Desktop/YT_advJava/Spring_YT/SpringJDBCcrudOper/src/main/resources
2025-03-27 00:01:12,964 [Worker-63: Building] INFO  o.a.m.s.f.DefaultMavenResourcesFiltering - skip non existing resourceDirectory /Users/karansingh/Desktop/YT_advJava/Spring_YT/SpringJDBCcrudOper/src/test/resources
2025-03-27 00:01:24,047 [Worker-60: Building] INFO  o.a.m.s.f.DefaultMavenResourcesFiltering - skip non existing resourceDirectory /Users/karansingh/Desktop/YT_advJava/Spring_YT/SpringJDBCcrudOper/src/main/resources
2025-03-27 00:01:24,048 [Worker-60: Building] INFO  o.a.m.s.f.DefaultMavenResourcesFiltering - skip non existing resourceDirectory /Users/karansingh/Desktop/YT_advJava/Spring_YT/SpringJDBCcrudOper/src/test/resources
2025-03-27 00:02:29,713 [Worker-64: Building] INFO  o.a.m.s.f.DefaultMavenResourcesFiltering - skip non existing resourceDirectory /Users/karansingh/Desktop/YT_advJava/Spring_YT/SpringJDBCcrudOper/src/main/resources
2025-03-27 00:02:29,714 [Worker-64: Building] INFO  o.a.m.s.f.DefaultMavenResourcesFiltering - skip non existing resourceDirectory /Users/karansingh/Desktop/YT_advJava/Spring_YT/SpringJDBCcrudOper/src/test/resources
2025-03-27 00:02:54,467 [Worker-64: Building] INFO  o.a.m.s.f.DefaultMavenResourcesFiltering - skip non existing resourceDirectory /Users/karansingh/Desktop/YT_advJava/Spring_YT/SpringJDBCcrudOper/src/main/resources
2025-03-27 00:02:54,470 [Worker-64: Building] INFO  o.a.m.s.f.DefaultMavenResourcesFiltering - skip non existing resourceDirectory /Users/karansingh/Desktop/YT_advJava/Spring_YT/SpringJDBCcrudOper/src/test/resources
2025-03-27 00:03:00,736 [Worker-64: Building] INFO  o.a.m.s.f.DefaultMavenResourcesFiltering - skip non existing resourceDirectory /Users/karansingh/Desktop/YT_advJava/Spring_YT/SpringJDBCcrudOper/src/main/resources
2025-03-27 00:03:00,737 [Worker-64: Building] INFO  o.a.m.s.f.DefaultMavenResourcesFiltering - skip non existing resourceDirectory /Users/karansingh/Desktop/YT_advJava/Spring_YT/SpringJDBCcrudOper/src/test/resources
2025-03-27 00:03:20,202 [Worker-63: Building] INFO  o.a.m.s.f.DefaultMavenResourcesFiltering - skip non existing resourceDirectory /Users/karansingh/Desktop/YT_advJava/Spring_YT/SpringJDBCcrudOper/src/main/resources
2025-03-27 00:03:20,203 [Worker-63: Building] INFO  o.a.m.s.f.DefaultMavenResourcesFiltering - skip non existing resourceDirectory /Users/karansingh/Desktop/YT_advJava/Spring_YT/SpringJDBCcrudOper/src/test/resources
2025-03-27 00:12:52,651 [Worker-63: Launching mavenrun-43dbc56f-9e0a-4c6d-b6a3-d18e57554966] INFO  o.eclipse.m2e.core.internal.Bundles - getClasspathEntries(Bundle=org.eclipse.m2e.maven.runtime_3.9.900.20240824-1409 [1613])
2025-03-27 00:12:52,655 [Worker-63: Launching mavenrun-43dbc56f-9e0a-4c6d-b6a3-d18e57554966] INFO  o.eclipse.m2e.core.internal.Bundles - 	Entry: /Applications/Eclipse.app/Contents/Eclipse/plugins/org.eclipse.m2e.maven.runtime_3.9.900.20240824-1409
2025-03-27 00:12:52,655 [Worker-63: Launching mavenrun-43dbc56f-9e0a-4c6d-b6a3-d18e57554966] INFO  o.eclipse.m2e.core.internal.Bundles - 	Entry: /Applications/Eclipse.app/Contents/Eclipse/plugins/org.eclipse.m2e.maven.runtime_3.9.900.20240824-1409/jars/aopalliance-1.0.jar
2025-03-27 00:12:52,655 [Worker-63: Launching mavenrun-43dbc56f-9e0a-4c6d-b6a3-d18e57554966] INFO  o.eclipse.m2e.core.internal.Bundles - 	Entry: /Applications/Eclipse.app/Contents/Eclipse/plugins/org.eclipse.m2e.maven.runtime_3.9.900.20240824-1409/jars/guice-5.1.0.jar
2025-03-27 00:12:52,655 [Worker-63: Launching mavenrun-43dbc56f-9e0a-4c6d-b6a3-d18e57554966] INFO  o.eclipse.m2e.core.internal.Bundles - 	Entry: /Applications/Eclipse.app/Contents/Eclipse/plugins/org.eclipse.m2e.maven.runtime_3.9.900.20240824-1409/jars/httpclient-4.5.14.jar
2025-03-27 00:12:52,655 [Worker-63: Launching mavenrun-43dbc56f-9e0a-4c6d-b6a3-d18e57554966] INFO  o.eclipse.m2e.core.internal.Bundles - 	Entry: /Applications/Eclipse.app/Contents/Eclipse/plugins/org.eclipse.m2e.maven.runtime_3.9.900.20240824-1409/jars/httpcore-4.4.16.jar
2025-03-27 00:12:52,655 [Worker-63: Launching mavenrun-43dbc56f-9e0a-4c6d-b6a3-d18e57554966] INFO  o.eclipse.m2e.core.internal.Bundles - 	Entry: /Applications/Eclipse.app/Contents/Eclipse/plugins/org.eclipse.m2e.maven.runtime_3.9.900.20240824-1409/jars/jansi-2.4.1.jar
2025-03-27 00:12:52,655 [Worker-63: Launching mavenrun-43dbc56f-9e0a-4c6d-b6a3-d18e57554966] INFO  o.eclipse.m2e.core.internal.Bundles - 	Entry: /Applications/Eclipse.app/Contents/Eclipse/plugins/org.eclipse.m2e.maven.runtime_3.9.900.20240824-1409/jars/jcl-over-slf4j-1.7.36.jar
2025-03-27 00:12:52,655 [Worker-63: Launching mavenrun-43dbc56f-9e0a-4c6d-b6a3-d18e57554966] INFO  o.eclipse.m2e.core.internal.Bundles - 	Entry: /Applications/Eclipse.app/Contents/Eclipse/plugins/org.eclipse.m2e.maven.runtime_3.9.900.20240824-1409/jars/maven-artifact-3.9.9.jar
2025-03-27 00:12:52,655 [Worker-63: Launching mavenrun-43dbc56f-9e0a-4c6d-b6a3-d18e57554966] INFO  o.eclipse.m2e.core.internal.Bundles - 	Entry: /Applications/Eclipse.app/Contents/Eclipse/plugins/org.eclipse.m2e.maven.runtime_3.9.900.20240824-1409/jars/maven-builder-support-3.9.9.jar
2025-03-27 00:12:52,656 [Worker-63: Launching mavenrun-43dbc56f-9e0a-4c6d-b6a3-d18e57554966] INFO  o.eclipse.m2e.core.internal.Bundles - 	Entry: /Applications/Eclipse.app/Contents/Eclipse/plugins/org.eclipse.m2e.maven.runtime_3.9.900.20240824-1409/jars/maven-compat-3.9.9.jar
2025-03-27 00:12:52,656 [Worker-63: Launching mavenrun-43dbc56f-9e0a-4c6d-b6a3-d18e57554966] INFO  o.eclipse.m2e.core.internal.Bundles - 	Entry: /Applications/Eclipse.app/Contents/Eclipse/plugins/org.eclipse.m2e.maven.runtime_3.9.900.20240824-1409/jars/maven-core-3.9.9.jar
2025-03-27 00:12:52,656 [Worker-63: Launching mavenrun-43dbc56f-9e0a-4c6d-b6a3-d18e57554966] INFO  o.eclipse.m2e.core.internal.Bundles - 	Entry: /Applications/Eclipse.app/Contents/Eclipse/plugins/org.eclipse.m2e.maven.runtime_3.9.900.20240824-1409/jars/maven-embedder-3.9.9.jar
2025-03-27 00:12:52,656 [Worker-63: Launching mavenrun-43dbc56f-9e0a-4c6d-b6a3-d18e57554966] INFO  o.eclipse.m2e.core.internal.Bundles - 	Entry: /Applications/Eclipse.app/Contents/Eclipse/plugins/org.eclipse.m2e.maven.runtime_3.9.900.20240824-1409/jars/maven-model-3.9.9.jar
2025-03-27 00:12:52,656 [Worker-63: Launching mavenrun-43dbc56f-9e0a-4c6d-b6a3-d18e57554966] INFO  o.eclipse.m2e.core.internal.Bundles - 	Entry: /Applications/Eclipse.app/Contents/Eclipse/plugins/org.eclipse.m2e.maven.runtime_3.9.900.20240824-1409/jars/maven-model-builder-3.9.9.jar
2025-03-27 00:12:52,656 [Worker-63: Launching mavenrun-43dbc56f-9e0a-4c6d-b6a3-d18e57554966] INFO  o.eclipse.m2e.core.internal.Bundles - 	Entry: /Applications/Eclipse.app/Contents/Eclipse/plugins/org.eclipse.m2e.maven.runtime_3.9.900.20240824-1409/jars/maven-plugin-api-3.9.9.jar
2025-03-27 00:12:52,656 [Worker-63: Launching mavenrun-43dbc56f-9e0a-4c6d-b6a3-d18e57554966] INFO  o.eclipse.m2e.core.internal.Bundles - 	Entry: /Applications/Eclipse.app/Contents/Eclipse/plugins/org.eclipse.m2e.maven.runtime_3.9.900.20240824-1409/jars/maven-repository-metadata-3.9.9.jar
2025-03-27 00:12:52,656 [Worker-63: Launching mavenrun-43dbc56f-9e0a-4c6d-b6a3-d18e57554966] INFO  o.eclipse.m2e.core.internal.Bundles - 	Entry: /Applications/Eclipse.app/Contents/Eclipse/plugins/org.eclipse.m2e.maven.runtime_3.9.900.20240824-1409/jars/maven-resolver-api-1.9.22.jar
2025-03-27 00:12:52,656 [Worker-63: Launching mavenrun-43dbc56f-9e0a-4c6d-b6a3-d18e57554966] INFO  o.eclipse.m2e.core.internal.Bundles - 	Entry: /Applications/Eclipse.app/Contents/Eclipse/plugins/org.eclipse.m2e.maven.runtime_3.9.900.20240824-1409/jars/maven-resolver-connector-basic-1.9.22.jar
2025-03-27 00:12:52,656 [Worker-63: Launching mavenrun-43dbc56f-9e0a-4c6d-b6a3-d18e57554966] INFO  o.eclipse.m2e.core.internal.Bundles - 	Entry: /Applications/Eclipse.app/Contents/Eclipse/plugins/org.eclipse.m2e.maven.runtime_3.9.900.20240824-1409/jars/maven-resolver-impl-1.9.22.jar
2025-03-27 00:12:52,656 [Worker-63: Launching mavenrun-43dbc56f-9e0a-4c6d-b6a3-d18e57554966] INFO  o.eclipse.m2e.core.internal.Bundles - 	Entry: /Applications/Eclipse.app/Contents/Eclipse/plugins/org.eclipse.m2e.maven.runtime_3.9.900.20240824-1409/jars/maven-resolver-named-locks-1.9.22.jar
2025-03-27 00:12:52,656 [Worker-63: Launching mavenrun-43dbc56f-9e0a-4c6d-b6a3-d18e57554966] INFO  o.eclipse.m2e.core.internal.Bundles - 	Entry: /Applications/Eclipse.app/Contents/Eclipse/plugins/org.eclipse.m2e.maven.runtime_3.9.900.20240824-1409/jars/maven-resolver-provider-3.9.9.jar
2025-03-27 00:12:52,656 [Worker-63: Launching mavenrun-43dbc56f-9e0a-4c6d-b6a3-d18e57554966] INFO  o.eclipse.m2e.core.internal.Bundles - 	Entry: /Applications/Eclipse.app/Contents/Eclipse/plugins/org.eclipse.m2e.maven.runtime_3.9.900.20240824-1409/jars/maven-resolver-spi-1.9.22.jar
2025-03-27 00:12:52,657 [Worker-63: Launching mavenrun-43dbc56f-9e0a-4c6d-b6a3-d18e57554966] INFO  o.eclipse.m2e.core.internal.Bundles - 	Entry: /Applications/Eclipse.app/Contents/Eclipse/plugins/org.eclipse.m2e.maven.runtime_3.9.900.20240824-1409/jars/maven-resolver-transport-file-1.9.22.jar
2025-03-27 00:12:52,657 [Worker-63: Launching mavenrun-43dbc56f-9e0a-4c6d-b6a3-d18e57554966] INFO  o.eclipse.m2e.core.internal.Bundles - 	Entry: /Applications/Eclipse.app/Contents/Eclipse/plugins/org.eclipse.m2e.maven.runtime_3.9.900.20240824-1409/jars/maven-resolver-transport-http-1.9.22.jar
2025-03-27 00:12:52,657 [Worker-63: Launching mavenrun-43dbc56f-9e0a-4c6d-b6a3-d18e57554966] INFO  o.eclipse.m2e.core.internal.Bundles - 	Entry: /Applications/Eclipse.app/Contents/Eclipse/plugins/org.eclipse.m2e.maven.runtime_3.9.900.20240824-1409/jars/maven-resolver-transport-wagon-1.9.22.jar
2025-03-27 00:12:52,657 [Worker-63: Launching mavenrun-43dbc56f-9e0a-4c6d-b6a3-d18e57554966] INFO  o.eclipse.m2e.core.internal.Bundles - 	Entry: /Applications/Eclipse.app/Contents/Eclipse/plugins/org.eclipse.m2e.maven.runtime_3.9.900.20240824-1409/jars/maven-resolver-util-1.9.22.jar
2025-03-27 00:12:52,657 [Worker-63: Launching mavenrun-43dbc56f-9e0a-4c6d-b6a3-d18e57554966] INFO  o.eclipse.m2e.core.internal.Bundles - 	Entry: /Applications/Eclipse.app/Contents/Eclipse/plugins/org.eclipse.m2e.maven.runtime_3.9.900.20240824-1409/jars/maven-settings-3.9.9.jar
2025-03-27 00:12:52,657 [Worker-63: Launching mavenrun-43dbc56f-9e0a-4c6d-b6a3-d18e57554966] INFO  o.eclipse.m2e.core.internal.Bundles - 	Entry: /Applications/Eclipse.app/Contents/Eclipse/plugins/org.eclipse.m2e.maven.runtime_3.9.900.20240824-1409/jars/maven-settings-builder-3.9.9.jar
2025-03-27 00:12:52,657 [Worker-63: Launching mavenrun-43dbc56f-9e0a-4c6d-b6a3-d18e57554966] INFO  o.eclipse.m2e.core.internal.Bundles - 	Entry: /Applications/Eclipse.app/Contents/Eclipse/plugins/org.eclipse.m2e.maven.runtime_3.9.900.20240824-1409/jars/maven-shared-utils-3.4.2.jar
2025-03-27 00:12:52,657 [Worker-63: Launching mavenrun-43dbc56f-9e0a-4c6d-b6a3-d18e57554966] INFO  o.eclipse.m2e.core.internal.Bundles - 	Entry: /Applications/Eclipse.app/Contents/Eclipse/plugins/org.eclipse.m2e.maven.runtime_3.9.900.20240824-1409/jars/org.eclipse.sisu.inject-0.9.0.M3.jar
2025-03-27 00:12:52,657 [Worker-63: Launching mavenrun-43dbc56f-9e0a-4c6d-b6a3-d18e57554966] INFO  o.eclipse.m2e.core.internal.Bundles - 	Entry: /Applications/Eclipse.app/Contents/Eclipse/plugins/org.eclipse.m2e.maven.runtime_3.9.900.20240824-1409/jars/org.eclipse.sisu.plexus-0.9.0.M3.jar
2025-03-27 00:12:52,657 [Worker-63: Launching mavenrun-43dbc56f-9e0a-4c6d-b6a3-d18e57554966] INFO  o.eclipse.m2e.core.internal.Bundles - 	Entry: /Applications/Eclipse.app/Contents/Eclipse/plugins/org.eclipse.m2e.maven.runtime_3.9.900.20240824-1409/jars/plexus-build-api-0.0.7.jar
2025-03-27 00:12:52,657 [Worker-63: Launching mavenrun-43dbc56f-9e0a-4c6d-b6a3-d18e57554966] INFO  o.eclipse.m2e.core.internal.Bundles - 	Entry: /Applications/Eclipse.app/Contents/Eclipse/plugins/org.eclipse.m2e.maven.runtime_3.9.900.20240824-1409/jars/plexus-build-api-1.2.0.jar
2025-03-27 00:12:52,657 [Worker-63: Launching mavenrun-43dbc56f-9e0a-4c6d-b6a3-d18e57554966] INFO  o.eclipse.m2e.core.internal.Bundles - 	Entry: /Applications/Eclipse.app/Contents/Eclipse/plugins/org.eclipse.m2e.maven.runtime_3.9.900.20240824-1409/jars/plexus-cipher-2.0.jar
2025-03-27 00:12:52,657 [Worker-63: Launching mavenrun-43dbc56f-9e0a-4c6d-b6a3-d18e57554966] INFO  o.eclipse.m2e.core.internal.Bundles - 	Entry: /Applications/Eclipse.app/Contents/Eclipse/plugins/org.eclipse.m2e.maven.runtime_3.9.900.20240824-1409/jars/plexus-classworlds-2.8.0.jar
2025-03-27 00:12:52,657 [Worker-63: Launching mavenrun-43dbc56f-9e0a-4c6d-b6a3-d18e57554966] INFO  o.eclipse.m2e.core.internal.Bundles - 	Entry: /Applications/Eclipse.app/Contents/Eclipse/plugins/org.eclipse.m2e.maven.runtime_3.9.900.20240824-1409/jars/plexus-component-annotations-2.1.0.jar
2025-03-27 00:12:52,657 [Worker-63: Launching mavenrun-43dbc56f-9e0a-4c6d-b6a3-d18e57554966] INFO  o.eclipse.m2e.core.internal.Bundles - 	Entry: /Applications/Eclipse.app/Contents/Eclipse/plugins/org.eclipse.m2e.maven.runtime_3.9.900.20240824-1409/jars/plexus-interpolation-1.27.jar
2025-03-27 00:12:52,658 [Worker-63: Launching mavenrun-43dbc56f-9e0a-4c6d-b6a3-d18e57554966] INFO  o.eclipse.m2e.core.internal.Bundles - 	Entry: /Applications/Eclipse.app/Contents/Eclipse/plugins/org.eclipse.m2e.maven.runtime_3.9.900.20240824-1409/jars/plexus-sec-dispatcher-2.0.jar
2025-03-27 00:12:52,658 [Worker-63: Launching mavenrun-43dbc56f-9e0a-4c6d-b6a3-d18e57554966] INFO  o.eclipse.m2e.core.internal.Bundles - 	Entry: /Applications/Eclipse.app/Contents/Eclipse/plugins/org.eclipse.m2e.maven.runtime_3.9.900.20240824-1409/jars/plexus-utils-3.5.1.jar
2025-03-27 00:12:52,658 [Worker-63: Launching mavenrun-43dbc56f-9e0a-4c6d-b6a3-d18e57554966] INFO  o.eclipse.m2e.core.internal.Bundles - 	Entry: /Applications/Eclipse.app/Contents/Eclipse/plugins/org.eclipse.m2e.maven.runtime_3.9.900.20240824-1409/jars/plexus-xml-3.0.1.jar
2025-03-27 00:12:52,658 [Worker-63: Launching mavenrun-43dbc56f-9e0a-4c6d-b6a3-d18e57554966] INFO  o.eclipse.m2e.core.internal.Bundles - 	Entry: /Applications/Eclipse.app/Contents/Eclipse/plugins/org.eclipse.m2e.maven.runtime_3.9.900.20240824-1409/jars/wagon-file-3.5.3.jar
2025-03-27 00:12:52,658 [Worker-63: Launching mavenrun-43dbc56f-9e0a-4c6d-b6a3-d18e57554966] INFO  o.eclipse.m2e.core.internal.Bundles - 	Entry: /Applications/Eclipse.app/Contents/Eclipse/plugins/org.eclipse.m2e.maven.runtime_3.9.900.20240824-1409/jars/wagon-http-3.5.3.jar
2025-03-27 00:12:52,658 [Worker-63: Launching mavenrun-43dbc56f-9e0a-4c6d-b6a3-d18e57554966] INFO  o.eclipse.m2e.core.internal.Bundles - 	Entry: /Applications/Eclipse.app/Contents/Eclipse/plugins/org.eclipse.m2e.maven.runtime_3.9.900.20240824-1409/jars/wagon-http-shared-3.5.3.jar
2025-03-27 00:12:52,658 [Worker-63: Launching mavenrun-43dbc56f-9e0a-4c6d-b6a3-d18e57554966] INFO  o.eclipse.m2e.core.internal.Bundles - 	Entry: /Applications/Eclipse.app/Contents/Eclipse/plugins/org.eclipse.m2e.maven.runtime_3.9.900.20240824-1409/jars/wagon-provider-api-3.5.3.jar
2025-03-27 00:12:52,659 [Worker-63: Launching mavenrun-43dbc56f-9e0a-4c6d-b6a3-d18e57554966] INFO  o.eclipse.m2e.core.internal.Bundles - getClasspathEntries(Bundle=com.google.guava_33.3.0.jre [1530])
2025-03-27 00:12:52,660 [Worker-63: Launching mavenrun-43dbc56f-9e0a-4c6d-b6a3-d18e57554966] INFO  o.eclipse.m2e.core.internal.Bundles - 	Entry: /Applications/Eclipse.app/Contents/Eclipse/plugins/com.google.guava_33.3.0.jre.jar
2025-03-27 00:12:52,660 [Worker-63: Launching mavenrun-43dbc56f-9e0a-4c6d-b6a3-d18e57554966] INFO  o.eclipse.m2e.core.internal.Bundles - getClasspathEntries(Bundle=slf4j.api_2.0.16 [1648])
2025-03-27 00:12:52,660 [Worker-63: Launching mavenrun-43dbc56f-9e0a-4c6d-b6a3-d18e57554966] INFO  o.eclipse.m2e.core.internal.Bundles - 	Entry: /Applications/Eclipse.app/Contents/Eclipse/plugins/slf4j.api_2.0.16.jar
2025-03-27 00:12:52,660 [Worker-63: Launching mavenrun-43dbc56f-9e0a-4c6d-b6a3-d18e57554966] INFO  o.eclipse.m2e.core.internal.Bundles - getClasspathEntries(Bundle=javax.inject_1.0.0.v20220405-0441 [1116])
2025-03-27 00:12:52,660 [Worker-63: Launching mavenrun-43dbc56f-9e0a-4c6d-b6a3-d18e57554966] INFO  o.eclipse.m2e.core.internal.Bundles - 	Entry: /Applications/Eclipse.app/Contents/Eclipse/plugins/javax.inject_1.0.0.v20220405-0441.jar
2025-03-27 00:12:52,660 [Worker-63: Launching mavenrun-43dbc56f-9e0a-4c6d-b6a3-d18e57554966] INFO  o.eclipse.m2e.core.internal.Bundles - getClasspathEntries(Bundle=javax.annotation_1.3.5.v20230504-0748 [1115])
2025-03-27 00:12:52,660 [Worker-63: Launching mavenrun-43dbc56f-9e0a-4c6d-b6a3-d18e57554966] INFO  o.eclipse.m2e.core.internal.Bundles - 	Entry: /Applications/Eclipse.app/Contents/Eclipse/plugins/javax.annotation_1.3.5.v20230504-0748.jar
2025-03-27 00:12:52,660 [Worker-63: Launching mavenrun-43dbc56f-9e0a-4c6d-b6a3-d18e57554966] INFO  o.eclipse.m2e.core.internal.Bundles - getClasspathEntries(Bundle=org.apache.commons.cli_1.9.0 [1532])
2025-03-27 00:12:52,660 [Worker-63: Launching mavenrun-43dbc56f-9e0a-4c6d-b6a3-d18e57554966] INFO  o.eclipse.m2e.core.internal.Bundles - 	Entry: /Applications/Eclipse.app/Contents/Eclipse/plugins/org.apache.commons.cli_1.9.0.jar
2025-03-27 00:12:52,660 [Worker-63: Launching mavenrun-43dbc56f-9e0a-4c6d-b6a3-d18e57554966] INFO  o.eclipse.m2e.core.internal.Bundles - getClasspathEntries(Bundle=org.apache.commons.commons-codec_1.16.0 [78])
2025-03-27 00:12:52,660 [Worker-63: Launching mavenrun-43dbc56f-9e0a-4c6d-b6a3-d18e57554966] INFO  o.eclipse.m2e.core.internal.Bundles - 	Entry: /Applications/Eclipse.app/Contents/Eclipse/plugins/org.apache.commons.commons-codec_1.16.0.jar
2025-03-27 00:12:52,660 [Worker-63: Launching mavenrun-43dbc56f-9e0a-4c6d-b6a3-d18e57554966] INFO  o.eclipse.m2e.core.internal.Bundles - getClasspathEntries(Bundle=com.google.guava.failureaccess_1.0.2 [15])
2025-03-27 00:12:52,660 [Worker-63: Launching mavenrun-43dbc56f-9e0a-4c6d-b6a3-d18e57554966] INFO  o.eclipse.m2e.core.internal.Bundles - 	Entry: /Applications/Eclipse.app/Contents/Eclipse/plugins/com.google.guava.failureaccess_1.0.2.jar
2025-03-27 00:12:52,662 [Worker-63: Launching mavenrun-43dbc56f-9e0a-4c6d-b6a3-d18e57554966] INFO  o.e.m.i.launch.MavenLaunchDelegate - Run build in "/var/folders/_0/8h1vjs6958xfnyxm3w2f1qvc0000gn/T/m2e-archetypeGenerator16845419269040877949":
2025-03-27 00:12:52,664 [Worker-63: Launching mavenrun-43dbc56f-9e0a-4c6d-b6a3-d18e57554966] INFO  o.e.m.i.launch.MavenLaunchDelegate -  mvn  -DarchetypeGroupId=org.apache.maven.archetypes -DarchetypeArtifactId=maven-archetype-quickstart -DarchetypeVersion=1.1 -DgroupId=in.smrtPrgm -DartifactId=NamedParameterJdbcTemplateDemo -Dversion=1.0 -Dpackage=in.sp.main -DoutputDirectory=/Users/karansingh/Desktop/YT_advJava/Spring_YT -Dstyle.color=always -U archetype:generate
2025-03-27 00:13:06,963 [Worker-61: Creating maven-archetype-quickstart] INFO  o.e.m.c.i.p.ProjectConfigurationManager - Collecting project info '/pom.xml' /Users/karansingh/Desktop/YT_advJava/Spring_YT/NamedParameterJdbcTemplateDemo/pom.xml
2025-03-27 00:13:07,171 [Worker-61: Creating maven-archetype-quickstart] INFO  o.e.m.c.i.l.LifecycleMappingFactory - Using org.eclipse.m2e.jdt.JarLifecycleMapping lifecycle mapping for MavenProject: in.smrtPrgm:NamedParameterJdbcTemplateDemo:1.0 @ /Users/karansingh/Desktop/YT_advJava/Spring_YT/NamedParameterJdbcTemplateDemo/pom.xml.
2025-03-27 00:13:07,308 [Worker-61: Creating maven-archetype-quickstart] INFO  o.e.m.j.i.AbstractJavaProjectConfigurator - Adding source folder /NamedParameterJdbcTemplateDemo/src/main/java
2025-03-27 00:13:07,309 [Worker-61: Creating maven-archetype-quickstart] INFO  o.e.m.j.i.AbstractJavaProjectConfigurator - Adding resource folder /NamedParameterJdbcTemplateDemo/src/main/resources
2025-03-27 00:13:07,310 [Worker-61: Creating maven-archetype-quickstart] INFO  o.e.m.j.i.AbstractJavaProjectConfigurator - Adding source folder /NamedParameterJdbcTemplateDemo/src/test/java
2025-03-27 00:13:07,310 [Worker-61: Creating maven-archetype-quickstart] INFO  o.e.m.j.i.AbstractJavaProjectConfigurator - Adding resource folder /NamedParameterJdbcTemplateDemo/src/test/resources
2025-03-27 00:13:07,329 [Worker-61: Creating maven-archetype-quickstart] INFO  o.e.m.c.i.p.ProjectConfigurationManager - Imported and configured 1 project(s) in 0 sec
2025-03-27 00:13:07,562 [Worker-70: Building] INFO  o.a.m.s.f.DefaultMavenResourcesFiltering - skip non existing resourceDirectory /Users/karansingh/Desktop/YT_advJava/Spring_YT/NamedParameterJdbcTemplateDemo/src/main/resources
2025-03-27 00:13:07,562 [Worker-70: Building] INFO  o.a.m.s.f.DefaultMavenResourcesFiltering - skip non existing resourceDirectory /Users/karansingh/Desktop/YT_advJava/Spring_YT/NamedParameterJdbcTemplateDemo/src/test/resources
2025-03-27 00:16:06,368 [Worker-67: Building] INFO  o.e.m.c.i.l.LifecycleMappingFactory - Using org.eclipse.m2e.jdt.JarLifecycleMapping lifecycle mapping for MavenProject: in.smrtPrgm:NamedParameterJdbcTemplateDemo:1.0 @ /Users/karansingh/Desktop/YT_advJava/Spring_YT/NamedParameterJdbcTemplateDemo/pom.xml.
2025-03-27 00:16:06,411 [Worker-67: Building] INFO  o.a.m.s.f.DefaultMavenResourcesFiltering - skip non existing resourceDirectory /Users/karansingh/Desktop/YT_advJava/Spring_YT/NamedParameterJdbcTemplateDemo/src/main/resources
2025-03-27 00:16:06,412 [Worker-67: Building] INFO  o.a.m.s.f.DefaultMavenResourcesFiltering - skip non existing resourceDirectory /Users/karansingh/Desktop/YT_advJava/Spring_YT/NamedParameterJdbcTemplateDemo/src/test/resources
2025-03-27 00:16:07,556 [Worker-73: Building] INFO  o.a.m.s.f.DefaultMavenResourcesFiltering - skip non existing resourceDirectory /Users/karansingh/Desktop/YT_advJava/Spring_YT/NamedParameterJdbcTemplateDemo/src/main/resources
2025-03-27 00:16:07,557 [Worker-73: Building] INFO  o.a.m.s.f.DefaultMavenResourcesFiltering - skip non existing resourceDirectory /Users/karansingh/Desktop/YT_advJava/Spring_YT/NamedParameterJdbcTemplateDemo/src/test/resources
2025-03-27 00:17:22,864 [Worker-63: Building] INFO  o.a.m.s.f.DefaultMavenResourcesFiltering - skip non existing resourceDirectory /Users/karansingh/Desktop/YT_advJava/Spring_YT/NamedParameterJdbcTemplateDemo/src/main/resources
2025-03-27 00:17:22,866 [Worker-63: Building] INFO  o.a.m.s.f.DefaultMavenResourcesFiltering - skip non existing resourceDirectory /Users/karansingh/Desktop/YT_advJava/Spring_YT/NamedParameterJdbcTemplateDemo/src/test/resources
2025-03-27 00:19:01,322 [Worker-75: Building] INFO  o.a.m.s.f.DefaultMavenResourcesFiltering - skip non existing resourceDirectory /Users/karansingh/Desktop/YT_advJava/Spring_YT/NamedParameterJdbcTemplateDemo/src/main/resources
2025-03-27 00:19:01,323 [Worker-75: Building] INFO  o.a.m.s.f.DefaultMavenResourcesFiltering - skip non existing resourceDirectory /Users/karansingh/Desktop/YT_advJava/Spring_YT/NamedParameterJdbcTemplateDemo/src/test/resources
2025-03-27 00:19:32,257 [Worker-74: Building] INFO  o.a.m.s.f.DefaultMavenResourcesFiltering - skip non existing resourceDirectory /Users/karansingh/Desktop/YT_advJava/Spring_YT/NamedParameterJdbcTemplateDemo/src/main/resources
2025-03-27 00:19:32,260 [Worker-74: Building] INFO  o.a.m.s.f.DefaultMavenResourcesFiltering - skip non existing resourceDirectory /Users/karansingh/Desktop/YT_advJava/Spring_YT/NamedParameterJdbcTemplateDemo/src/test/resources
2025-03-27 00:20:18,505 [Worker-73: Building] INFO  o.a.m.s.f.DefaultMavenResourcesFiltering - skip non existing resourceDirectory /Users/karansingh/Desktop/YT_advJava/Spring_YT/NamedParameterJdbcTemplateDemo/src/main/resources
2025-03-27 00:20:18,506 [Worker-73: Building] INFO  o.a.m.s.f.DefaultMavenResourcesFiltering - skip non existing resourceDirectory /Users/karansingh/Desktop/YT_advJava/Spring_YT/NamedParameterJdbcTemplateDemo/src/test/resources
2025-03-27 00:23:13,874 [Worker-70: Building] INFO  o.a.m.s.f.DefaultMavenResourcesFiltering - skip non existing resourceDirectory /Users/karansingh/Desktop/YT_advJava/Spring_YT/NamedParameterJdbcTemplateDemo/src/main/resources
2025-03-27 00:23:13,875 [Worker-70: Building] INFO  o.a.m.s.f.DefaultMavenResourcesFiltering - skip non existing resourceDirectory /Users/karansingh/Desktop/YT_advJava/Spring_YT/NamedParameterJdbcTemplateDemo/src/test/resources
2025-03-27 00:34:51,225 [Worker-63: Building] INFO  o.a.m.s.f.DefaultMavenResourcesFiltering - skip non existing resourceDirectory /Users/karansingh/Desktop/YT_advJava/Spring_YT/NamedParameterJdbcTemplateDemo/src/main/resources
2025-03-27 00:34:51,227 [Worker-63: Building] INFO  o.a.m.s.f.DefaultMavenResourcesFiltering - skip non existing resourceDirectory /Users/karansingh/Desktop/YT_advJava/Spring_YT/NamedParameterJdbcTemplateDemo/src/test/resources
2025-03-27 00:35:16,718 [Worker-77: Building] INFO  o.a.m.s.f.DefaultMavenResourcesFiltering - skip non existing resourceDirectory /Users/karansingh/Desktop/YT_advJava/Spring_YT/NamedParameterJdbcTemplateDemo/src/main/resources
2025-03-27 00:35:16,720 [Worker-77: Building] INFO  o.a.m.s.f.DefaultMavenResourcesFiltering - skip non existing resourceDirectory /Users/karansingh/Desktop/YT_advJava/Spring_YT/NamedParameterJdbcTemplateDemo/src/test/resources
2025-03-27 00:35:50,546 [Worker-63: Building] INFO  o.a.m.s.f.DefaultMavenResourcesFiltering - skip non existing resourceDirectory /Users/karansingh/Desktop/YT_advJava/Spring_YT/NamedParameterJdbcTemplateDemo/src/main/resources
2025-03-27 00:35:50,547 [Worker-63: Building] INFO  o.a.m.s.f.DefaultMavenResourcesFiltering - skip non existing resourceDirectory /Users/karansingh/Desktop/YT_advJava/Spring_YT/NamedParameterJdbcTemplateDemo/src/test/resources
2025-03-27 00:36:12,446 [Worker-77: Building] INFO  o.a.m.s.f.DefaultMavenResourcesFiltering - skip non existing resourceDirectory /Users/karansingh/Desktop/YT_advJava/Spring_YT/NamedParameterJdbcTemplateDemo/src/main/resources
2025-03-27 00:36:12,455 [Worker-77: Building] INFO  o.a.m.s.f.DefaultMavenResourcesFiltering - skip non existing resourceDirectory /Users/karansingh/Desktop/YT_advJava/Spring_YT/NamedParameterJdbcTemplateDemo/src/test/resources
2025-03-27 00:36:44,910 [Worker-78: Building] INFO  o.a.m.s.f.DefaultMavenResourcesFiltering - skip non existing resourceDirectory /Users/karansingh/Desktop/YT_advJava/Spring_YT/NamedParameterJdbcTemplateDemo/src/main/resources
2025-03-27 00:36:44,912 [Worker-78: Building] INFO  o.a.m.s.f.DefaultMavenResourcesFiltering - skip non existing resourceDirectory /Users/karansingh/Desktop/YT_advJava/Spring_YT/NamedParameterJdbcTemplateDemo/src/test/resources
2025-03-27 00:37:11,623 [Worker-73: Building] INFO  o.a.m.s.f.DefaultMavenResourcesFiltering - skip non existing resourceDirectory /Users/karansingh/Desktop/YT_advJava/Spring_YT/NamedParameterJdbcTemplateDemo/src/main/resources
2025-03-27 00:37:11,624 [Worker-73: Building] INFO  o.a.m.s.f.DefaultMavenResourcesFiltering - skip non existing resourceDirectory /Users/karansingh/Desktop/YT_advJava/Spring_YT/NamedParameterJdbcTemplateDemo/src/test/resources
2025-03-27 00:38:34,231 [Worker-77: Building] INFO  o.a.m.s.f.DefaultMavenResourcesFiltering - skip non existing resourceDirectory /Users/karansingh/Desktop/YT_advJava/Spring_YT/NamedParameterJdbcTemplateDemo/src/main/resources
2025-03-27 00:38:34,232 [Worker-77: Building] INFO  o.a.m.s.f.DefaultMavenResourcesFiltering - skip non existing resourceDirectory /Users/karansingh/Desktop/YT_advJava/Spring_YT/NamedParameterJdbcTemplateDemo/src/test/resources
2025-03-27 00:39:55,344 [Worker-77: Building] INFO  o.a.m.s.f.DefaultMavenResourcesFiltering - skip non existing resourceDirectory /Users/karansingh/Desktop/YT_advJava/Spring_YT/NamedParameterJdbcTemplateDemo/src/main/resources
2025-03-27 00:39:55,346 [Worker-77: Building] INFO  o.a.m.s.f.DefaultMavenResourcesFiltering - skip non existing resourceDirectory /Users/karansingh/Desktop/YT_advJava/Spring_YT/NamedParameterJdbcTemplateDemo/src/test/resources
2025-03-27 00:40:37,980 [Worker-76: Building] INFO  o.a.m.s.f.DefaultMavenResourcesFiltering - skip non existing resourceDirectory /Users/karansingh/Desktop/YT_advJava/Spring_YT/NamedParameterJdbcTemplateDemo/src/main/resources
2025-03-27 00:40:37,982 [Worker-76: Building] INFO  o.a.m.s.f.DefaultMavenResourcesFiltering - skip non existing resourceDirectory /Users/karansingh/Desktop/YT_advJava/Spring_YT/NamedParameterJdbcTemplateDemo/src/test/resources
2025-03-27 00:41:17,699 [Worker-63: Building] INFO  o.a.m.s.f.DefaultMavenResourcesFiltering - skip non existing resourceDirectory /Users/karansingh/Desktop/YT_advJava/Spring_YT/NamedParameterJdbcTemplateDemo/src/main/resources
2025-03-27 00:41:17,701 [Worker-63: Building] INFO  o.a.m.s.f.DefaultMavenResourcesFiltering - skip non existing resourceDirectory /Users/karansingh/Desktop/YT_advJava/Spring_YT/NamedParameterJdbcTemplateDemo/src/test/resources
2025-03-27 00:41:31,555 [Worker-77: Building] INFO  o.a.m.s.f.DefaultMavenResourcesFiltering - skip non existing resourceDirectory /Users/karansingh/Desktop/YT_advJava/Spring_YT/NamedParameterJdbcTemplateDemo/src/main/resources
2025-03-27 00:41:31,556 [Worker-77: Building] INFO  o.a.m.s.f.DefaultMavenResourcesFiltering - skip non existing resourceDirectory /Users/karansingh/Desktop/YT_advJava/Spring_YT/NamedParameterJdbcTemplateDemo/src/test/resources
2025-03-27 00:41:50,582 [Worker-78: Building] INFO  o.a.m.s.f.DefaultMavenResourcesFiltering - skip non existing resourceDirectory /Users/karansingh/Desktop/YT_advJava/Spring_YT/NamedParameterJdbcTemplateDemo/src/main/resources
2025-03-27 00:41:50,583 [Worker-78: Building] INFO  o.a.m.s.f.DefaultMavenResourcesFiltering - skip non existing resourceDirectory /Users/karansingh/Desktop/YT_advJava/Spring_YT/NamedParameterJdbcTemplateDemo/src/test/resources
2025-03-27 00:42:59,657 [Worker-77: Building] INFO  o.a.m.s.f.DefaultMavenResourcesFiltering - skip non existing resourceDirectory /Users/karansingh/Desktop/YT_advJava/Spring_YT/NamedParameterJdbcTemplateDemo/src/main/resources
2025-03-27 00:42:59,660 [Worker-77: Building] INFO  o.a.m.s.f.DefaultMavenResourcesFiltering - skip non existing resourceDirectory /Users/karansingh/Desktop/YT_advJava/Spring_YT/NamedParameterJdbcTemplateDemo/src/test/resources
2025-03-27 00:43:18,724 [Worker-73: Building] INFO  o.a.m.s.f.DefaultMavenResourcesFiltering - skip non existing resourceDirectory /Users/karansingh/Desktop/YT_advJava/Spring_YT/NamedParameterJdbcTemplateDemo/src/main/resources
2025-03-27 00:43:18,725 [Worker-73: Building] INFO  o.a.m.s.f.DefaultMavenResourcesFiltering - skip non existing resourceDirectory /Users/karansingh/Desktop/YT_advJava/Spring_YT/NamedParameterJdbcTemplateDemo/src/test/resources
2025-03-27 00:44:06,439 [Worker-63: Building] INFO  o.a.m.s.f.DefaultMavenResourcesFiltering - skip non existing resourceDirectory /Users/karansingh/Desktop/YT_advJava/Spring_YT/NamedParameterJdbcTemplateDemo/src/main/resources
2025-03-27 00:44:06,441 [Worker-63: Building] INFO  o.a.m.s.f.DefaultMavenResourcesFiltering - skip non existing resourceDirectory /Users/karansingh/Desktop/YT_advJava/Spring_YT/NamedParameterJdbcTemplateDemo/src/test/resources
2025-03-27 00:48:09,410 [Worker-73: Building] INFO  o.a.m.s.f.DefaultMavenResourcesFiltering - skip non existing resourceDirectory /Users/karansingh/Desktop/YT_advJava/Spring_YT/NamedParameterJdbcTemplateDemo/src/main/resources
2025-03-27 00:48:09,412 [Worker-73: Building] INFO  o.a.m.s.f.DefaultMavenResourcesFiltering - skip non existing resourceDirectory /Users/karansingh/Desktop/YT_advJava/Spring_YT/NamedParameterJdbcTemplateDemo/src/test/resources
2025-03-27 00:48:57,254 [Worker-81: Building] INFO  o.a.m.s.f.DefaultMavenResourcesFiltering - skip non existing resourceDirectory /Users/karansingh/Desktop/YT_advJava/Spring_YT/NamedParameterJdbcTemplateDemo/src/main/resources
2025-03-27 00:48:57,257 [Worker-81: Building] INFO  o.a.m.s.f.DefaultMavenResourcesFiltering - skip non existing resourceDirectory /Users/karansingh/Desktop/YT_advJava/Spring_YT/NamedParameterJdbcTemplateDemo/src/test/resources
2025-03-27 00:49:15,540 [Worker-81: Building] INFO  o.a.m.s.f.DefaultMavenResourcesFiltering - skip non existing resourceDirectory /Users/karansingh/Desktop/YT_advJava/Spring_YT/NamedParameterJdbcTemplateDemo/src/main/resources
2025-03-27 00:49:15,542 [Worker-81: Building] INFO  o.a.m.s.f.DefaultMavenResourcesFiltering - skip non existing resourceDirectory /Users/karansingh/Desktop/YT_advJava/Spring_YT/NamedParameterJdbcTemplateDemo/src/test/resources
2025-03-27 00:50:01,051 [Worker-80: Building] INFO  o.a.m.s.f.DefaultMavenResourcesFiltering - skip non existing resourceDirectory /Users/karansingh/Desktop/YT_advJava/Spring_YT/NamedParameterJdbcTemplateDemo/src/main/resources
2025-03-27 00:50:01,053 [Worker-80: Building] INFO  o.a.m.s.f.DefaultMavenResourcesFiltering - skip non existing resourceDirectory /Users/karansingh/Desktop/YT_advJava/Spring_YT/NamedParameterJdbcTemplateDemo/src/test/resources
2025-03-27 00:50:30,936 [Worker-79: Building] INFO  o.a.m.s.f.DefaultMavenResourcesFiltering - skip non existing resourceDirectory /Users/karansingh/Desktop/YT_advJava/Spring_YT/NamedParameterJdbcTemplateDemo/src/main/resources
2025-03-27 00:50:30,937 [Worker-79: Building] INFO  o.a.m.s.f.DefaultMavenResourcesFiltering - skip non existing resourceDirectory /Users/karansingh/Desktop/YT_advJava/Spring_YT/NamedParameterJdbcTemplateDemo/src/test/resources
2025-03-27 00:50:51,146 [Worker-82: Building] INFO  o.a.m.s.f.DefaultMavenResourcesFiltering - skip non existing resourceDirectory /Users/karansingh/Desktop/YT_advJava/Spring_YT/NamedParameterJdbcTemplateDemo/src/main/resources
2025-03-27 00:50:51,147 [Worker-82: Building] INFO  o.a.m.s.f.DefaultMavenResourcesFiltering - skip non existing resourceDirectory /Users/karansingh/Desktop/YT_advJava/Spring_YT/NamedParameterJdbcTemplateDemo/src/test/resources
2025-03-27 00:51:51,697 [Worker-81: Building] INFO  o.a.m.s.f.DefaultMavenResourcesFiltering - skip non existing resourceDirectory /Users/karansingh/Desktop/YT_advJava/Spring_YT/NamedParameterJdbcTemplateDemo/src/main/resources
2025-03-27 00:51:51,698 [Worker-81: Building] INFO  o.a.m.s.f.DefaultMavenResourcesFiltering - skip non existing resourceDirectory /Users/karansingh/Desktop/YT_advJava/Spring_YT/NamedParameterJdbcTemplateDemo/src/test/resources
2025-03-27 00:52:39,621 [Worker-82: Building] INFO  o.a.m.s.f.DefaultMavenResourcesFiltering - skip non existing resourceDirectory /Users/karansingh/Desktop/YT_advJava/Spring_YT/NamedParameterJdbcTemplateDemo/src/main/resources
2025-03-27 00:52:39,623 [Worker-82: Building] INFO  o.a.m.s.f.DefaultMavenResourcesFiltering - skip non existing resourceDirectory /Users/karansingh/Desktop/YT_advJava/Spring_YT/NamedParameterJdbcTemplateDemo/src/test/resources
2025-03-27 00:53:40,302 [Worker-80: Building] INFO  o.a.m.s.f.DefaultMavenResourcesFiltering - skip non existing resourceDirectory /Users/karansingh/Desktop/YT_advJava/Spring_YT/NamedParameterJdbcTemplateDemo/src/main/resources
2025-03-27 00:53:40,303 [Worker-80: Building] INFO  o.a.m.s.f.DefaultMavenResourcesFiltering - skip non existing resourceDirectory /Users/karansingh/Desktop/YT_advJava/Spring_YT/NamedParameterJdbcTemplateDemo/src/test/resources
2025-03-27 00:55:03,020 [Worker-82: Building] INFO  o.a.m.s.f.DefaultMavenResourcesFiltering - skip non existing resourceDirectory /Users/karansingh/Desktop/YT_advJava/Spring_YT/NamedParameterJdbcTemplateDemo/src/main/resources
2025-03-27 00:55:03,021 [Worker-82: Building] INFO  o.a.m.s.f.DefaultMavenResourcesFiltering - skip non existing resourceDirectory /Users/karansingh/Desktop/YT_advJava/Spring_YT/NamedParameterJdbcTemplateDemo/src/test/resources
2025-03-27 00:55:34,304 [Worker-82: Building] INFO  o.a.m.s.f.DefaultMavenResourcesFiltering - skip non existing resourceDirectory /Users/karansingh/Desktop/YT_advJava/Spring_YT/NamedParameterJdbcTemplateDemo/src/main/resources
2025-03-27 00:55:34,306 [Worker-82: Building] INFO  o.a.m.s.f.DefaultMavenResourcesFiltering - skip non existing resourceDirectory /Users/karansingh/Desktop/YT_advJava/Spring_YT/NamedParameterJdbcTemplateDemo/src/test/resources
2025-03-27 00:56:01,586 [Worker-81: Building] INFO  o.a.m.s.f.DefaultMavenResourcesFiltering - skip non existing resourceDirectory /Users/karansingh/Desktop/YT_advJava/Spring_YT/NamedParameterJdbcTemplateDemo/src/main/resources
2025-03-27 00:56:01,587 [Worker-81: Building] INFO  o.a.m.s.f.DefaultMavenResourcesFiltering - skip non existing resourceDirectory /Users/karansingh/Desktop/YT_advJava/Spring_YT/NamedParameterJdbcTemplateDemo/src/test/resources
2025-03-27 01:09:31,421 [Framework stop - Equinox Container: 76dc0dfc-b93a-4c91-a106-a57a39f1bbfc] INFO  org.eclipse.jetty.server.Server - Stopped oejs.Server@1eb3521e{STOPPING}[12.0.12,sto=0]
2025-03-27 01:09:31,426 [Framework stop - Equinox Container: 76dc0dfc-b93a-4c91-a106-a57a39f1bbfc] INFO  o.e.jetty.server.AbstractConnector - Stopped ServerConnector@5fca3471{HTTP/1.1, (http/1.1)}{0.0.0.0:0}
2025-03-27 13:14:08,411 [Worker-46: https://www.caucho.com/eclipse/site.xml] INFO  o.a.h.c.h.i.c.HttpRequestRetryExec - Recoverable I/O exception (java.net.SocketException) caught when processing request to {s}->https://www.caucho.com:443
2025-03-27 13:14:09,839 [Worker-46: https://www.caucho.com/eclipse/site.xml] INFO  o.a.h.c.h.i.c.HttpRequestRetryExec - Recoverable I/O exception (java.net.SocketException) caught when processing request to {s}->https://www.caucho.com:443
2025-03-27 13:14:11,682 [Worker-48: https://www.caucho.com/eclipse/p2.index] INFO  o.a.h.c.h.i.c.HttpRequestRetryExec - Recoverable I/O exception (java.net.SocketException) caught when processing request to {s}->https://www.caucho.com:443
2025-03-27 14:49:57,642 [Worker-50: Building] INFO  o.a.m.s.f.DefaultMavenResourcesFiltering - skip non existing resourceDirectory /Users/karansingh/Desktop/YT_advJava/Spring_YT/MavenFirstProject/src/main/resources
2025-03-27 14:49:57,644 [Worker-50: Building] INFO  o.a.m.s.f.DefaultMavenResourcesFiltering - skip non existing resourceDirectory /Users/karansingh/Desktop/YT_advJava/Spring_YT/MavenFirstProject/src/test/resources
2025-03-27 14:49:57,974 [Worker-50: Building] INFO  o.a.m.s.f.DefaultMavenResourcesFiltering - skip non existing resourceDirectory /Users/karansingh/Desktop/YT_advJava/Spring_YT/NamedParameterJdbcTemplateDemo/src/main/resources
2025-03-27 14:49:57,976 [Worker-50: Building] INFO  o.a.m.s.f.DefaultMavenResourcesFiltering - skip non existing resourceDirectory /Users/karansingh/Desktop/YT_advJava/Spring_YT/NamedParameterJdbcTemplateDemo/src/test/resources
2025-03-27 14:49:58,095 [Worker-50: Building] INFO  o.a.m.s.f.DefaultMavenResourcesFiltering - skip non existing resourceDirectory /Users/karansingh/Desktop/YT_advJava/Spring_YT/SpringJDBCcrudOper/src/main/resources
2025-03-27 14:49:58,097 [Worker-50: Building] INFO  o.a.m.s.f.DefaultMavenResourcesFiltering - skip non existing resourceDirectory /Users/karansingh/Desktop/YT_advJava/Spring_YT/SpringJDBCcrudOper/src/test/resources
2025-03-29 00:34:15,684 [sdk-cache-2-3-Cognito Identity Credential Refresh-0] WARN  s.a.awssdk.utils.cache.NonBlocking - Exception occurred in AWS SDK background task.
software.amazon.awssdk.core.exception.SdkClientException: Received an UnknownHostException when attempting to interact with a service. See cause for the exact endpoint that is failing to resolve. If this is happening on an endpoint that previously worked, there may be a network connectivity issue or your DNS cache could be storing endpoints for too long.
	at software.amazon.awssdk.core.exception.SdkClientException$BuilderImpl.build(SdkClientException.java:111)
	at software.amazon.awssdk.awscore.interceptor.HelpfulUnknownHostExceptionInterceptor.modifyException(HelpfulUnknownHostExceptionInterceptor.java:59)
	at software.amazon.awssdk.core.interceptor.ExecutionInterceptorChain.modifyException(ExecutionInterceptorChain.java:181)
	at software.amazon.awssdk.core.internal.http.pipeline.stages.utils.ExceptionReportingUtils.runModifyException(ExceptionReportingUtils.java:54)
	at software.amazon.awssdk.core.internal.http.pipeline.stages.utils.ExceptionReportingUtils.reportFailureToInterceptors(ExceptionReportingUtils.java:38)
	at software.amazon.awssdk.core.internal.http.pipeline.stages.ExecutionFailureExceptionReportingStage.execute(ExecutionFailureExceptionReportingStage.java:39)
	at software.amazon.awssdk.core.internal.http.pipeline.stages.ExecutionFailureExceptionReportingStage.execute(ExecutionFailureExceptionReportingStage.java:26)
	at software.amazon.awssdk.core.internal.http.AmazonSyncHttpClient$RequestExecutionBuilderImpl.execute(AmazonSyncHttpClient.java:210)
	at software.amazon.awssdk.core.internal.handler.BaseSyncClientHandler.invoke(BaseSyncClientHandler.java:103)
	at software.amazon.awssdk.core.internal.handler.BaseSyncClientHandler.doExecute(BaseSyncClientHandler.java:173)
	at software.amazon.awssdk.core.internal.handler.BaseSyncClientHandler.lambda$execute$1(BaseSyncClientHandler.java:80)
	at software.amazon.awssdk.core.internal.handler.BaseSyncClientHandler.measureApiCallSuccess(BaseSyncClientHandler.java:182)
	at software.amazon.awssdk.core.internal.handler.BaseSyncClientHandler.execute(BaseSyncClientHandler.java:74)
	at software.amazon.awssdk.core.client.handler.SdkSyncClientHandler.execute(SdkSyncClientHandler.java:45)
	at software.amazon.awssdk.awscore.client.handler.AwsSyncClientHandler.execute(AwsSyncClientHandler.java:53)
	at software.amazon.awssdk.services.cognitoidentity.DefaultCognitoIdentityClient.getId(DefaultCognitoIdentityClient.java:645)
	at software.aws.toolkits.eclipse.amazonq.telemetry.AwsCognitoCredentialsProvider.getIdentityId(AwsCognitoCredentialsProvider.java:58)
	at software.aws.toolkits.eclipse.amazonq.telemetry.AwsCognitoCredentialsProvider.updateCognitoCredentials(AwsCognitoCredentialsProvider.java:39)
	at software.amazon.awssdk.utils.cache.CachedSupplier.lambda$jitteredPrefetchValueSupplier$8(CachedSupplier.java:300)
	at software.amazon.awssdk.utils.cache.NonBlocking.fetch(NonBlocking.java:151)
	at software.amazon.awssdk.utils.cache.CachedSupplier.refreshCache(CachedSupplier.java:208)
	at software.amazon.awssdk.utils.cache.CachedSupplier.get(CachedSupplier.java:135)
	at software.amazon.awssdk.utils.cache.NonBlocking.lambda$tryRunBackgroundTask$9(NonBlocking.java:222)
	at software.amazon.awssdk.utils.cache.NonBlocking.runWithInstanceThreadName(NonBlocking.java:242)
	at software.amazon.awssdk.utils.cache.NonBlocking.lambda$tryRunBackgroundTask$10(NonBlocking.java:220)
	at java.base/java.util.concurrent.Executors$RunnableAdapter.call(Executors.java:572)
	at java.base/java.util.concurrent.FutureTask.run(FutureTask.java:317)
	at java.base/java.util.concurrent.ThreadPoolExecutor.runWorker(ThreadPoolExecutor.java:1144)
	at java.base/java.util.concurrent.ThreadPoolExecutor$Worker.run(ThreadPoolExecutor.java:642)
	at java.base/java.lang.Thread.run(Thread.java:1583)
Caused by: software.amazon.awssdk.core.exception.SdkClientException: Unable to execute HTTP request: cognito-identity.us-east-1.amazonaws.com
	at software.amazon.awssdk.core.exception.SdkClientException$BuilderImpl.build(SdkClientException.java:111)
	at software.amazon.awssdk.core.exception.SdkClientException.create(SdkClientException.java:47)
	at software.amazon.awssdk.core.internal.http.pipeline.stages.utils.RetryableStageHelper2.setLastException(RetryableStageHelper2.java:226)
	at software.amazon.awssdk.core.internal.http.pipeline.stages.RetryableStage2.execute(RetryableStage2.java:65)
	at software.amazon.awssdk.core.internal.http.pipeline.stages.RetryableStage2.execute(RetryableStage2.java:36)
	at software.amazon.awssdk.core.internal.http.pipeline.RequestPipelineBuilder$ComposingRequestPipelineStage.execute(RequestPipelineBuilder.java:206)
	at software.amazon.awssdk.core.internal.http.StreamManagingStage.execute(StreamManagingStage.java:53)
	at software.amazon.awssdk.core.internal.http.StreamManagingStage.execute(StreamManagingStage.java:35)
	at software.amazon.awssdk.core.internal.http.pipeline.stages.ApiCallTimeoutTrackingStage.executeWithTimer(ApiCallTimeoutTrackingStage.java:82)
	at software.amazon.awssdk.core.internal.http.pipeline.stages.ApiCallTimeoutTrackingStage.execute(ApiCallTimeoutTrackingStage.java:62)
	at software.amazon.awssdk.core.internal.http.pipeline.stages.ApiCallTimeoutTrackingStage.execute(ApiCallTimeoutTrackingStage.java:43)
	at software.amazon.awssdk.core.internal.http.pipeline.stages.ApiCallMetricCollectionStage.execute(ApiCallMetricCollectionStage.java:50)
	at software.amazon.awssdk.core.internal.http.pipeline.stages.ApiCallMetricCollectionStage.execute(ApiCallMetricCollectionStage.java:32)
	at software.amazon.awssdk.core.internal.http.pipeline.RequestPipelineBuilder$ComposingRequestPipelineStage.execute(RequestPipelineBuilder.java:206)
	at software.amazon.awssdk.core.internal.http.pipeline.RequestPipelineBuilder$ComposingRequestPipelineStage.execute(RequestPipelineBuilder.java:206)
	at software.amazon.awssdk.core.internal.http.pipeline.stages.ExecutionFailureExceptionReportingStage.execute(ExecutionFailureExceptionReportingStage.java:37)
	... 24 common frames omitted
	Suppressed: software.amazon.awssdk.core.exception.SdkClientException: Request attempt 1 failure: Unable to execute HTTP request: cognito-identity.us-east-1.amazonaws.com: nodename nor servname provided, or not known
	Suppressed: software.amazon.awssdk.core.exception.SdkClientException: Request attempt 2 failure: Unable to execute HTTP request: cognito-identity.us-east-1.amazonaws.com
Caused by: java.net.UnknownHostException: cognito-identity.us-east-1.amazonaws.com
	at java.base/java.net.InetAddress$CachedLookup.get(InetAddress.java:988)
	at java.base/java.net.InetAddress.getAllByName0(InetAddress.java:1818)
	at java.base/java.net.InetAddress.getAllByName(InetAddress.java:1688)
	at org.apache.http.impl.conn.SystemDefaultDnsResolver.resolve(SystemDefaultDnsResolver.java:45)
	at org.apache.http.impl.conn.DefaultHttpClientConnectionOperator.connect(DefaultHttpClientConnectionOperator.java:112)
	at org.apache.http.impl.conn.PoolingHttpClientConnectionManager.connect(PoolingHttpClientConnectionManager.java:376)
	at software.amazon.awssdk.http.apache.internal.conn.ClientConnectionManagerFactory$DelegatingHttpClientConnectionManager.connect(ClientConnectionManagerFactory.java:86)
	at org.apache.http.impl.execchain.MainClientExec.establishRoute(MainClientExec.java:393)
	at org.apache.http.impl.execchain.MainClientExec.execute(MainClientExec.java:236)
	at org.apache.http.impl.execchain.ProtocolExec.execute(ProtocolExec.java:186)
	at org.apache.http.impl.client.InternalHttpClient.doExecute(InternalHttpClient.java:185)
	at org.apache.http.impl.client.CloseableHttpClient.execute(CloseableHttpClient.java:83)
	at org.apache.http.impl.client.CloseableHttpClient.execute(CloseableHttpClient.java:56)
	at software.amazon.awssdk.http.apache.internal.impl.ApacheSdkHttpClient.execute(ApacheSdkHttpClient.java:72)
	at software.amazon.awssdk.http.apache.ApacheHttpClient.execute(ApacheHttpClient.java:254)
	at software.amazon.awssdk.http.apache.ApacheHttpClient.access$500(ApacheHttpClient.java:104)
	at software.amazon.awssdk.http.apache.ApacheHttpClient$1.call(ApacheHttpClient.java:231)
	at software.amazon.awssdk.http.apache.ApacheHttpClient$1.call(ApacheHttpClient.java:228)
	at software.amazon.awssdk.core.internal.util.MetricUtils.measureDurationUnsafe(MetricUtils.java:99)
	at software.amazon.awssdk.core.internal.http.pipeline.stages.MakeHttpRequestStage.executeHttpRequest(MakeHttpRequestStage.java:79)
	at software.amazon.awssdk.core.internal.http.pipeline.stages.MakeHttpRequestStage.execute(MakeHttpRequestStage.java:57)
	at software.amazon.awssdk.core.internal.http.pipeline.stages.MakeHttpRequestStage.execute(MakeHttpRequestStage.java:40)
	at software.amazon.awssdk.core.internal.http.pipeline.RequestPipelineBuilder$ComposingRequestPipelineStage.execute(RequestPipelineBuilder.java:206)
	at software.amazon.awssdk.core.internal.http.pipeline.RequestPipelineBuilder$ComposingRequestPipelineStage.execute(RequestPipelineBuilder.java:206)
	at software.amazon.awssdk.core.internal.http.pipeline.RequestPipelineBuilder$ComposingRequestPipelineStage.execute(RequestPipelineBuilder.java:206)
	at software.amazon.awssdk.core.internal.http.pipeline.RequestPipelineBuilder$ComposingRequestPipelineStage.execute(RequestPipelineBuilder.java:206)
	at software.amazon.awssdk.core.internal.http.pipeline.stages.ApiCallAttemptTimeoutTrackingStage.execute(ApiCallAttemptTimeoutTrackingStage.java:74)
	at software.amazon.awssdk.core.internal.http.pipeline.stages.ApiCallAttemptTimeoutTrackingStage.execute(ApiCallAttemptTimeoutTrackingStage.java:43)
	at software.amazon.awssdk.core.internal.http.pipeline.stages.TimeoutExceptionHandlingStage.execute(TimeoutExceptionHandlingStage.java:79)
	at software.amazon.awssdk.core.internal.http.pipeline.stages.TimeoutExceptionHandlingStage.execute(TimeoutExceptionHandlingStage.java:41)
	at software.amazon.awssdk.core.internal.http.pipeline.stages.ApiCallAttemptMetricCollectionStage.execute(ApiCallAttemptMetricCollectionStage.java:55)
	at software.amazon.awssdk.core.internal.http.pipeline.stages.ApiCallAttemptMetricCollectionStage.execute(ApiCallAttemptMetricCollectionStage.java:39)
	at software.amazon.awssdk.core.internal.http.pipeline.stages.RetryableStage2.executeRequest(RetryableStage2.java:93)
	at software.amazon.awssdk.core.internal.http.pipeline.stages.RetryableStage2.execute(RetryableStage2.java:56)
	... 36 common frames omitted
2025-04-14 13:45:56,234 [Worker-61: Building] INFO  o.a.m.s.f.DefaultMavenResourcesFiltering - skip non existing resourceDirectory /Users/karansingh/Desktop/YT_advJava/Spring_YT/MavenFirstProject/src/main/resources
2025-04-14 13:45:56,239 [Worker-61: Building] INFO  o.a.m.s.f.DefaultMavenResourcesFiltering - skip non existing resourceDirectory /Users/karansingh/Desktop/YT_advJava/Spring_YT/MavenFirstProject/src/test/resources
2025-04-14 13:46:03,086 [Worker-67: Building] INFO  o.a.m.s.f.DefaultMavenResourcesFiltering - skip non existing resourceDirectory /Users/karansingh/Desktop/YT_advJava/Spring_YT/MavenFirstProject/src/main/resources
2025-04-14 13:46:03,088 [Worker-67: Building] INFO  o.a.m.s.f.DefaultMavenResourcesFiltering - skip non existing resourceDirectory /Users/karansingh/Desktop/YT_advJava/Spring_YT/MavenFirstProject/src/test/resources
2025-04-14 13:49:23,853 [Worker-61: Building] INFO  o.a.m.s.f.DefaultMavenResourcesFiltering - skip non existing resourceDirectory /Users/karansingh/Desktop/YT_advJava/Spring_YT/MavenFirstProject/src/main/resources
2025-04-14 13:49:23,854 [Worker-61: Building] INFO  o.a.m.s.f.DefaultMavenResourcesFiltering - skip non existing resourceDirectory /Users/karansingh/Desktop/YT_advJava/Spring_YT/MavenFirstProject/src/test/resources
2025-04-14 13:49:55,828 [Worker-65: Building] INFO  o.a.m.s.f.DefaultMavenResourcesFiltering - skip non existing resourceDirectory /Users/karansingh/Desktop/YT_advJava/Spring_YT/MavenFirstProject/src/main/resources
2025-04-14 13:49:55,832 [Worker-65: Building] INFO  o.a.m.s.f.DefaultMavenResourcesFiltering - skip non existing resourceDirectory /Users/karansingh/Desktop/YT_advJava/Spring_YT/MavenFirstProject/src/test/resources
2025-04-14 13:50:29,839 [Worker-65: Building] INFO  o.a.m.s.f.DefaultMavenResourcesFiltering - skip non existing resourceDirectory /Users/karansingh/Desktop/YT_advJava/Spring_YT/MavenFirstProject/src/main/resources
2025-04-14 13:50:29,842 [Worker-65: Building] INFO  o.a.m.s.f.DefaultMavenResourcesFiltering - skip non existing resourceDirectory /Users/karansingh/Desktop/YT_advJava/Spring_YT/MavenFirstProject/src/test/resources
2025-04-15 11:28:20,888 [Worker-4: Building] INFO  o.a.m.s.f.DefaultMavenResourcesFiltering - skip non existing resourceDirectory /Users/karansingh/Desktop/YT_advJava/Spring_YT/MavenFirstProject/src/main/resources
2025-04-15 11:28:20,891 [Worker-4: Building] INFO  o.a.m.s.f.DefaultMavenResourcesFiltering - skip non existing resourceDirectory /Users/karansingh/Desktop/YT_advJava/Spring_YT/MavenFirstProject/src/test/resources
2025-04-15 12:14:11,912 [Worker-26: Building] INFO  o.a.m.s.f.DefaultMavenResourcesFiltering - skip non existing resourceDirectory /Users/karansingh/Desktop/YT_advJava/Spring_YT/MavenFirstProject/src/main/resources
2025-04-15 12:14:11,916 [Worker-26: Building] INFO  o.a.m.s.f.DefaultMavenResourcesFiltering - skip non existing resourceDirectory /Users/karansingh/Desktop/YT_advJava/Spring_YT/MavenFirstProject/src/test/resources
2025-04-15 12:15:17,076 [Worker-26: Building] INFO  o.a.m.s.f.DefaultMavenResourcesFiltering - skip non existing resourceDirectory /Users/karansingh/Desktop/YT_advJava/Spring_YT/MavenFirstProject/src/main/resources
2025-04-15 12:15:17,079 [Worker-26: Building] INFO  o.a.m.s.f.DefaultMavenResourcesFiltering - skip non existing resourceDirectory /Users/karansingh/Desktop/YT_advJava/Spring_YT/MavenFirstProject/src/test/resources
2025-04-15 12:17:04,514 [Worker-30: Building] INFO  o.a.m.s.f.DefaultMavenResourcesFiltering - skip non existing resourceDirectory /Users/karansingh/Desktop/YT_advJava/Spring_YT/MavenFirstProject/src/main/resources
2025-04-15 12:17:04,516 [Worker-30: Building] INFO  o.a.m.s.f.DefaultMavenResourcesFiltering - skip non existing resourceDirectory /Users/karansingh/Desktop/YT_advJava/Spring_YT/MavenFirstProject/src/test/resources
2025-04-15 12:17:42,395 [Worker-33: Building] INFO  o.a.m.s.f.DefaultMavenResourcesFiltering - skip non existing resourceDirectory /Users/karansingh/Desktop/YT_advJava/Spring_YT/MavenFirstProject/src/main/resources
2025-04-15 12:17:42,396 [Worker-33: Building] INFO  o.a.m.s.f.DefaultMavenResourcesFiltering - skip non existing resourceDirectory /Users/karansingh/Desktop/YT_advJava/Spring_YT/MavenFirstProject/src/test/resources
2025-04-15 12:17:58,603 [Worker-33: Building] INFO  o.a.m.s.f.DefaultMavenResourcesFiltering - skip non existing resourceDirectory /Users/karansingh/Desktop/YT_advJava/Spring_YT/MavenFirstProject/src/main/resources
2025-04-15 12:17:58,605 [Worker-33: Building] INFO  o.a.m.s.f.DefaultMavenResourcesFiltering - skip non existing resourceDirectory /Users/karansingh/Desktop/YT_advJava/Spring_YT/MavenFirstProject/src/test/resources
2025-04-15 12:18:06,505 [Worker-30: Building] INFO  o.a.m.s.f.DefaultMavenResourcesFiltering - skip non existing resourceDirectory /Users/karansingh/Desktop/YT_advJava/Spring_YT/MavenFirstProject/src/main/resources
2025-04-15 12:18:06,507 [Worker-30: Building] INFO  o.a.m.s.f.DefaultMavenResourcesFiltering - skip non existing resourceDirectory /Users/karansingh/Desktop/YT_advJava/Spring_YT/MavenFirstProject/src/test/resources
2025-04-15 12:18:36,836 [Worker-35: Building] INFO  o.a.m.s.f.DefaultMavenResourcesFiltering - skip non existing resourceDirectory /Users/karansingh/Desktop/YT_advJava/Spring_YT/MavenFirstProject/src/main/resources
2025-04-15 12:18:36,838 [Worker-35: Building] INFO  o.a.m.s.f.DefaultMavenResourcesFiltering - skip non existing resourceDirectory /Users/karansingh/Desktop/YT_advJava/Spring_YT/MavenFirstProject/src/test/resources
2025-04-15 12:19:06,689 [Worker-35: Building] INFO  o.a.m.s.f.DefaultMavenResourcesFiltering - skip non existing resourceDirectory /Users/karansingh/Desktop/YT_advJava/Spring_YT/MavenFirstProject/src/main/resources
2025-04-15 12:19:06,691 [Worker-35: Building] INFO  o.a.m.s.f.DefaultMavenResourcesFiltering - skip non existing resourceDirectory /Users/karansingh/Desktop/YT_advJava/Spring_YT/MavenFirstProject/src/test/resources
2025-04-15 13:44:34,663 [Worker-43: Building] INFO  o.a.m.s.f.DefaultMavenResourcesFiltering - skip non existing resourceDirectory /Users/karansingh/Desktop/YT_advJava/Spring_YT/SpringJDBCcrudOper/src/main/resources
2025-04-15 13:44:34,666 [Worker-43: Building] INFO  o.a.m.s.f.DefaultMavenResourcesFiltering - skip non existing resourceDirectory /Users/karansingh/Desktop/YT_advJava/Spring_YT/SpringJDBCcrudOper/src/test/resources
2025-04-15 13:50:40,482 [Worker-44: Building] INFO  o.a.m.s.f.DefaultMavenResourcesFiltering - skip non existing resourceDirectory /Users/karansingh/Desktop/YT_advJava/Spring_YT/SpringJDBCcrudOper/src/main/resources
2025-04-15 13:50:40,483 [Worker-44: Building] INFO  o.a.m.s.f.DefaultMavenResourcesFiltering - skip non existing resourceDirectory /Users/karansingh/Desktop/YT_advJava/Spring_YT/SpringJDBCcrudOper/src/test/resources
2025-04-15 13:56:29,360 [Worker-53: Building] INFO  o.a.m.s.f.DefaultMavenResourcesFiltering - skip non existing resourceDirectory /Users/karansingh/Desktop/YT_advJava/Spring_YT/MavenFirstProject/src/main/resources
2025-04-15 13:56:29,362 [Worker-53: Building] INFO  o.a.m.s.f.DefaultMavenResourcesFiltering - skip non existing resourceDirectory /Users/karansingh/Desktop/YT_advJava/Spring_YT/MavenFirstProject/src/test/resources
2025-04-26 17:24:21,458 [Worker-15: Building] INFO  o.a.m.s.f.DefaultMavenResourcesFiltering - skip non existing resourceDirectory /Users/karansingh/Desktop/YT_advJava/Spring_YT/SpringJDBCcrudOper/src/main/resources
2025-04-26 17:24:21,463 [Worker-15: Building] INFO  o.a.m.s.f.DefaultMavenResourcesFiltering - skip non existing resourceDirectory /Users/karansingh/Desktop/YT_advJava/Spring_YT/SpringJDBCcrudOper/src/test/resources
2025-04-28 21:30:28,677 [Worker-31: Building] INFO  o.a.m.s.f.DefaultMavenResourcesFiltering - skip non existing resourceDirectory /Users/karansingh/Desktop/YT_advJava/Spring_YT/MavenFirstProject/src/main/resources
2025-04-28 21:30:28,681 [Worker-31: Building] INFO  o.a.m.s.f.DefaultMavenResourcesFiltering - skip non existing resourceDirectory /Users/karansingh/Desktop/YT_advJava/Spring_YT/MavenFirstProject/src/test/resources
2025-04-28 21:30:29,094 [Worker-31: Building] INFO  o.a.m.s.f.DefaultMavenResourcesFiltering - skip non existing resourceDirectory /Users/karansingh/Desktop/YT_advJava/Spring_YT/NamedParameterJdbcTemplateDemo/src/main/resources
2025-04-28 21:30:29,096 [Worker-31: Building] INFO  o.a.m.s.f.DefaultMavenResourcesFiltering - skip non existing resourceDirectory /Users/karansingh/Desktop/YT_advJava/Spring_YT/NamedParameterJdbcTemplateDemo/src/test/resources
2025-04-28 21:30:29,260 [Worker-31: Building] INFO  o.a.m.s.f.DefaultMavenResourcesFiltering - skip non existing resourceDirectory /Users/karansingh/Desktop/YT_advJava/Spring_YT/SpringJDBCcrudOper/src/main/resources
2025-04-28 21:30:29,261 [Worker-31: Building] INFO  o.a.m.s.f.DefaultMavenResourcesFiltering - skip non existing resourceDirectory /Users/karansingh/Desktop/YT_advJava/Spring_YT/SpringJDBCcrudOper/src/test/resources
2025-07-20 11:13:39,889 [Worker-5: Building] INFO  o.e.m.c.i.l.LifecycleMappingFactory - Using org.eclipse.m2e.jdt.JarLifecycleMapping lifecycle mapping for MavenProject: in.smrtprg:MavenFirstProject:1.0 @ /Users/karansingh/Desktop/Study_Material/SmrtPrm_SpringLearning/MavenFirstProject/pom.xml.
2025-07-20 11:13:40,235 [Worker-5: Building] INFO  o.a.m.s.f.DefaultMavenResourcesFiltering - skip non existing resourceDirectory /Users/karansingh/Desktop/Study_Material/SmrtPrm_SpringLearning/MavenFirstProject/src/main/resources
2025-07-20 11:13:40,238 [Worker-5: Building] INFO  o.a.m.s.f.DefaultMavenResourcesFiltering - skip non existing resourceDirectory /Users/karansingh/Desktop/Study_Material/SmrtPrm_SpringLearning/MavenFirstProject/src/test/resources
2025-07-20 11:13:40,484 [Worker-14: Building] INFO  o.a.m.s.f.DefaultMavenResourcesFiltering - skip non existing resourceDirectory /Users/karansingh/Desktop/Study_Material/SmrtPrm_SpringLearning/MavenFirstProject/src/main/resources
2025-07-20 11:13:40,485 [Worker-14: Building] INFO  o.a.m.s.f.DefaultMavenResourcesFiltering - skip non existing resourceDirectory /Users/karansingh/Desktop/Study_Material/SmrtPrm_SpringLearning/MavenFirstProject/src/test/resources
2025-07-20 11:13:40,580 [Worker-14: Building] INFO  o.e.m.c.i.l.LifecycleMappingFactory - Using org.eclipse.m2e.jdt.JarLifecycleMapping lifecycle mapping for MavenProject: in.smrtPrgm:NamedParameterJdbcTemplateDemo:1.0 @ /Users/karansingh/Desktop/Study_Material/SmrtPrm_SpringLearning/NamedParameterJdbcTemplateDemo/pom.xml.
2025-07-20 11:13:40,845 [Worker-14: Building] INFO  o.a.m.s.f.DefaultMavenResourcesFiltering - skip non existing resourceDirectory /Users/karansingh/Desktop/Study_Material/SmrtPrm_SpringLearning/NamedParameterJdbcTemplateDemo/src/main/resources
2025-07-20 11:13:40,847 [Worker-14: Building] INFO  o.a.m.s.f.DefaultMavenResourcesFiltering - skip non existing resourceDirectory /Users/karansingh/Desktop/Study_Material/SmrtPrm_SpringLearning/NamedParameterJdbcTemplateDemo/src/test/resources
2025-07-20 11:13:41,121 [Worker-10: Building] INFO  o.a.m.s.f.DefaultMavenResourcesFiltering - skip non existing resourceDirectory /Users/karansingh/Desktop/Study_Material/SmrtPrm_SpringLearning/NamedParameterJdbcTemplateDemo/src/main/resources
2025-07-20 11:13:41,122 [Worker-10: Building] INFO  o.a.m.s.f.DefaultMavenResourcesFiltering - skip non existing resourceDirectory /Users/karansingh/Desktop/Study_Material/SmrtPrm_SpringLearning/NamedParameterJdbcTemplateDemo/src/test/resources
2025-07-20 11:13:41,164 [Worker-10: Building] INFO  o.e.m.c.i.l.LifecycleMappingFactory - Using org.eclipse.m2e.jdt.JarLifecycleMapping lifecycle mapping for MavenProject: in.smrtprg:SpringJDBCcrudOper:1.0 @ /Users/karansingh/Desktop/Study_Material/SmrtPrm_SpringLearning/SpringJDBCcrudOper/pom.xml.
2025-07-20 11:13:41,188 [Worker-10: Building] INFO  o.a.m.s.f.DefaultMavenResourcesFiltering - skip non existing resourceDirectory /Users/karansingh/Desktop/Study_Material/SmrtPrm_SpringLearning/SpringJDBCcrudOper/src/main/resources
2025-07-20 11:13:41,189 [Worker-10: Building] INFO  o.a.m.s.f.DefaultMavenResourcesFiltering - skip non existing resourceDirectory /Users/karansingh/Desktop/Study_Material/SmrtPrm_SpringLearning/SpringJDBCcrudOper/src/test/resources
2025-07-20 11:13:42,279 [Worker-13: Building] INFO  o.a.m.s.f.DefaultMavenResourcesFiltering - skip non existing resourceDirectory /Users/karansingh/Desktop/Study_Material/SmrtPrm_SpringLearning/SpringJDBCcrudOper/src/main/resources
2025-07-20 11:13:42,283 [Worker-13: Building] INFO  o.a.m.s.f.DefaultMavenResourcesFiltering - skip non existing resourceDirectory /Users/karansingh/Desktop/Study_Material/SmrtPrm_SpringLearning/SpringJDBCcrudOper/src/test/resources
2025-07-20 12:09:12,387 [Worker-24: Loading available Gradle versions] INFO  o.e.b.c.i.u.g.PublishedGradleVersions - Gradle version information cache is not available. Remote download required.
2025-07-20 12:53:53,539 [Worker-42: reload maven project] INFO  o.e.m.c.i.e.AbstractTransferListenerAdapter - Downloaded https://repo.maven.apache.org/maven2/mysql/mysql-connector-java/8.4.0/mysql-connector-java-8.4.0.pom
2025-07-20 12:53:53,542 [Worker-42: reload maven project] WARN  o.e.m.c.i.embedder.EclipseLogger - The POM for mysql:mysql-connector-java:jar:8.4.0 is missing, no dependency information available
2025-07-20 12:53:53,959 [Worker-42: reload maven project] INFO  o.e.m.c.i.e.AbstractTransferListenerAdapter - Downloaded https://repo.maven.apache.org/maven2/mysql/mysql-connector-java/8.4.0/mysql-connector-java-8.4.0.jar
2025-07-20 12:53:53,977 [Worker-42: reload maven project] WARN  o.e.m.c.i.embedder.EclipseLogger - The POM for mysql:mysql-connector-java:jar:8.4.0 is missing, no dependency information available
2025-07-20 12:59:17,164 [Worker-15: Loading available Gradle versions] INFO  o.e.b.c.i.u.g.PublishedGradleVersions - Gradle version information cache is up-to-date. Trying to read.
2025-07-21 11:10:45,766 [Worker-9: Loading available Gradle versions] INFO  o.e.b.c.i.u.g.PublishedGradleVersions - Gradle version information cache is up-to-date. Trying to read.
2025-07-21 11:31:43,061 [Worker-1: Loading available Gradle versions] INFO  o.e.b.c.i.u.g.PublishedGradleVersions - Gradle version information cache is up-to-date. Trying to read.
2025-07-21 11:43:14,013 [Worker-22: Loading available Gradle versions] INFO  o.e.b.c.i.u.g.PublishedGradleVersions - Gradle version information cache is up-to-date. Trying to read.
2025-07-21 11:54:20,918 [Worker-12: https://www.codetogether.com/updates/ci/compositeContent.jar] WARN  o.a.h.c.h.p.ResponseProcessCookies - ex-0000000062 Cookie rejected [_cfuvid="bKZivF5zE_YDdboA9GVRkMUDezACsZI83U70F_JDhxg-1753079059779-0.0.1.1-604800000", domain:cdn.webflow.com, path:/, expiry:null] Illegal 'domain' attribute "cdn.webflow.com". Domain of origin: "www.codetogether.com"
2025-07-21 11:56:09,579 [Worker-15: Loading available Gradle versions] INFO  o.e.b.c.i.u.g.PublishedGradleVersions - Gradle version information cache is up-to-date. Trying to read.
2025-07-21 12:02:11,394 [Worker-5: Loading available Gradle versions] INFO  o.e.b.c.i.u.g.PublishedGradleVersions - Gradle version information cache is up-to-date. Trying to read.
2025-07-21 12:38:26,911 [Worker-26: Launching mavenrun-43918a04-42ff-46a1-a7bf-3d80133ad680] INFO  o.eclipse.m2e.core.internal.Bundles - getClasspathEntries(Bundle=org.eclipse.m2e.maven.runtime_3.9.900.20250220-2013 [638])
2025-07-21 12:38:26,925 [Worker-26: Launching mavenrun-43918a04-42ff-46a1-a7bf-3d80133ad680] INFO  o.eclipse.m2e.core.internal.Bundles - 	Entry: /Applications/Eclipse.app/Contents/Eclipse/plugins/org.eclipse.m2e.maven.runtime_3.9.900.20250220-2013
2025-07-21 12:38:26,925 [Worker-26: Launching mavenrun-43918a04-42ff-46a1-a7bf-3d80133ad680] INFO  o.eclipse.m2e.core.internal.Bundles - 	Entry: /Applications/Eclipse.app/Contents/Eclipse/plugins/org.eclipse.m2e.maven.runtime_3.9.900.20250220-2013/jars/aopalliance-1.0.jar
2025-07-21 12:38:26,925 [Worker-26: Launching mavenrun-43918a04-42ff-46a1-a7bf-3d80133ad680] INFO  o.eclipse.m2e.core.internal.Bundles - 	Entry: /Applications/Eclipse.app/Contents/Eclipse/plugins/org.eclipse.m2e.maven.runtime_3.9.900.20250220-2013/jars/guice-5.1.0.jar
2025-07-21 12:38:26,925 [Worker-26: Launching mavenrun-43918a04-42ff-46a1-a7bf-3d80133ad680] INFO  o.eclipse.m2e.core.internal.Bundles - 	Entry: /Applications/Eclipse.app/Contents/Eclipse/plugins/org.eclipse.m2e.maven.runtime_3.9.900.20250220-2013/jars/httpclient-4.5.14.jar
2025-07-21 12:38:26,925 [Worker-26: Launching mavenrun-43918a04-42ff-46a1-a7bf-3d80133ad680] INFO  o.eclipse.m2e.core.internal.Bundles - 	Entry: /Applications/Eclipse.app/Contents/Eclipse/plugins/org.eclipse.m2e.maven.runtime_3.9.900.20250220-2013/jars/httpcore-4.4.16.jar
2025-07-21 12:38:26,925 [Worker-26: Launching mavenrun-43918a04-42ff-46a1-a7bf-3d80133ad680] INFO  o.eclipse.m2e.core.internal.Bundles - 	Entry: /Applications/Eclipse.app/Contents/Eclipse/plugins/org.eclipse.m2e.maven.runtime_3.9.900.20250220-2013/jars/jansi-2.4.1.jar
2025-07-21 12:38:26,925 [Worker-26: Launching mavenrun-43918a04-42ff-46a1-a7bf-3d80133ad680] INFO  o.eclipse.m2e.core.internal.Bundles - 	Entry: /Applications/Eclipse.app/Contents/Eclipse/plugins/org.eclipse.m2e.maven.runtime_3.9.900.20250220-2013/jars/jcl-over-slf4j-1.7.36.jar
2025-07-21 12:38:26,925 [Worker-26: Launching mavenrun-43918a04-42ff-46a1-a7bf-3d80133ad680] INFO  o.eclipse.m2e.core.internal.Bundles - 	Entry: /Applications/Eclipse.app/Contents/Eclipse/plugins/org.eclipse.m2e.maven.runtime_3.9.900.20250220-2013/jars/maven-artifact-3.9.9.jar
2025-07-21 12:38:26,925 [Worker-26: Launching mavenrun-43918a04-42ff-46a1-a7bf-3d80133ad680] INFO  o.eclipse.m2e.core.internal.Bundles - 	Entry: /Applications/Eclipse.app/Contents/Eclipse/plugins/org.eclipse.m2e.maven.runtime_3.9.900.20250220-2013/jars/maven-builder-support-3.9.9.jar
2025-07-21 12:38:26,925 [Worker-26: Launching mavenrun-43918a04-42ff-46a1-a7bf-3d80133ad680] INFO  o.eclipse.m2e.core.internal.Bundles - 	Entry: /Applications/Eclipse.app/Contents/Eclipse/plugins/org.eclipse.m2e.maven.runtime_3.9.900.20250220-2013/jars/maven-compat-3.9.9.jar
2025-07-21 12:38:26,925 [Worker-26: Launching mavenrun-43918a04-42ff-46a1-a7bf-3d80133ad680] INFO  o.eclipse.m2e.core.internal.Bundles - 	Entry: /Applications/Eclipse.app/Contents/Eclipse/plugins/org.eclipse.m2e.maven.runtime_3.9.900.20250220-2013/jars/maven-core-3.9.9.jar
2025-07-21 12:38:26,925 [Worker-26: Launching mavenrun-43918a04-42ff-46a1-a7bf-3d80133ad680] INFO  o.eclipse.m2e.core.internal.Bundles - 	Entry: /Applications/Eclipse.app/Contents/Eclipse/plugins/org.eclipse.m2e.maven.runtime_3.9.900.20250220-2013/jars/maven-embedder-3.9.9.jar
2025-07-21 12:38:26,925 [Worker-26: Launching mavenrun-43918a04-42ff-46a1-a7bf-3d80133ad680] INFO  o.eclipse.m2e.core.internal.Bundles - 	Entry: /Applications/Eclipse.app/Contents/Eclipse/plugins/org.eclipse.m2e.maven.runtime_3.9.900.20250220-2013/jars/maven-model-3.9.9.jar
2025-07-21 12:38:26,925 [Worker-26: Launching mavenrun-43918a04-42ff-46a1-a7bf-3d80133ad680] INFO  o.eclipse.m2e.core.internal.Bundles - 	Entry: /Applications/Eclipse.app/Contents/Eclipse/plugins/org.eclipse.m2e.maven.runtime_3.9.900.20250220-2013/jars/maven-model-builder-3.9.9.jar
2025-07-21 12:38:26,925 [Worker-26: Launching mavenrun-43918a04-42ff-46a1-a7bf-3d80133ad680] INFO  o.eclipse.m2e.core.internal.Bundles - 	Entry: /Applications/Eclipse.app/Contents/Eclipse/plugins/org.eclipse.m2e.maven.runtime_3.9.900.20250220-2013/jars/maven-plugin-api-3.9.9.jar
2025-07-21 12:38:26,925 [Worker-26: Launching mavenrun-43918a04-42ff-46a1-a7bf-3d80133ad680] INFO  o.eclipse.m2e.core.internal.Bundles - 	Entry: /Applications/Eclipse.app/Contents/Eclipse/plugins/org.eclipse.m2e.maven.runtime_3.9.900.20250220-2013/jars/maven-repository-metadata-3.9.9.jar
2025-07-21 12:38:26,926 [Worker-26: Launching mavenrun-43918a04-42ff-46a1-a7bf-3d80133ad680] INFO  o.eclipse.m2e.core.internal.Bundles - 	Entry: /Applications/Eclipse.app/Contents/Eclipse/plugins/org.eclipse.m2e.maven.runtime_3.9.900.20250220-2013/jars/maven-resolver-api-1.9.22.jar
2025-07-21 12:38:26,926 [Worker-26: Launching mavenrun-43918a04-42ff-46a1-a7bf-3d80133ad680] INFO  o.eclipse.m2e.core.internal.Bundles - 	Entry: /Applications/Eclipse.app/Contents/Eclipse/plugins/org.eclipse.m2e.maven.runtime_3.9.900.20250220-2013/jars/maven-resolver-connector-basic-1.9.22.jar
2025-07-21 12:38:26,926 [Worker-26: Launching mavenrun-43918a04-42ff-46a1-a7bf-3d80133ad680] INFO  o.eclipse.m2e.core.internal.Bundles - 	Entry: /Applications/Eclipse.app/Contents/Eclipse/plugins/org.eclipse.m2e.maven.runtime_3.9.900.20250220-2013/jars/maven-resolver-impl-1.9.22.jar
2025-07-21 12:38:26,926 [Worker-26: Launching mavenrun-43918a04-42ff-46a1-a7bf-3d80133ad680] INFO  o.eclipse.m2e.core.internal.Bundles - 	Entry: /Applications/Eclipse.app/Contents/Eclipse/plugins/org.eclipse.m2e.maven.runtime_3.9.900.20250220-2013/jars/maven-resolver-named-locks-1.9.22.jar
2025-07-21 12:38:26,926 [Worker-26: Launching mavenrun-43918a04-42ff-46a1-a7bf-3d80133ad680] INFO  o.eclipse.m2e.core.internal.Bundles - 	Entry: /Applications/Eclipse.app/Contents/Eclipse/plugins/org.eclipse.m2e.maven.runtime_3.9.900.20250220-2013/jars/maven-resolver-provider-3.9.9.jar
2025-07-21 12:38:26,926 [Worker-26: Launching mavenrun-43918a04-42ff-46a1-a7bf-3d80133ad680] INFO  o.eclipse.m2e.core.internal.Bundles - 	Entry: /Applications/Eclipse.app/Contents/Eclipse/plugins/org.eclipse.m2e.maven.runtime_3.9.900.20250220-2013/jars/maven-resolver-spi-1.9.22.jar
2025-07-21 12:38:26,926 [Worker-26: Launching mavenrun-43918a04-42ff-46a1-a7bf-3d80133ad680] INFO  o.eclipse.m2e.core.internal.Bundles - 	Entry: /Applications/Eclipse.app/Contents/Eclipse/plugins/org.eclipse.m2e.maven.runtime_3.9.900.20250220-2013/jars/maven-resolver-transport-file-1.9.22.jar
2025-07-21 12:38:26,926 [Worker-26: Launching mavenrun-43918a04-42ff-46a1-a7bf-3d80133ad680] INFO  o.eclipse.m2e.core.internal.Bundles - 	Entry: /Applications/Eclipse.app/Contents/Eclipse/plugins/org.eclipse.m2e.maven.runtime_3.9.900.20250220-2013/jars/maven-resolver-transport-http-1.9.22.jar
2025-07-21 12:38:26,926 [Worker-26: Launching mavenrun-43918a04-42ff-46a1-a7bf-3d80133ad680] INFO  o.eclipse.m2e.core.internal.Bundles - 	Entry: /Applications/Eclipse.app/Contents/Eclipse/plugins/org.eclipse.m2e.maven.runtime_3.9.900.20250220-2013/jars/maven-resolver-transport-wagon-1.9.22.jar
2025-07-21 12:38:26,926 [Worker-26: Launching mavenrun-43918a04-42ff-46a1-a7bf-3d80133ad680] INFO  o.eclipse.m2e.core.internal.Bundles - 	Entry: /Applications/Eclipse.app/Contents/Eclipse/plugins/org.eclipse.m2e.maven.runtime_3.9.900.20250220-2013/jars/maven-resolver-util-1.9.22.jar
2025-07-21 12:38:26,926 [Worker-26: Launching mavenrun-43918a04-42ff-46a1-a7bf-3d80133ad680] INFO  o.eclipse.m2e.core.internal.Bundles - 	Entry: /Applications/Eclipse.app/Contents/Eclipse/plugins/org.eclipse.m2e.maven.runtime_3.9.900.20250220-2013/jars/maven-settings-3.9.9.jar
2025-07-21 12:38:26,926 [Worker-26: Launching mavenrun-43918a04-42ff-46a1-a7bf-3d80133ad680] INFO  o.eclipse.m2e.core.internal.Bundles - 	Entry: /Applications/Eclipse.app/Contents/Eclipse/plugins/org.eclipse.m2e.maven.runtime_3.9.900.20250220-2013/jars/maven-settings-builder-3.9.9.jar
2025-07-21 12:38:26,926 [Worker-26: Launching mavenrun-43918a04-42ff-46a1-a7bf-3d80133ad680] INFO  o.eclipse.m2e.core.internal.Bundles - 	Entry: /Applications/Eclipse.app/Contents/Eclipse/plugins/org.eclipse.m2e.maven.runtime_3.9.900.20250220-2013/jars/maven-shared-utils-3.4.2.jar
2025-07-21 12:38:26,926 [Worker-26: Launching mavenrun-43918a04-42ff-46a1-a7bf-3d80133ad680] INFO  o.eclipse.m2e.core.internal.Bundles - 	Entry: /Applications/Eclipse.app/Contents/Eclipse/plugins/org.eclipse.m2e.maven.runtime_3.9.900.20250220-2013/jars/org.eclipse.sisu.inject-0.9.0.M3.jar
2025-07-21 12:38:26,926 [Worker-26: Launching mavenrun-43918a04-42ff-46a1-a7bf-3d80133ad680] INFO  o.eclipse.m2e.core.internal.Bundles - 	Entry: /Applications/Eclipse.app/Contents/Eclipse/plugins/org.eclipse.m2e.maven.runtime_3.9.900.20250220-2013/jars/org.eclipse.sisu.plexus-0.9.0.M3.jar
2025-07-21 12:38:26,926 [Worker-26: Launching mavenrun-43918a04-42ff-46a1-a7bf-3d80133ad680] INFO  o.eclipse.m2e.core.internal.Bundles - 	Entry: /Applications/Eclipse.app/Contents/Eclipse/plugins/org.eclipse.m2e.maven.runtime_3.9.900.20250220-2013/jars/plexus-build-api-0.0.7.jar
2025-07-21 12:38:26,926 [Worker-26: Launching mavenrun-43918a04-42ff-46a1-a7bf-3d80133ad680] INFO  o.eclipse.m2e.core.internal.Bundles - 	Entry: /Applications/Eclipse.app/Contents/Eclipse/plugins/org.eclipse.m2e.maven.runtime_3.9.900.20250220-2013/jars/plexus-build-api-1.2.0.jar
2025-07-21 12:38:26,926 [Worker-26: Launching mavenrun-43918a04-42ff-46a1-a7bf-3d80133ad680] INFO  o.eclipse.m2e.core.internal.Bundles - 	Entry: /Applications/Eclipse.app/Contents/Eclipse/plugins/org.eclipse.m2e.maven.runtime_3.9.900.20250220-2013/jars/plexus-cipher-2.0.jar
2025-07-21 12:38:26,926 [Worker-26: Launching mavenrun-43918a04-42ff-46a1-a7bf-3d80133ad680] INFO  o.eclipse.m2e.core.internal.Bundles - 	Entry: /Applications/Eclipse.app/Contents/Eclipse/plugins/org.eclipse.m2e.maven.runtime_3.9.900.20250220-2013/jars/plexus-classworlds-2.8.0.jar
2025-07-21 12:38:26,926 [Worker-26: Launching mavenrun-43918a04-42ff-46a1-a7bf-3d80133ad680] INFO  o.eclipse.m2e.core.internal.Bundles - 	Entry: /Applications/Eclipse.app/Contents/Eclipse/plugins/org.eclipse.m2e.maven.runtime_3.9.900.20250220-2013/jars/plexus-component-annotations-2.1.0.jar
2025-07-21 12:38:26,926 [Worker-26: Launching mavenrun-43918a04-42ff-46a1-a7bf-3d80133ad680] INFO  o.eclipse.m2e.core.internal.Bundles - 	Entry: /Applications/Eclipse.app/Contents/Eclipse/plugins/org.eclipse.m2e.maven.runtime_3.9.900.20250220-2013/jars/plexus-interpolation-1.27.jar
2025-07-21 12:38:26,926 [Worker-26: Launching mavenrun-43918a04-42ff-46a1-a7bf-3d80133ad680] INFO  o.eclipse.m2e.core.internal.Bundles - 	Entry: /Applications/Eclipse.app/Contents/Eclipse/plugins/org.eclipse.m2e.maven.runtime_3.9.900.20250220-2013/jars/plexus-sec-dispatcher-2.0.jar
2025-07-21 12:38:26,926 [Worker-26: Launching mavenrun-43918a04-42ff-46a1-a7bf-3d80133ad680] INFO  o.eclipse.m2e.core.internal.Bundles - 	Entry: /Applications/Eclipse.app/Contents/Eclipse/plugins/org.eclipse.m2e.maven.runtime_3.9.900.20250220-2013/jars/plexus-utils-3.5.1.jar
2025-07-21 12:38:26,926 [Worker-26: Launching mavenrun-43918a04-42ff-46a1-a7bf-3d80133ad680] INFO  o.eclipse.m2e.core.internal.Bundles - 	Entry: /Applications/Eclipse.app/Contents/Eclipse/plugins/org.eclipse.m2e.maven.runtime_3.9.900.20250220-2013/jars/plexus-xml-3.0.1.jar
2025-07-21 12:38:26,926 [Worker-26: Launching mavenrun-43918a04-42ff-46a1-a7bf-3d80133ad680] INFO  o.eclipse.m2e.core.internal.Bundles - 	Entry: /Applications/Eclipse.app/Contents/Eclipse/plugins/org.eclipse.m2e.maven.runtime_3.9.900.20250220-2013/jars/wagon-file-3.5.3.jar
2025-07-21 12:38:26,926 [Worker-26: Launching mavenrun-43918a04-42ff-46a1-a7bf-3d80133ad680] INFO  o.eclipse.m2e.core.internal.Bundles - 	Entry: /Applications/Eclipse.app/Contents/Eclipse/plugins/org.eclipse.m2e.maven.runtime_3.9.900.20250220-2013/jars/wagon-http-3.5.3.jar
2025-07-21 12:38:26,926 [Worker-26: Launching mavenrun-43918a04-42ff-46a1-a7bf-3d80133ad680] INFO  o.eclipse.m2e.core.internal.Bundles - 	Entry: /Applications/Eclipse.app/Contents/Eclipse/plugins/org.eclipse.m2e.maven.runtime_3.9.900.20250220-2013/jars/wagon-http-shared-3.5.3.jar
2025-07-21 12:38:26,926 [Worker-26: Launching mavenrun-43918a04-42ff-46a1-a7bf-3d80133ad680] INFO  o.eclipse.m2e.core.internal.Bundles - 	Entry: /Applications/Eclipse.app/Contents/Eclipse/plugins/org.eclipse.m2e.maven.runtime_3.9.900.20250220-2013/jars/wagon-provider-api-3.5.3.jar
2025-07-21 12:38:26,928 [Worker-26: Launching mavenrun-43918a04-42ff-46a1-a7bf-3d80133ad680] INFO  o.eclipse.m2e.core.internal.Bundles - getClasspathEntries(Bundle=com.google.guava_33.4.8.jre [18])
2025-07-21 12:38:26,928 [Worker-26: Launching mavenrun-43918a04-42ff-46a1-a7bf-3d80133ad680] INFO  o.eclipse.m2e.core.internal.Bundles - 	Entry: /Applications/Eclipse.app/Contents/Eclipse/plugins/com.google.guava_33.4.8.jre.jar
2025-07-21 12:38:26,928 [Worker-26: Launching mavenrun-43918a04-42ff-46a1-a7bf-3d80133ad680] INFO  o.eclipse.m2e.core.internal.Bundles - getClasspathEntries(Bundle=slf4j.api_2.0.17 [1004])
2025-07-21 12:38:26,928 [Worker-26: Launching mavenrun-43918a04-42ff-46a1-a7bf-3d80133ad680] INFO  o.eclipse.m2e.core.internal.Bundles - 	Entry: /Applications/Eclipse.app/Contents/Eclipse/plugins/slf4j.api_2.0.17.jar
2025-07-21 12:38:26,928 [Worker-26: Launching mavenrun-43918a04-42ff-46a1-a7bf-3d80133ad680] INFO  o.eclipse.m2e.core.internal.Bundles - getClasspathEntries(Bundle=jakarta.inject.jakarta.inject-api_1.0.5 [35])
2025-07-21 12:38:26,928 [Worker-26: Launching mavenrun-43918a04-42ff-46a1-a7bf-3d80133ad680] INFO  o.eclipse.m2e.core.internal.Bundles - 	Entry: /Applications/Eclipse.app/Contents/Eclipse/plugins/jakarta.inject.jakarta.inject-api_1.0.5.jar
2025-07-21 12:38:26,928 [Worker-26: Launching mavenrun-43918a04-42ff-46a1-a7bf-3d80133ad680] INFO  o.eclipse.m2e.core.internal.Bundles - getClasspathEntries(Bundle=javax.annotation_1.3.5.v20200909-1856 [45])
2025-07-21 12:38:26,929 [Worker-26: Launching mavenrun-43918a04-42ff-46a1-a7bf-3d80133ad680] INFO  o.eclipse.m2e.core.internal.Bundles - 	Entry: /Applications/Eclipse.app/Contents/Eclipse/plugins/javax.annotation_1.3.5.v20200909-1856.jar
2025-07-21 12:38:26,929 [Worker-26: Launching mavenrun-43918a04-42ff-46a1-a7bf-3d80133ad680] INFO  o.eclipse.m2e.core.internal.Bundles - getClasspathEntries(Bundle=org.apache.commons.cli_1.9.0 [76])
2025-07-21 12:38:26,929 [Worker-26: Launching mavenrun-43918a04-42ff-46a1-a7bf-3d80133ad680] INFO  o.eclipse.m2e.core.internal.Bundles - 	Entry: /Applications/Eclipse.app/Contents/Eclipse/plugins/org.apache.commons.cli_1.9.0.jar
2025-07-21 12:38:26,929 [Worker-26: Launching mavenrun-43918a04-42ff-46a1-a7bf-3d80133ad680] INFO  o.eclipse.m2e.core.internal.Bundles - getClasspathEntries(Bundle=org.apache.commons.commons-codec_1.16.0 [78])
2025-07-21 12:38:26,929 [Worker-26: Launching mavenrun-43918a04-42ff-46a1-a7bf-3d80133ad680] INFO  o.eclipse.m2e.core.internal.Bundles - 	Entry: /Applications/Eclipse.app/Contents/Eclipse/plugins/org.apache.commons.commons-codec_1.16.0.jar
2025-07-21 12:38:26,929 [Worker-26: Launching mavenrun-43918a04-42ff-46a1-a7bf-3d80133ad680] INFO  o.eclipse.m2e.core.internal.Bundles - getClasspathEntries(Bundle=com.google.guava.failureaccess_1.0.3 [19])
2025-07-21 12:38:26,929 [Worker-26: Launching mavenrun-43918a04-42ff-46a1-a7bf-3d80133ad680] INFO  o.eclipse.m2e.core.internal.Bundles - 	Entry: /Applications/Eclipse.app/Contents/Eclipse/plugins/com.google.guava.failureaccess_1.0.3.jar
2025-07-21 12:38:26,932 [Worker-26: Launching mavenrun-43918a04-42ff-46a1-a7bf-3d80133ad680] INFO  o.e.m.i.launch.MavenLaunchDelegate - Run build in "/var/folders/fp/8ynhcppj1kl1z6lxw1wjs74r0000gn/T/m2e-archetypeGenerator7618589524481740619":
2025-07-21 12:38:26,933 [Worker-26: Launching mavenrun-43918a04-42ff-46a1-a7bf-3d80133ad680] INFO  o.e.m.i.launch.MavenLaunchDelegate -  mvn  -DarchetypeGroupId=org.apache.maven.archetypes -DarchetypeArtifactId=maven-archetype-webapp -DarchetypeVersion=1.5 -DgroupId=in.codeforgenet -DartifactId=SpringWebMvc -Dversion=1.0 -Dpackage=in.cfn.main -DoutputDirectory=/Users/karansingh/Desktop/Study_Material/SmrtPrm_SpringLearning -Dstyle.color=always -U archetype:generate
2025-07-21 12:38:39,937 [Worker-31: Creating maven-archetype-webapp] INFO  o.e.m.c.i.p.ProjectConfigurationManager - Collecting project info '/pom.xml' /Users/karansingh/Desktop/Study_Material/SmrtPrm_SpringLearning/SpringWebMvc/pom.xml
2025-07-21 12:38:40,169 [Worker-31: Creating maven-archetype-webapp] INFO  o.e.m.c.i.l.LifecycleMappingFactory - Using org.maven.ide.eclipse.wtp.WarLifecycleMapping lifecycle mapping for MavenProject: in.codeforgenet:SpringWebMvc:1.0 @ /Users/karansingh/Desktop/Study_Material/SmrtPrm_SpringLearning/SpringWebMvc/pom.xml.
2025-07-21 12:38:40,433 [Worker-31: Creating maven-archetype-webapp] INFO  o.e.m.j.i.AbstractJavaProjectConfigurator - Adding source folder /SpringWebMvc/src/main/java
2025-07-21 12:38:40,434 [Worker-31: Creating maven-archetype-webapp] INFO  o.e.m.j.i.AbstractJavaProjectConfigurator - Adding resource folder /SpringWebMvc/src/main/resources
2025-07-21 12:38:40,434 [Worker-31: Creating maven-archetype-webapp] INFO  o.e.m.j.i.AbstractJavaProjectConfigurator - Adding source folder /SpringWebMvc/src/test/java
2025-07-21 12:38:40,435 [Worker-31: Creating maven-archetype-webapp] INFO  o.e.m.j.i.AbstractJavaProjectConfigurator - Adding resource folder /SpringWebMvc/src/test/resources
2025-07-21 12:38:40,619 [Worker-31: Creating maven-archetype-webapp] INFO  o.e.m.c.i.p.ProjectConfigurationManager - Imported and configured 1 project(s) in 0 sec
2025-07-21 12:38:40,948 [Worker-33: Building] INFO  o.a.m.s.f.DefaultMavenResourcesFiltering - skip non existing resourceDirectory /Users/karansingh/Desktop/Study_Material/SmrtPrm_SpringLearning/SpringWebMvc/src/main/resources
2025-07-21 12:38:40,950 [Worker-33: Building] INFO  o.a.m.s.f.DefaultMavenResourcesFiltering - skip non existing resourceDirectory /Users/karansingh/Desktop/Study_Material/SmrtPrm_SpringLearning/SpringWebMvc/src/test/resources
2025-07-21 12:38:42,100 [Worker-36: Building] INFO  o.a.m.s.f.DefaultMavenResourcesFiltering - skip non existing resourceDirectory /Users/karansingh/Desktop/Study_Material/SmrtPrm_SpringLearning/SpringWebMvc/src/main/resources
2025-07-21 12:38:42,102 [Worker-36: Building] INFO  o.a.m.s.f.DefaultMavenResourcesFiltering - skip non existing resourceDirectory /Users/karansingh/Desktop/Study_Material/SmrtPrm_SpringLearning/SpringWebMvc/src/test/resources
2025-07-21 12:40:38,020 [Worker-39: Building Project SpringWebMvc] INFO  o.a.m.s.f.DefaultMavenResourcesFiltering - skip non existing resourceDirectory /Users/karansingh/Desktop/Study_Material/SmrtPrm_SpringLearning/SpringWebMvc/src/main/resources
2025-07-21 12:40:38,022 [Worker-39: Building Project SpringWebMvc] INFO  o.a.m.s.f.DefaultMavenResourcesFiltering - skip non existing resourceDirectory /Users/karansingh/Desktop/Study_Material/SmrtPrm_SpringLearning/SpringWebMvc/src/test/resources
2025-07-21 12:40:48,966 [Worker-39: Building] INFO  o.a.m.s.f.DefaultMavenResourcesFiltering - skip non existing resourceDirectory /Users/karansingh/Desktop/Study_Material/SmrtPrm_SpringLearning/SpringWebMvc/src/main/resources
2025-07-21 12:40:48,967 [Worker-39: Building] INFO  o.a.m.s.f.DefaultMavenResourcesFiltering - skip non existing resourceDirectory /Users/karansingh/Desktop/Study_Material/SmrtPrm_SpringLearning/SpringWebMvc/src/test/resources
2025-07-21 12:40:57,938 [Worker-33: Building] INFO  o.a.m.s.f.DefaultMavenResourcesFiltering - skip non existing resourceDirectory /Users/karansingh/Desktop/Study_Material/SmrtPrm_SpringLearning/SpringWebMvc/src/main/resources
2025-07-21 12:40:57,939 [Worker-33: Building] INFO  o.a.m.s.f.DefaultMavenResourcesFiltering - skip non existing resourceDirectory /Users/karansingh/Desktop/Study_Material/SmrtPrm_SpringLearning/SpringWebMvc/src/test/resources
2025-07-21 12:41:22,093 [Worker-31: Updating Maven Project] INFO  o.e.m.c.i.p.ProjectConfigurationManager - Update started
2025-07-21 12:41:22,139 [Worker-31: Updating Maven Project] INFO  o.e.m.c.i.l.LifecycleMappingFactory - Using org.maven.ide.eclipse.wtp.WarLifecycleMapping lifecycle mapping for MavenProject: in.codeforgenet:SpringWebMvc:1.0 @ /Users/karansingh/Desktop/Study_Material/SmrtPrm_SpringLearning/SpringWebMvc/pom.xml.
2025-07-21 12:41:22,185 [Worker-31: Updating Maven Project] INFO  o.e.m.j.i.AbstractJavaProjectConfigurator - Adding source folder /SpringWebMvc/src/main/java
2025-07-21 12:41:22,186 [Worker-31: Updating Maven Project] INFO  o.e.m.j.i.AbstractJavaProjectConfigurator - Adding resource folder /SpringWebMvc/src/main/resources
2025-07-21 12:41:22,186 [Worker-31: Updating Maven Project] INFO  o.e.m.j.i.AbstractJavaProjectConfigurator - Adding source folder /SpringWebMvc/src/test/java
2025-07-21 12:41:22,186 [Worker-31: Updating Maven Project] INFO  o.e.m.j.i.AbstractJavaProjectConfigurator - Adding resource folder /SpringWebMvc/src/test/resources
2025-07-21 12:41:22,295 [Worker-31: Updating Maven Project] INFO  o.e.m.w.i.f.ResourceFilteringBuildParticipant - Cleaning filtered folder for SpringWebMvc
2025-07-21 12:41:22,301 [Worker-31: Updating Maven Project] INFO  o.e.m.c.i.p.ProjectConfigurationManager - Update completed for 1 poms: local refresh takes 0.00 sec, refresh facades takes 0.00 sec, update config takes 0.00 sec 
2025-07-21 12:41:22,933 [Worker-39: Building Project SpringWebMvc] INFO  o.a.m.s.f.DefaultMavenResourcesFiltering - skip non existing resourceDirectory /Users/karansingh/Desktop/Study_Material/SmrtPrm_SpringLearning/SpringWebMvc/src/main/resources
2025-07-21 12:41:22,935 [Worker-39: Building Project SpringWebMvc] INFO  o.a.m.s.f.DefaultMavenResourcesFiltering - skip non existing resourceDirectory /Users/karansingh/Desktop/Study_Material/SmrtPrm_SpringLearning/SpringWebMvc/src/test/resources
2025-07-21 12:41:22,935 [Worker-39: Building Project SpringWebMvc] INFO  o.e.m.w.i.f.ResourceFilteringBuildParticipant - Changed resources require a complete clean of filtered resources of SpringWebMvc
2025-07-21 12:41:22,936 [Worker-39: Building Project SpringWebMvc] INFO  o.e.m.w.i.f.ResourceFilteringBuildParticipant - Executing resource filtering for SpringWebMvc
2025-07-21 12:42:17,662 [Worker-40: Building] INFO  o.a.m.s.f.DefaultMavenResourcesFiltering - Copying 0 resource from src/main/resources to target/classes
2025-07-21 12:42:17,666 [Worker-40: Building] INFO  o.a.m.s.f.DefaultMavenResourcesFiltering - Copying 0 resource from src/test/resources to target/test-classes
2025-07-21 12:42:29,723 [Worker-33: Updating Maven Project] INFO  o.e.m.c.i.p.ProjectConfigurationManager - Update started
2025-07-21 12:42:29,748 [Worker-33: Updating Maven Project] INFO  o.e.m.c.i.l.LifecycleMappingFactory - Using org.maven.ide.eclipse.wtp.WarLifecycleMapping lifecycle mapping for MavenProject: in.codeforgenet:SpringWebMvc:1.0 @ /Users/karansingh/Desktop/Study_Material/SmrtPrm_SpringLearning/SpringWebMvc/pom.xml.
2025-07-21 12:42:29,774 [Worker-33: Updating Maven Project] INFO  o.e.m.j.i.AbstractJavaProjectConfigurator - Adding source folder /SpringWebMvc/src/main/java
2025-07-21 12:42:29,774 [Worker-33: Updating Maven Project] INFO  o.e.m.j.i.AbstractJavaProjectConfigurator - Adding resource folder /SpringWebMvc/src/main/resources
2025-07-21 12:42:29,775 [Worker-33: Updating Maven Project] INFO  o.e.m.j.i.AbstractJavaProjectConfigurator - Adding source folder /SpringWebMvc/src/test/java
2025-07-21 12:42:29,775 [Worker-33: Updating Maven Project] INFO  o.e.m.j.i.AbstractJavaProjectConfigurator - Adding resource folder /SpringWebMvc/src/test/resources
2025-07-21 12:42:29,833 [Worker-33: Updating Maven Project] INFO  o.e.m.w.i.f.ResourceFilteringBuildParticipant - Cleaning filtered folder for SpringWebMvc
2025-07-21 12:42:29,836 [Worker-33: Updating Maven Project] INFO  o.e.m.c.i.p.ProjectConfigurationManager - Update completed for 1 poms: local refresh takes 0.00 sec, refresh facades takes 0.00 sec, update config takes 0.00 sec 
2025-07-21 12:42:30,031 [Worker-31: Building] INFO  o.a.m.s.f.DefaultMavenResourcesFiltering - Copying 0 resource from src/main/resources to target/classes
2025-07-21 12:42:30,034 [Worker-31: Building] INFO  o.a.m.s.f.DefaultMavenResourcesFiltering - Copying 0 resource from src/test/resources to target/test-classes
2025-07-21 12:42:30,034 [Worker-31: Building] INFO  o.e.m.w.i.f.ResourceFilteringBuildParticipant - Changed resources require a complete clean of filtered resources of SpringWebMvc
2025-07-21 12:42:30,034 [Worker-31: Building] INFO  o.e.m.w.i.f.ResourceFilteringBuildParticipant - Executing resource filtering for SpringWebMvc
2025-07-21 12:50:49,332 [Worker-43: Building] INFO  o.e.m.c.i.l.LifecycleMappingFactory - Using org.maven.ide.eclipse.wtp.WarLifecycleMapping lifecycle mapping for MavenProject: in.codeforgenet:SpringWebMvc:1.0 @ /Users/karansingh/Desktop/Study_Material/SmrtPrm_SpringLearning/SpringWebMvc/pom.xml.
2025-07-21 12:50:49,437 [Worker-43: Building] INFO  o.e.m.c.i.e.AbstractTransferListenerAdapter - Downloading https://repo.maven.apache.org/maven2/org/springframework/spring-webmvc/6.2.6/spring-webmvc-6.2.6.pom
2025-07-21 12:50:49,440 [Worker-43: Building] INFO  o.e.m.c.i.e.AbstractTransferListenerAdapter - Downloaded https://repo.maven.apache.org/maven2/org/springframework/spring-webmvc/6.2.6/spring-webmvc-6.2.6.pom
2025-07-21 12:50:49,463 [Worker-43: Building] INFO  o.e.m.c.i.e.AbstractTransferListenerAdapter - Downloading https://repo.maven.apache.org/maven2/org/springframework/spring-aop/6.2.6/spring-aop-6.2.6.pom
2025-07-21 12:50:49,464 [Worker-43: Building] INFO  o.e.m.c.i.e.AbstractTransferListenerAdapter - Downloaded https://repo.maven.apache.org/maven2/org/springframework/spring-aop/6.2.6/spring-aop-6.2.6.pom
2025-07-21 12:50:49,483 [Worker-43: Building] INFO  o.e.m.c.i.e.AbstractTransferListenerAdapter - Downloading https://repo.maven.apache.org/maven2/org/springframework/spring-beans/6.2.6/spring-beans-6.2.6.pom
2025-07-21 12:50:49,484 [Worker-43: Building] INFO  o.e.m.c.i.e.AbstractTransferListenerAdapter - Downloaded https://repo.maven.apache.org/maven2/org/springframework/spring-beans/6.2.6/spring-beans-6.2.6.pom
2025-07-21 12:50:49,507 [Worker-43: Building] INFO  o.e.m.c.i.e.AbstractTransferListenerAdapter - Downloading https://repo.maven.apache.org/maven2/org/springframework/spring-core/6.2.6/spring-core-6.2.6.pom
2025-07-21 12:50:49,508 [Worker-43: Building] INFO  o.e.m.c.i.e.AbstractTransferListenerAdapter - Downloaded https://repo.maven.apache.org/maven2/org/springframework/spring-core/6.2.6/spring-core-6.2.6.pom
2025-07-21 12:50:49,525 [Worker-43: Building] INFO  o.e.m.c.i.e.AbstractTransferListenerAdapter - Downloading https://repo.maven.apache.org/maven2/org/springframework/spring-jcl/6.2.6/spring-jcl-6.2.6.pom
2025-07-21 12:50:49,526 [Worker-43: Building] INFO  o.e.m.c.i.e.AbstractTransferListenerAdapter - Downloaded https://repo.maven.apache.org/maven2/org/springframework/spring-jcl/6.2.6/spring-jcl-6.2.6.pom
2025-07-21 12:50:49,542 [Worker-43: Building] INFO  o.e.m.c.i.e.AbstractTransferListenerAdapter - Downloading https://repo.maven.apache.org/maven2/org/springframework/spring-context/6.2.6/spring-context-6.2.6.pom
2025-07-21 12:50:49,544 [Worker-43: Building] INFO  o.e.m.c.i.e.AbstractTransferListenerAdapter - Downloaded https://repo.maven.apache.org/maven2/org/springframework/spring-context/6.2.6/spring-context-6.2.6.pom
2025-07-21 12:50:49,560 [Worker-43: Building] INFO  o.e.m.c.i.e.AbstractTransferListenerAdapter - Downloading https://repo.maven.apache.org/maven2/org/springframework/spring-expression/6.2.6/spring-expression-6.2.6.pom
2025-07-21 12:50:49,561 [Worker-43: Building] INFO  o.e.m.c.i.e.AbstractTransferListenerAdapter - Downloaded https://repo.maven.apache.org/maven2/org/springframework/spring-expression/6.2.6/spring-expression-6.2.6.pom
2025-07-21 12:50:49,575 [Worker-43: Building] INFO  o.e.m.c.i.e.AbstractTransferListenerAdapter - Downloading https://repo.maven.apache.org/maven2/io/micrometer/micrometer-observation/1.14.5/micrometer-observation-1.14.5.pom
2025-07-21 12:50:49,576 [Worker-43: Building] INFO  o.e.m.c.i.e.AbstractTransferListenerAdapter - Downloaded https://repo.maven.apache.org/maven2/io/micrometer/micrometer-observation/1.14.5/micrometer-observation-1.14.5.pom
2025-07-21 12:50:49,593 [Worker-43: Building] INFO  o.e.m.c.i.e.AbstractTransferListenerAdapter - Downloading https://repo.maven.apache.org/maven2/io/micrometer/micrometer-commons/1.14.5/micrometer-commons-1.14.5.pom
2025-07-21 12:50:49,594 [Worker-43: Building] INFO  o.e.m.c.i.e.AbstractTransferListenerAdapter - Downloaded https://repo.maven.apache.org/maven2/io/micrometer/micrometer-commons/1.14.5/micrometer-commons-1.14.5.pom
2025-07-21 12:50:49,616 [Worker-43: Building] INFO  o.e.m.c.i.e.AbstractTransferListenerAdapter - Downloading https://repo.maven.apache.org/maven2/org/springframework/spring-web/6.2.6/spring-web-6.2.6.pom
2025-07-21 12:50:49,617 [Worker-43: Building] INFO  o.e.m.c.i.e.AbstractTransferListenerAdapter - Downloaded https://repo.maven.apache.org/maven2/org/springframework/spring-web/6.2.6/spring-web-6.2.6.pom
2025-07-21 12:50:49,641 [Worker-43: Building] INFO  o.e.m.c.i.e.AbstractTransferListenerAdapter - Downloading https://repo.maven.apache.org/maven2/org/springframework/spring-webmvc/6.2.6/spring-webmvc-6.2.6.jar
2025-07-21 12:50:49,749 [Worker-43: Building] INFO  o.e.m.c.i.e.AbstractTransferListenerAdapter - Downloaded https://repo.maven.apache.org/maven2/org/springframework/spring-webmvc/6.2.6/spring-webmvc-6.2.6.jar
2025-07-21 12:50:49,824 [BasicRepositoryConnector-repo.maven.apache.org-0-0] INFO  o.e.m.c.i.e.AbstractTransferListenerAdapter - Downloading https://repo.maven.apache.org/maven2/org/springframework/spring-aop/6.2.6/spring-aop-6.2.6.jar
2025-07-21 12:50:49,834 [BasicRepositoryConnector-repo.maven.apache.org-0-0] INFO  o.e.m.c.i.e.AbstractTransferListenerAdapter - Downloaded https://repo.maven.apache.org/maven2/org/springframework/spring-aop/6.2.6/spring-aop-6.2.6.jar
2025-07-21 12:50:49,852 [BasicRepositoryConnector-repo.maven.apache.org-0-4] INFO  o.e.m.c.i.e.AbstractTransferListenerAdapter - Downloading https://repo.maven.apache.org/maven2/io/micrometer/micrometer-commons/1.14.5/micrometer-commons-1.14.5.jar
2025-07-21 12:50:49,852 [BasicRepositoryConnector-repo.maven.apache.org-0-3] INFO  o.e.m.c.i.e.AbstractTransferListenerAdapter - Downloading https://repo.maven.apache.org/maven2/io/micrometer/micrometer-observation/1.14.5/micrometer-observation-1.14.5.jar
2025-07-21 12:50:49,852 [BasicRepositoryConnector-repo.maven.apache.org-0-1] INFO  o.e.m.c.i.e.AbstractTransferListenerAdapter - Downloading https://repo.maven.apache.org/maven2/org/springframework/spring-beans/6.2.6/spring-beans-6.2.6.jar
2025-07-21 12:50:49,852 [BasicRepositoryConnector-repo.maven.apache.org-0-2] INFO  o.e.m.c.i.e.AbstractTransferListenerAdapter - Downloading https://repo.maven.apache.org/maven2/org/springframework/spring-context/6.2.6/spring-context-6.2.6.jar
2025-07-21 12:50:49,853 [BasicRepositoryConnector-repo.maven.apache.org-0-0] INFO  o.e.m.c.i.e.AbstractTransferListenerAdapter - Downloading https://repo.maven.apache.org/maven2/org/springframework/spring-core/6.2.6/spring-core-6.2.6.jar
2025-07-21 12:50:49,876 [BasicRepositoryConnector-repo.maven.apache.org-0-4] INFO  o.e.m.c.i.e.AbstractTransferListenerAdapter - Downloaded https://repo.maven.apache.org/maven2/io/micrometer/micrometer-commons/1.14.5/micrometer-commons-1.14.5.jar
2025-07-21 12:50:49,921 [BasicRepositoryConnector-repo.maven.apache.org-0-3] INFO  o.e.m.c.i.e.AbstractTransferListenerAdapter - Downloaded https://repo.maven.apache.org/maven2/io/micrometer/micrometer-observation/1.14.5/micrometer-observation-1.14.5.jar
2025-07-21 12:50:49,928 [BasicRepositoryConnector-repo.maven.apache.org-0-4] INFO  o.e.m.c.i.e.AbstractTransferListenerAdapter - Downloading https://repo.maven.apache.org/maven2/org/springframework/spring-jcl/6.2.6/spring-jcl-6.2.6.jar
2025-07-21 12:50:49,935 [BasicRepositoryConnector-repo.maven.apache.org-0-4] INFO  o.e.m.c.i.e.AbstractTransferListenerAdapter - Downloaded https://repo.maven.apache.org/maven2/org/springframework/spring-jcl/6.2.6/spring-jcl-6.2.6.jar
2025-07-21 12:50:49,971 [BasicRepositoryConnector-repo.maven.apache.org-0-4] INFO  o.e.m.c.i.e.AbstractTransferListenerAdapter - Downloading https://repo.maven.apache.org/maven2/org/springframework/spring-web/6.2.6/spring-web-6.2.6.jar
2025-07-21 12:50:49,972 [BasicRepositoryConnector-repo.maven.apache.org-0-3] INFO  o.e.m.c.i.e.AbstractTransferListenerAdapter - Downloading https://repo.maven.apache.org/maven2/org/springframework/spring-expression/6.2.6/spring-expression-6.2.6.jar
2025-07-21 12:50:50,083 [BasicRepositoryConnector-repo.maven.apache.org-0-0] INFO  o.e.m.c.i.e.AbstractTransferListenerAdapter - Downloaded https://repo.maven.apache.org/maven2/org/springframework/spring-core/6.2.6/spring-core-6.2.6.jar
2025-07-21 12:50:50,211 [BasicRepositoryConnector-repo.maven.apache.org-0-3] INFO  o.e.m.c.i.e.AbstractTransferListenerAdapter - Downloaded https://repo.maven.apache.org/maven2/org/springframework/spring-expression/6.2.6/spring-expression-6.2.6.jar
2025-07-21 12:50:50,292 [BasicRepositoryConnector-repo.maven.apache.org-0-1] INFO  o.e.m.c.i.e.AbstractTransferListenerAdapter - Downloaded https://repo.maven.apache.org/maven2/org/springframework/spring-beans/6.2.6/spring-beans-6.2.6.jar
2025-07-21 12:50:50,381 [BasicRepositoryConnector-repo.maven.apache.org-0-2] INFO  o.e.m.c.i.e.AbstractTransferListenerAdapter - Downloaded https://repo.maven.apache.org/maven2/org/springframework/spring-context/6.2.6/spring-context-6.2.6.jar
2025-07-21 12:50:50,468 [BasicRepositoryConnector-repo.maven.apache.org-0-4] INFO  o.e.m.c.i.e.AbstractTransferListenerAdapter - Downloaded https://repo.maven.apache.org/maven2/org/springframework/spring-web/6.2.6/spring-web-6.2.6.jar
2025-07-21 12:50:50,598 [Worker-43: Building] INFO  o.a.m.s.f.DefaultMavenResourcesFiltering - Copying 0 resource from src/main/resources to target/classes
2025-07-21 12:50:50,600 [Worker-43: Building] INFO  o.a.m.s.f.DefaultMavenResourcesFiltering - Copying 0 resource from src/test/resources to target/test-classes
2025-07-21 12:50:50,600 [Worker-43: Building] INFO  o.e.m.w.i.f.ResourceFilteringBuildParticipant - Changed resources require a complete clean of filtered resources of SpringWebMvc
2025-07-21 12:50:50,600 [Worker-43: Building] INFO  o.e.m.w.i.f.ResourceFilteringBuildParticipant - Executing resource filtering for SpringWebMvc
2025-07-21 12:50:51,562 [Worker-44: Download sources and javadoc] INFO  o.e.m.c.i.e.AbstractTransferListenerAdapter - Downloading https://repo.maven.apache.org/maven2/org/springframework/spring-webmvc/6.2.6/spring-webmvc-6.2.6-sources.jar
2025-07-21 12:50:51,625 [Worker-44: Download sources and javadoc] INFO  o.e.m.c.i.e.AbstractTransferListenerAdapter - Downloaded https://repo.maven.apache.org/maven2/org/springframework/spring-webmvc/6.2.6/spring-webmvc-6.2.6-sources.jar
2025-07-21 12:50:51,627 [Worker-44: Download sources and javadoc] INFO  o.e.m.j.internal.DownloadSourcesJob - Downloaded sources for org.springframework:spring-webmvc:6.2.6
2025-07-21 12:50:51,662 [Worker-44: Download sources and javadoc] INFO  o.e.m.c.i.e.AbstractTransferListenerAdapter - Downloading https://repo.maven.apache.org/maven2/org/springframework/spring-aop/6.2.6/spring-aop-6.2.6-sources.jar
2025-07-21 12:50:51,700 [Worker-44: Download sources and javadoc] INFO  o.e.m.c.i.e.AbstractTransferListenerAdapter - Downloaded https://repo.maven.apache.org/maven2/org/springframework/spring-aop/6.2.6/spring-aop-6.2.6-sources.jar
2025-07-21 12:50:51,700 [Worker-44: Download sources and javadoc] INFO  o.e.m.j.internal.DownloadSourcesJob - Downloaded sources for org.springframework:spring-aop:6.2.6
2025-07-21 12:50:51,739 [Worker-44: Download sources and javadoc] INFO  o.e.m.c.i.e.AbstractTransferListenerAdapter - Downloading https://repo.maven.apache.org/maven2/org/springframework/spring-beans/6.2.6/spring-beans-6.2.6-sources.jar
2025-07-21 12:50:51,801 [Worker-44: Download sources and javadoc] INFO  o.e.m.c.i.e.AbstractTransferListenerAdapter - Downloaded https://repo.maven.apache.org/maven2/org/springframework/spring-beans/6.2.6/spring-beans-6.2.6-sources.jar
2025-07-21 12:50:51,801 [Worker-44: Download sources and javadoc] INFO  o.e.m.j.internal.DownloadSourcesJob - Downloaded sources for org.springframework:spring-beans:6.2.6
2025-07-21 12:50:51,839 [Worker-44: Download sources and javadoc] INFO  o.e.m.c.i.e.AbstractTransferListenerAdapter - Downloading https://repo.maven.apache.org/maven2/org/springframework/spring-context/6.2.6/spring-context-6.2.6-sources.jar
2025-07-21 12:50:51,918 [Worker-44: Download sources and javadoc] INFO  o.e.m.c.i.e.AbstractTransferListenerAdapter - Downloaded https://repo.maven.apache.org/maven2/org/springframework/spring-context/6.2.6/spring-context-6.2.6-sources.jar
2025-07-21 12:50:51,919 [Worker-44: Download sources and javadoc] INFO  o.e.m.j.internal.DownloadSourcesJob - Downloaded sources for org.springframework:spring-context:6.2.6
2025-07-21 12:50:51,955 [Worker-44: Download sources and javadoc] INFO  o.e.m.c.i.e.AbstractTransferListenerAdapter - Downloading https://repo.maven.apache.org/maven2/io/micrometer/micrometer-observation/1.14.5/micrometer-observation-1.14.5-sources.jar
2025-07-21 12:50:51,968 [Worker-44: Download sources and javadoc] INFO  o.e.m.c.i.e.AbstractTransferListenerAdapter - Downloaded https://repo.maven.apache.org/maven2/io/micrometer/micrometer-observation/1.14.5/micrometer-observation-1.14.5-sources.jar
2025-07-21 12:50:51,969 [Worker-44: Download sources and javadoc] INFO  o.e.m.j.internal.DownloadSourcesJob - Downloaded sources for io.micrometer:micrometer-observation:1.14.5
2025-07-21 12:50:52,005 [Worker-44: Download sources and javadoc] INFO  o.e.m.c.i.e.AbstractTransferListenerAdapter - Downloading https://repo.maven.apache.org/maven2/io/micrometer/micrometer-commons/1.14.5/micrometer-commons-1.14.5-sources.jar
2025-07-21 12:50:52,017 [Worker-44: Download sources and javadoc] INFO  o.e.m.c.i.e.AbstractTransferListenerAdapter - Downloaded https://repo.maven.apache.org/maven2/io/micrometer/micrometer-commons/1.14.5/micrometer-commons-1.14.5-sources.jar
2025-07-21 12:50:52,018 [Worker-44: Download sources and javadoc] INFO  o.e.m.j.internal.DownloadSourcesJob - Downloaded sources for io.micrometer:micrometer-commons:1.14.5
2025-07-21 12:50:52,050 [Worker-44: Download sources and javadoc] INFO  o.e.m.c.i.e.AbstractTransferListenerAdapter - Downloading https://repo.maven.apache.org/maven2/org/springframework/spring-core/6.2.6/spring-core-6.2.6-sources.jar
2025-07-21 12:50:52,142 [Worker-44: Download sources and javadoc] INFO  o.e.m.c.i.e.AbstractTransferListenerAdapter - Downloaded https://repo.maven.apache.org/maven2/org/springframework/spring-core/6.2.6/spring-core-6.2.6-sources.jar
2025-07-21 12:50:52,143 [Worker-44: Download sources and javadoc] INFO  o.e.m.j.internal.DownloadSourcesJob - Downloaded sources for org.springframework:spring-core:6.2.6
2025-07-21 12:50:52,185 [Worker-44: Download sources and javadoc] INFO  o.e.m.c.i.e.AbstractTransferListenerAdapter - Downloading https://repo.maven.apache.org/maven2/org/springframework/spring-jcl/6.2.6/spring-jcl-6.2.6-sources.jar
2025-07-21 12:50:52,186 [Worker-44: Download sources and javadoc] INFO  o.e.m.c.i.e.AbstractTransferListenerAdapter - Downloaded https://repo.maven.apache.org/maven2/org/springframework/spring-jcl/6.2.6/spring-jcl-6.2.6-sources.jar
2025-07-21 12:50:52,187 [Worker-44: Download sources and javadoc] INFO  o.e.m.j.internal.DownloadSourcesJob - Downloaded sources for org.springframework:spring-jcl:6.2.6
2025-07-21 12:50:52,227 [Worker-44: Download sources and javadoc] INFO  o.e.m.c.i.e.AbstractTransferListenerAdapter - Downloading https://repo.maven.apache.org/maven2/org/springframework/spring-expression/6.2.6/spring-expression-6.2.6-sources.jar
2025-07-21 12:50:52,266 [Worker-44: Download sources and javadoc] INFO  o.e.m.c.i.e.AbstractTransferListenerAdapter - Downloaded https://repo.maven.apache.org/maven2/org/springframework/spring-expression/6.2.6/spring-expression-6.2.6-sources.jar
2025-07-21 12:50:52,267 [Worker-44: Download sources and javadoc] INFO  o.e.m.j.internal.DownloadSourcesJob - Downloaded sources for org.springframework:spring-expression:6.2.6
2025-07-21 12:50:52,310 [Worker-44: Download sources and javadoc] INFO  o.e.m.c.i.e.AbstractTransferListenerAdapter - Downloading https://repo.maven.apache.org/maven2/org/springframework/spring-web/6.2.6/spring-web-6.2.6-sources.jar
2025-07-21 12:50:52,395 [Worker-44: Download sources and javadoc] INFO  o.e.m.c.i.e.AbstractTransferListenerAdapter - Downloaded https://repo.maven.apache.org/maven2/org/springframework/spring-web/6.2.6/spring-web-6.2.6-sources.jar
2025-07-21 12:50:52,396 [Worker-44: Download sources and javadoc] INFO  o.e.m.j.internal.DownloadSourcesJob - Downloaded sources for org.springframework:spring-web:6.2.6
2025-07-21 12:51:15,211 [Worker-42: Building] INFO  o.e.m.c.i.l.LifecycleMappingFactory - Using org.maven.ide.eclipse.wtp.WarLifecycleMapping lifecycle mapping for MavenProject: in.codeforgenet:SpringWebMvc:1.0 @ /Users/karansingh/Desktop/Study_Material/SmrtPrm_SpringLearning/SpringWebMvc/pom.xml.
2025-07-21 12:51:15,287 [Worker-42: Building] INFO  o.a.m.s.f.DefaultMavenResourcesFiltering - Copying 0 resource from src/main/resources to target/classes
2025-07-21 12:51:15,290 [Worker-42: Building] INFO  o.a.m.s.f.DefaultMavenResourcesFiltering - Copying 0 resource from src/test/resources to target/test-classes
2025-07-21 12:51:15,290 [Worker-42: Building] INFO  o.e.m.w.i.f.ResourceFilteringBuildParticipant - Changed resources require a complete clean of filtered resources of SpringWebMvc
2025-07-21 12:51:15,290 [Worker-42: Building] INFO  o.e.m.w.i.f.ResourceFilteringBuildParticipant - Executing resource filtering for SpringWebMvc
2025-07-21 12:52:51,455 [Worker-33: Building] INFO  o.e.m.c.i.l.LifecycleMappingFactory - Using org.maven.ide.eclipse.wtp.WarLifecycleMapping lifecycle mapping for MavenProject: in.codeforgenet:SpringWebMvc:1.0 @ /Users/karansingh/Desktop/Study_Material/SmrtPrm_SpringLearning/SpringWebMvc/pom.xml.
2025-07-21 12:52:51,619 [Worker-33: Building] INFO  o.a.m.s.f.DefaultMavenResourcesFiltering - Copying 0 resource from src/main/resources to target/classes
2025-07-21 12:52:51,621 [Worker-33: Building] INFO  o.a.m.s.f.DefaultMavenResourcesFiltering - Copying 0 resource from src/test/resources to target/test-classes
2025-07-21 12:52:51,621 [Worker-33: Building] INFO  o.e.m.w.i.f.ResourceFilteringBuildParticipant - Changed resources require a complete clean of filtered resources of SpringWebMvc
2025-07-21 12:52:51,621 [Worker-33: Building] INFO  o.e.m.w.i.f.ResourceFilteringBuildParticipant - Executing resource filtering for SpringWebMvc
2025-07-21 12:53:15,789 [Worker-33: Building] INFO  o.e.m.c.i.l.LifecycleMappingFactory - Using org.maven.ide.eclipse.wtp.WarLifecycleMapping lifecycle mapping for MavenProject: in.codeforgenet:SpringWebMvc:1.0 @ /Users/karansingh/Desktop/Study_Material/SmrtPrm_SpringLearning/SpringWebMvc/pom.xml.
2025-07-21 12:53:15,869 [Worker-33: Building] INFO  o.a.m.s.f.DefaultMavenResourcesFiltering - Copying 0 resource from src/main/resources to target/classes
2025-07-21 12:53:15,871 [Worker-33: Building] INFO  o.a.m.s.f.DefaultMavenResourcesFiltering - Copying 0 resource from src/test/resources to target/test-classes
2025-07-21 12:53:15,871 [Worker-33: Building] INFO  o.e.m.w.i.f.ResourceFilteringBuildParticipant - Changed resources require a complete clean of filtered resources of SpringWebMvc
2025-07-21 12:53:15,871 [Worker-33: Building] INFO  o.e.m.w.i.f.ResourceFilteringBuildParticipant - Executing resource filtering for SpringWebMvc
2025-07-21 12:56:28,014 [Worker-33: Building] INFO  o.a.m.s.f.DefaultMavenResourcesFiltering - Copying 0 resource from src/main/resources to target/classes
2025-07-21 12:56:28,016 [Worker-33: Building] INFO  o.a.m.s.f.DefaultMavenResourcesFiltering - Copying 0 resource from src/test/resources to target/test-classes
2025-07-21 12:57:15,174 [Worker-46: Building] INFO  o.a.m.s.f.DefaultMavenResourcesFiltering - Copying 0 resource from src/main/resources to target/classes
2025-07-21 12:57:15,177 [Worker-46: Building] INFO  o.a.m.s.f.DefaultMavenResourcesFiltering - Copying 0 resource from src/test/resources to target/test-classes
2025-07-21 12:57:33,335 [Worker-42: Building] INFO  o.a.m.s.f.DefaultMavenResourcesFiltering - Copying 0 resource from src/main/resources to target/classes
2025-07-21 12:57:33,337 [Worker-42: Building] INFO  o.a.m.s.f.DefaultMavenResourcesFiltering - Copying 0 resource from src/test/resources to target/test-classes
2025-07-21 12:57:46,920 [Worker-33: Building] INFO  o.a.m.s.f.DefaultMavenResourcesFiltering - Copying 0 resource from src/main/resources to target/classes
2025-07-21 12:57:46,922 [Worker-33: Building] INFO  o.a.m.s.f.DefaultMavenResourcesFiltering - Copying 0 resource from src/test/resources to target/test-classes
2025-07-21 12:57:54,878 [Worker-42: Building] INFO  o.a.m.s.f.DefaultMavenResourcesFiltering - Copying 0 resource from src/main/resources to target/classes
2025-07-21 12:57:54,880 [Worker-42: Building] INFO  o.a.m.s.f.DefaultMavenResourcesFiltering - Copying 0 resource from src/test/resources to target/test-classes
2025-07-21 12:58:56,658 [Worker-49: Building] INFO  o.a.m.s.f.DefaultMavenResourcesFiltering - Copying 0 resource from src/main/resources to target/classes
2025-07-21 12:58:56,661 [Worker-49: Building] INFO  o.a.m.s.f.DefaultMavenResourcesFiltering - Copying 0 resource from src/test/resources to target/test-classes
2025-07-21 12:59:11,678 [Worker-42: Building] INFO  o.a.m.s.f.DefaultMavenResourcesFiltering - Copying 0 resource from src/main/resources to target/classes
2025-07-21 12:59:11,679 [Worker-42: Building] INFO  o.a.m.s.f.DefaultMavenResourcesFiltering - Copying 0 resource from src/test/resources to target/test-classes
2025-07-21 12:59:22,769 [Worker-46: Building] INFO  o.a.m.s.f.DefaultMavenResourcesFiltering - Copying 0 resource from src/main/resources to target/classes
2025-07-21 12:59:22,770 [Worker-46: Building] INFO  o.a.m.s.f.DefaultMavenResourcesFiltering - Copying 0 resource from src/test/resources to target/test-classes
2025-07-21 13:04:31,258 [Worker-56: https://www.codetogether.com/updates/ci/compositeContent.jar] WARN  o.a.h.c.h.p.ResponseProcessCookies - ex-0000000061 Cookie rejected [_cfuvid="pprvzLMAXT2k9g2S4tcgZFUblimVGiiepmrBuonIc.U-1753083271240-0.0.1.1-604800000", domain:cdn.webflow.com, path:/, expiry:null] Illegal 'domain' attribute "cdn.webflow.com". Domain of origin: "www.codetogether.com"
2025-07-22 11:08:47,929 [Worker-27: Building] INFO  o.a.m.s.f.DefaultMavenResourcesFiltering - Copying 0 resource from src/main/resources to target/classes
2025-07-22 11:08:47,936 [Worker-27: Building] INFO  o.a.m.s.f.DefaultMavenResourcesFiltering - Copying 0 resource from src/test/resources to target/test-classes
2025-07-22 11:13:45,134 [Worker-31: Building] INFO  o.a.m.s.f.DefaultMavenResourcesFiltering - Copying 0 resource from src/main/resources to target/classes
2025-07-22 11:13:45,138 [Worker-31: Building] INFO  o.a.m.s.f.DefaultMavenResourcesFiltering - Copying 0 resource from src/test/resources to target/test-classes
2025-07-22 11:13:54,959 [Worker-31: Building] INFO  o.a.m.s.f.DefaultMavenResourcesFiltering - Copying 0 resource from src/main/resources to target/classes
2025-07-22 11:13:54,962 [Worker-31: Building] INFO  o.a.m.s.f.DefaultMavenResourcesFiltering - Copying 0 resource from src/test/resources to target/test-classes
2025-07-22 11:14:45,255 [Worker-31: Loading available Gradle versions] INFO  o.e.b.c.i.u.g.PublishedGradleVersions - Gradle version information cache is out-of-date. Trying to update.
2025-07-22 11:15:30,623 [Worker-14: Building] INFO  o.a.m.s.f.DefaultMavenResourcesFiltering - Copying 0 resource from src/main/resources to target/classes
2025-07-22 11:15:30,625 [Worker-14: Building] INFO  o.a.m.s.f.DefaultMavenResourcesFiltering - Copying 0 resource from src/test/resources to target/test-classes
2025-07-22 11:17:02,149 [Worker-30: Building] INFO  o.a.m.s.f.DefaultMavenResourcesFiltering - Copying 0 resource from src/main/resources to target/classes
2025-07-22 11:17:02,151 [Worker-30: Building] INFO  o.a.m.s.f.DefaultMavenResourcesFiltering - Copying 0 resource from src/test/resources to target/test-classes
2025-07-22 11:17:11,510 [Worker-31: Updating Maven Project] INFO  o.e.m.c.i.p.ProjectConfigurationManager - Update started
2025-07-22 11:17:11,639 [Worker-31: Updating Maven Project] INFO  o.e.m.c.i.l.LifecycleMappingFactory - Using org.maven.ide.eclipse.wtp.WarLifecycleMapping lifecycle mapping for MavenProject: in.codeforgenet:SpringWebMvc:1.0 @ /Users/karansingh/Desktop/Study_Material/SmrtPrm_SpringLearning/SpringWebMvc/pom.xml.
2025-07-22 11:17:11,864 [Worker-31: Updating Maven Project] INFO  o.e.m.j.i.AbstractJavaProjectConfigurator - Adding source folder /SpringWebMvc/src/main/java
2025-07-22 11:17:11,864 [Worker-31: Updating Maven Project] INFO  o.e.m.j.i.AbstractJavaProjectConfigurator - Adding resource folder /SpringWebMvc/src/main/resources
2025-07-22 11:17:11,865 [Worker-31: Updating Maven Project] INFO  o.e.m.j.i.AbstractJavaProjectConfigurator - Adding source folder /SpringWebMvc/src/test/java
2025-07-22 11:17:11,865 [Worker-31: Updating Maven Project] INFO  o.e.m.j.i.AbstractJavaProjectConfigurator - Adding resource folder /SpringWebMvc/src/test/resources
2025-07-22 11:17:12,001 [Worker-31: Updating Maven Project] INFO  o.e.m.w.i.f.ResourceFilteringBuildParticipant - Cleaning filtered folder for SpringWebMvc
2025-07-22 11:17:12,013 [Worker-31: Updating Maven Project] INFO  o.e.m.c.i.p.ProjectConfigurationManager - Update completed for 1 poms: local refresh takes 0.00 sec, refresh facades takes 0.00 sec, update config takes 0.00 sec 
2025-07-22 11:17:12,172 [Worker-31: Building] INFO  o.a.m.s.f.DefaultMavenResourcesFiltering - Copying 0 resource from src/main/resources to target/classes
2025-07-22 11:17:12,174 [Worker-31: Building] INFO  o.a.m.s.f.DefaultMavenResourcesFiltering - Copying 0 resource from src/test/resources to target/test-classes
2025-07-22 11:17:12,174 [Worker-31: Building] INFO  o.e.m.w.i.f.ResourceFilteringBuildParticipant - Changed resources require a complete clean of filtered resources of SpringWebMvc
2025-07-22 11:17:12,175 [Worker-31: Building] INFO  o.e.m.w.i.f.ResourceFilteringBuildParticipant - Executing resource filtering for SpringWebMvc
2025-07-22 11:18:56,403 [Worker-32: Building] INFO  o.a.m.s.f.DefaultMavenResourcesFiltering - Copying 0 resource from src/main/resources to target/classes
2025-07-22 11:18:56,405 [Worker-32: Building] INFO  o.a.m.s.f.DefaultMavenResourcesFiltering - Copying 0 resource from src/test/resources to target/test-classes
2025-07-22 11:19:46,616 [Worker-33: Building] INFO  o.a.m.s.f.DefaultMavenResourcesFiltering - Copying 0 resource from src/main/resources to target/classes
2025-07-22 11:19:46,618 [Worker-33: Building] INFO  o.a.m.s.f.DefaultMavenResourcesFiltering - Copying 0 resource from src/test/resources to target/test-classes
2025-07-22 11:20:31,703 [Worker-30: Building] INFO  o.a.m.s.f.DefaultMavenResourcesFiltering - Copying 0 resource from src/main/resources to target/classes
2025-07-22 11:20:31,705 [Worker-30: Building] INFO  o.a.m.s.f.DefaultMavenResourcesFiltering - Copying 0 resource from src/test/resources to target/test-classes
2025-07-22 11:21:09,885 [Worker-34: Building] INFO  o.a.m.s.f.DefaultMavenResourcesFiltering - Copying 0 resource from src/main/resources to target/classes
2025-07-22 11:21:09,887 [Worker-34: Building] INFO  o.a.m.s.f.DefaultMavenResourcesFiltering - Copying 0 resource from src/test/resources to target/test-classes
2025-07-22 11:21:22,161 [Worker-32: Building] INFO  o.a.m.s.f.DefaultMavenResourcesFiltering - Copying 0 resource from src/main/resources to target/classes
2025-07-22 11:21:22,163 [Worker-32: Building] INFO  o.a.m.s.f.DefaultMavenResourcesFiltering - Copying 0 resource from src/test/resources to target/test-classes
2025-07-22 11:33:52,625 [Worker-26: Loading available Gradle versions] INFO  o.e.b.c.i.u.g.PublishedGradleVersions - Gradle version information cache is up-to-date. Trying to read.
2025-07-22 12:06:34,210 [Worker-27: Building] INFO  o.a.m.s.f.DefaultMavenResourcesFiltering - Copying 0 resource from src/main/resources to target/classes
2025-07-22 12:06:34,213 [Worker-27: Building] INFO  o.a.m.s.f.DefaultMavenResourcesFiltering - Copying 0 resource from src/test/resources to target/test-classes
2025-07-22 12:09:25,813 [Worker-28: Building] INFO  o.a.m.s.f.DefaultMavenResourcesFiltering - Copying 0 resource from src/main/resources to target/classes
2025-07-22 12:09:25,815 [Worker-28: Building] INFO  o.a.m.s.f.DefaultMavenResourcesFiltering - Copying 0 resource from src/test/resources to target/test-classes
2025-07-22 12:09:44,005 [Worker-27: Building] INFO  o.a.m.s.f.DefaultMavenResourcesFiltering - Copying 0 resource from src/main/resources to target/classes
2025-07-22 12:09:44,008 [Worker-27: Building] INFO  o.a.m.s.f.DefaultMavenResourcesFiltering - Copying 0 resource from src/test/resources to target/test-classes
2025-07-22 12:09:59,521 [Worker-27: Building] INFO  o.a.m.s.f.DefaultMavenResourcesFiltering - Copying 0 resource from src/main/resources to target/classes
2025-07-22 12:09:59,524 [Worker-27: Building] INFO  o.a.m.s.f.DefaultMavenResourcesFiltering - Copying 0 resource from src/test/resources to target/test-classes
2025-07-22 12:11:18,594 [Worker-26: Building] INFO  o.a.m.s.f.DefaultMavenResourcesFiltering - Copying 0 resource from src/main/resources to target/classes
2025-07-22 12:11:18,595 [Worker-26: Building] INFO  o.a.m.s.f.DefaultMavenResourcesFiltering - Copying 0 resource from src/test/resources to target/test-classes
2025-07-22 12:11:58,117 [Worker-2: Building] INFO  o.a.m.s.f.DefaultMavenResourcesFiltering - Copying 0 resource from src/main/resources to target/classes
2025-07-22 12:11:58,119 [Worker-2: Building] INFO  o.a.m.s.f.DefaultMavenResourcesFiltering - Copying 0 resource from src/test/resources to target/test-classes
2025-07-22 12:12:20,743 [Worker-29: Building] INFO  o.a.m.s.f.DefaultMavenResourcesFiltering - Copying 0 resource from src/main/resources to target/classes
2025-07-22 12:12:20,747 [Worker-29: Building] INFO  o.a.m.s.f.DefaultMavenResourcesFiltering - Copying 0 resource from src/test/resources to target/test-classes
2025-07-22 12:17:35,245 [Worker-13: Loading available Gradle versions] INFO  o.e.b.c.i.u.g.PublishedGradleVersions - Gradle version information cache is up-to-date. Trying to read.
2025-07-22 12:18:20,402 [Worker-3: Building] INFO  o.a.m.s.f.DefaultMavenResourcesFiltering - Copying 0 resource from src/main/resources to target/classes
2025-07-22 12:18:20,405 [Worker-3: Building] INFO  o.a.m.s.f.DefaultMavenResourcesFiltering - Copying 0 resource from src/test/resources to target/test-classes
2025-07-22 12:18:32,601 [Worker-21: Building] INFO  o.a.m.s.f.DefaultMavenResourcesFiltering - Copying 0 resource from src/main/resources to target/classes
2025-07-22 12:18:32,603 [Worker-21: Building] INFO  o.a.m.s.f.DefaultMavenResourcesFiltering - Copying 0 resource from src/test/resources to target/test-classes
2025-07-22 12:18:57,337 [Worker-15: Building] INFO  o.a.m.s.f.DefaultMavenResourcesFiltering - Copying 0 resource from src/main/resources to target/classes
2025-07-22 12:18:57,339 [Worker-15: Building] INFO  o.a.m.s.f.DefaultMavenResourcesFiltering - Copying 0 resource from src/test/resources to target/test-classes
2025-07-22 12:19:21,175 [Worker-9: Building] INFO  o.a.m.s.f.DefaultMavenResourcesFiltering - Copying 0 resource from src/main/resources to target/classes
2025-07-22 12:19:21,178 [Worker-9: Building] INFO  o.a.m.s.f.DefaultMavenResourcesFiltering - Copying 0 resource from src/test/resources to target/test-classes
2025-07-22 12:20:11,477 [Worker-6: Building] INFO  o.a.m.s.f.DefaultMavenResourcesFiltering - Copying 0 resource from src/main/resources to target/classes
2025-07-22 12:20:11,479 [Worker-6: Building] INFO  o.a.m.s.f.DefaultMavenResourcesFiltering - Copying 0 resource from src/test/resources to target/test-classes
2025-07-22 12:21:20,553 [Worker-16: Building] INFO  o.a.m.s.f.DefaultMavenResourcesFiltering - Copying 0 resource from src/main/resources to target/classes
2025-07-22 12:21:20,555 [Worker-16: Building] INFO  o.a.m.s.f.DefaultMavenResourcesFiltering - Copying 0 resource from src/test/resources to target/test-classes
2025-07-22 12:22:06,589 [Worker-25: Building] INFO  o.a.m.s.f.DefaultMavenResourcesFiltering - Copying 0 resource from src/main/resources to target/classes
2025-07-22 12:22:06,590 [Worker-25: Building] INFO  o.a.m.s.f.DefaultMavenResourcesFiltering - Copying 0 resource from src/test/resources to target/test-classes
2025-07-22 12:22:25,225 [Worker-25: Building] INFO  o.a.m.s.f.DefaultMavenResourcesFiltering - Copying 0 resource from src/main/resources to target/classes
2025-07-22 12:22:25,227 [Worker-25: Building] INFO  o.a.m.s.f.DefaultMavenResourcesFiltering - Copying 0 resource from src/test/resources to target/test-classes
2025-07-22 12:22:41,815 [Worker-24: Building] INFO  o.a.m.s.f.DefaultMavenResourcesFiltering - Copying 0 resource from src/main/resources to target/classes
2025-07-22 12:22:41,816 [Worker-24: Building] INFO  o.a.m.s.f.DefaultMavenResourcesFiltering - Copying 0 resource from src/test/resources to target/test-classes
2025-07-22 12:23:01,220 [Worker-16: Building] INFO  o.a.m.s.f.DefaultMavenResourcesFiltering - Copying 0 resource from src/main/resources to target/classes
2025-07-22 12:23:01,222 [Worker-16: Building] INFO  o.a.m.s.f.DefaultMavenResourcesFiltering - Copying 0 resource from src/test/resources to target/test-classes
2025-07-22 12:23:20,101 [Worker-24: Building] INFO  o.a.m.s.f.DefaultMavenResourcesFiltering - Copying 0 resource from src/main/resources to target/classes
2025-07-22 12:23:20,102 [Worker-24: Building] INFO  o.a.m.s.f.DefaultMavenResourcesFiltering - Copying 0 resource from src/test/resources to target/test-classes
2025-07-22 12:23:29,998 [Worker-16: Building] INFO  o.a.m.s.f.DefaultMavenResourcesFiltering - Copying 0 resource from src/main/resources to target/classes
2025-07-22 12:23:29,999 [Worker-16: Building] INFO  o.a.m.s.f.DefaultMavenResourcesFiltering - Copying 0 resource from src/test/resources to target/test-classes
2025-07-22 12:24:42,008 [Worker-22: Building] INFO  o.a.m.s.f.DefaultMavenResourcesFiltering - Copying 0 resource from src/main/resources to target/classes
2025-07-22 12:24:42,010 [Worker-22: Building] INFO  o.a.m.s.f.DefaultMavenResourcesFiltering - Copying 0 resource from src/test/resources to target/test-classes
2025-07-22 12:25:14,686 [Worker-16: Building] INFO  o.a.m.s.f.DefaultMavenResourcesFiltering - Copying 0 resource from src/main/resources to target/classes
2025-07-22 12:25:14,688 [Worker-16: Building] INFO  o.a.m.s.f.DefaultMavenResourcesFiltering - Copying 0 resource from src/test/resources to target/test-classes
2025-07-22 12:32:57,827 [Worker-22: Building] INFO  o.a.m.s.f.DefaultMavenResourcesFiltering - Copying 0 resource from src/main/resources to target/classes
2025-07-22 12:32:57,829 [Worker-22: Building] INFO  o.a.m.s.f.DefaultMavenResourcesFiltering - Copying 0 resource from src/test/resources to target/test-classes
2025-07-22 12:33:20,373 [Worker-31: Building] INFO  o.a.m.s.f.DefaultMavenResourcesFiltering - Copying 0 resource from src/main/resources to target/classes
2025-07-22 12:33:20,375 [Worker-31: Building] INFO  o.a.m.s.f.DefaultMavenResourcesFiltering - Copying 0 resource from src/test/resources to target/test-classes
2025-07-22 12:33:43,669 [Worker-22: Building] INFO  o.a.m.s.f.DefaultMavenResourcesFiltering - Copying 0 resource from src/main/resources to target/classes
2025-07-22 12:33:43,671 [Worker-22: Building] INFO  o.a.m.s.f.DefaultMavenResourcesFiltering - Copying 0 resource from src/test/resources to target/test-classes
2025-07-22 12:33:52,195 [Worker-31: Building] INFO  o.a.m.s.f.DefaultMavenResourcesFiltering - Copying 0 resource from src/main/resources to target/classes
2025-07-22 12:33:52,197 [Worker-31: Building] INFO  o.a.m.s.f.DefaultMavenResourcesFiltering - Copying 0 resource from src/test/resources to target/test-classes
2025-07-22 12:36:21,547 [Worker-32: Building] INFO  o.a.m.s.f.DefaultMavenResourcesFiltering - Copying 0 resource from src/main/resources to target/classes
2025-07-22 12:36:21,549 [Worker-32: Building] INFO  o.a.m.s.f.DefaultMavenResourcesFiltering - Copying 0 resource from src/test/resources to target/test-classes
2025-07-22 12:37:43,754 [Worker-35: Building] INFO  o.a.m.s.f.DefaultMavenResourcesFiltering - Copying 0 resource from src/main/resources to target/classes
2025-07-22 12:37:43,756 [Worker-35: Building] INFO  o.a.m.s.f.DefaultMavenResourcesFiltering - Copying 0 resource from src/test/resources to target/test-classes
2025-07-22 12:37:48,317 [Worker-33: Building] INFO  o.a.m.s.f.DefaultMavenResourcesFiltering - Copying 0 resource from src/main/resources to target/classes
2025-07-22 12:37:48,318 [Worker-33: Building] INFO  o.a.m.s.f.DefaultMavenResourcesFiltering - Copying 0 resource from src/test/resources to target/test-classes
2025-07-22 12:45:11,776 [Worker-31: Building] INFO  o.a.m.s.f.DefaultMavenResourcesFiltering - Copying 0 resource from src/main/resources to target/classes
2025-07-22 12:45:11,779 [Worker-31: Building] INFO  o.a.m.s.f.DefaultMavenResourcesFiltering - Copying 0 resource from src/test/resources to target/test-classes
2025-07-22 12:46:50,150 [Worker-37: Building] INFO  o.a.m.s.f.DefaultMavenResourcesFiltering - Copying 0 resource from src/main/resources to target/classes
2025-07-22 12:46:50,152 [Worker-37: Building] INFO  o.a.m.s.f.DefaultMavenResourcesFiltering - Copying 0 resource from src/test/resources to target/test-classes
2025-07-22 12:47:11,183 [Worker-37: Building] INFO  o.a.m.s.f.DefaultMavenResourcesFiltering - Copying 0 resource from src/main/resources to target/classes
2025-07-22 12:47:11,184 [Worker-37: Building] INFO  o.a.m.s.f.DefaultMavenResourcesFiltering - Copying 0 resource from src/test/resources to target/test-classes
2025-07-22 12:48:24,066 [Worker-37: Building] INFO  o.a.m.s.f.DefaultMavenResourcesFiltering - Copying 0 resource from src/main/resources to target/classes
2025-07-22 12:48:24,068 [Worker-37: Building] INFO  o.a.m.s.f.DefaultMavenResourcesFiltering - Copying 0 resource from src/test/resources to target/test-classes
2025-07-22 12:49:06,116 [Worker-31: Building] INFO  o.a.m.s.f.DefaultMavenResourcesFiltering - Copying 0 resource from src/main/resources to target/classes
2025-07-22 12:49:06,118 [Worker-31: Building] INFO  o.a.m.s.f.DefaultMavenResourcesFiltering - Copying 0 resource from src/test/resources to target/test-classes
2025-07-22 12:50:40,524 [Worker-37: Building] INFO  o.a.m.s.f.DefaultMavenResourcesFiltering - Copying 0 resource from src/main/resources to target/classes
2025-07-22 12:50:40,525 [Worker-37: Building] INFO  o.a.m.s.f.DefaultMavenResourcesFiltering - Copying 0 resource from src/test/resources to target/test-classes
2025-07-22 12:50:50,560 [Worker-38: Building] INFO  o.a.m.s.f.DefaultMavenResourcesFiltering - Copying 0 resource from src/main/resources to target/classes
2025-07-22 12:50:50,561 [Worker-38: Building] INFO  o.a.m.s.f.DefaultMavenResourcesFiltering - Copying 0 resource from src/test/resources to target/test-classes
2025-07-22 12:51:34,643 [Worker-38: Building] INFO  o.a.m.s.f.DefaultMavenResourcesFiltering - Copying 0 resource from src/main/resources to target/classes
2025-07-22 12:51:34,646 [Worker-38: Building] INFO  o.a.m.s.f.DefaultMavenResourcesFiltering - Copying 0 resource from src/test/resources to target/test-classes
2025-07-22 12:51:56,667 [Worker-31: Building] INFO  o.a.m.s.f.DefaultMavenResourcesFiltering - Copying 0 resource from src/main/resources to target/classes
2025-07-22 12:51:56,670 [Worker-31: Building] INFO  o.a.m.s.f.DefaultMavenResourcesFiltering - Copying 0 resource from src/test/resources to target/test-classes
2025-07-22 12:53:31,299 [Worker-39: Building] INFO  o.a.m.s.f.DefaultMavenResourcesFiltering - Copying 0 resource from src/main/resources to target/classes
2025-07-22 12:53:31,300 [Worker-39: Building] INFO  o.a.m.s.f.DefaultMavenResourcesFiltering - Copying 0 resource from src/test/resources to target/test-classes
2025-07-22 12:54:46,920 [Worker-37: Building] INFO  o.a.m.s.f.DefaultMavenResourcesFiltering - Copying 0 resource from src/main/resources to target/classes
2025-07-22 12:54:46,921 [Worker-37: Building] INFO  o.a.m.s.f.DefaultMavenResourcesFiltering - Copying 0 resource from src/test/resources to target/test-classes
2025-07-22 12:55:57,206 [Worker-36: Building] INFO  o.a.m.s.f.DefaultMavenResourcesFiltering - Copying 0 resource from src/main/resources to target/classes
2025-07-22 12:55:57,207 [Worker-36: Building] INFO  o.a.m.s.f.DefaultMavenResourcesFiltering - Copying 0 resource from src/test/resources to target/test-classes
2025-07-22 12:56:52,132 [Worker-36: Building] INFO  o.a.m.s.f.DefaultMavenResourcesFiltering - Copying 0 resource from src/main/resources to target/classes
2025-07-22 12:56:52,133 [Worker-36: Building] INFO  o.a.m.s.f.DefaultMavenResourcesFiltering - Copying 0 resource from src/test/resources to target/test-classes
2025-07-22 12:57:09,657 [Worker-39: Building] INFO  o.a.m.s.f.DefaultMavenResourcesFiltering - Copying 0 resource from src/main/resources to target/classes
2025-07-22 12:57:09,658 [Worker-39: Building] INFO  o.a.m.s.f.DefaultMavenResourcesFiltering - Copying 0 resource from src/test/resources to target/test-classes
2025-07-22 12:58:13,091 [Worker-6: Loading available Gradle versions] INFO  o.e.b.c.i.u.g.PublishedGradleVersions - Gradle version information cache is up-to-date. Trying to read.
2025-07-23 09:31:06,109 [Worker-20: Loading available Gradle versions] INFO  o.e.b.c.i.u.g.PublishedGradleVersions - Gradle version information cache is up-to-date. Trying to read.
2025-07-23 09:42:07,262 [Worker-27: Building] INFO  o.a.m.s.f.DefaultMavenResourcesFiltering - Copying 0 resource from src/main/resources to target/classes
2025-07-23 09:42:07,267 [Worker-27: Building] INFO  o.a.m.s.f.DefaultMavenResourcesFiltering - Copying 0 resource from src/test/resources to target/test-classes
2025-07-23 09:42:41,533 [Worker-27: Building] INFO  o.a.m.s.f.DefaultMavenResourcesFiltering - Copying 0 resource from src/main/resources to target/classes
2025-07-23 09:42:41,534 [Worker-27: Building] INFO  o.a.m.s.f.DefaultMavenResourcesFiltering - Copying 0 resource from src/test/resources to target/test-classes
2025-07-23 09:50:19,110 [Worker-27: Building] INFO  o.a.m.s.f.DefaultMavenResourcesFiltering - Copying 0 resource from src/main/resources to target/classes
2025-07-23 09:50:19,112 [Worker-27: Building] INFO  o.a.m.s.f.DefaultMavenResourcesFiltering - Copying 0 resource from src/test/resources to target/test-classes
2025-07-23 09:52:08,973 [Worker-26: Building] INFO  o.a.m.s.f.DefaultMavenResourcesFiltering - Copying 0 resource from src/main/resources to target/classes
2025-07-23 09:52:08,976 [Worker-26: Building] INFO  o.a.m.s.f.DefaultMavenResourcesFiltering - Copying 0 resource from src/test/resources to target/test-classes
2025-07-23 09:53:03,717 [Worker-18: Building] INFO  o.a.m.s.f.DefaultMavenResourcesFiltering - Copying 0 resource from src/main/resources to target/classes
2025-07-23 09:53:03,719 [Worker-18: Building] INFO  o.a.m.s.f.DefaultMavenResourcesFiltering - Copying 0 resource from src/test/resources to target/test-classes
2025-07-23 09:53:30,308 [Worker-18: Building] INFO  o.a.m.s.f.DefaultMavenResourcesFiltering - Copying 0 resource from src/main/resources to target/classes
2025-07-23 09:53:30,311 [Worker-18: Building] INFO  o.a.m.s.f.DefaultMavenResourcesFiltering - Copying 0 resource from src/test/resources to target/test-classes
2025-07-23 09:53:38,565 [Worker-28: Building] INFO  o.a.m.s.f.DefaultMavenResourcesFiltering - Copying 0 resource from src/main/resources to target/classes
2025-07-23 09:53:38,567 [Worker-28: Building] INFO  o.a.m.s.f.DefaultMavenResourcesFiltering - Copying 0 resource from src/test/resources to target/test-classes
2025-07-23 09:54:02,429 [Worker-27: Building] INFO  o.a.m.s.f.DefaultMavenResourcesFiltering - Copying 0 resource from src/main/resources to target/classes
2025-07-23 09:54:02,431 [Worker-27: Building] INFO  o.a.m.s.f.DefaultMavenResourcesFiltering - Copying 0 resource from src/test/resources to target/test-classes
2025-07-23 09:54:58,276 [Worker-26: Building] INFO  o.a.m.s.f.DefaultMavenResourcesFiltering - Copying 0 resource from src/main/resources to target/classes
2025-07-23 09:54:58,279 [Worker-26: Building] INFO  o.a.m.s.f.DefaultMavenResourcesFiltering - Copying 0 resource from src/test/resources to target/test-classes
2025-07-23 09:55:11,404 [Worker-28: Building] INFO  o.a.m.s.f.DefaultMavenResourcesFiltering - Copying 0 resource from src/main/resources to target/classes
2025-07-23 09:55:11,405 [Worker-28: Building] INFO  o.a.m.s.f.DefaultMavenResourcesFiltering - Copying 0 resource from src/test/resources to target/test-classes
2025-07-23 09:55:23,273 [Worker-27: Building] INFO  o.a.m.s.f.DefaultMavenResourcesFiltering - Copying 0 resource from src/main/resources to target/classes
2025-07-23 09:55:23,275 [Worker-27: Building] INFO  o.a.m.s.f.DefaultMavenResourcesFiltering - Copying 0 resource from src/test/resources to target/test-classes
2025-07-23 09:55:49,443 [Worker-28: Building] INFO  o.a.m.s.f.DefaultMavenResourcesFiltering - Copying 0 resource from src/main/resources to target/classes
2025-07-23 09:55:49,445 [Worker-28: Building] INFO  o.a.m.s.f.DefaultMavenResourcesFiltering - Copying 0 resource from src/test/resources to target/test-classes
2025-07-23 09:56:33,478 [Worker-27: Building] INFO  o.a.m.s.f.DefaultMavenResourcesFiltering - Copying 0 resource from src/main/resources to target/classes
2025-07-23 09:56:33,480 [Worker-27: Building] INFO  o.a.m.s.f.DefaultMavenResourcesFiltering - Copying 0 resource from src/test/resources to target/test-classes
2025-07-23 09:57:16,162 [Worker-25: Building] INFO  o.a.m.s.f.DefaultMavenResourcesFiltering - Copying 0 resource from src/main/resources to target/classes
2025-07-23 09:57:16,165 [Worker-25: Building] INFO  o.a.m.s.f.DefaultMavenResourcesFiltering - Copying 0 resource from src/test/resources to target/test-classes
2025-07-23 09:59:17,168 [Worker-24: Building] INFO  o.a.m.s.f.DefaultMavenResourcesFiltering - Copying 0 resource from src/main/resources to target/classes
2025-07-23 09:59:17,169 [Worker-24: Building] INFO  o.a.m.s.f.DefaultMavenResourcesFiltering - Copying 0 resource from src/test/resources to target/test-classes
2025-07-23 09:59:39,241 [Worker-27: Building] INFO  o.a.m.s.f.DefaultMavenResourcesFiltering - Copying 0 resource from src/main/resources to target/classes
2025-07-23 09:59:39,242 [Worker-27: Building] INFO  o.a.m.s.f.DefaultMavenResourcesFiltering - Copying 0 resource from src/test/resources to target/test-classes
2025-07-23 10:00:24,421 [Worker-18: Building] INFO  o.a.m.s.f.DefaultMavenResourcesFiltering - Copying 0 resource from src/main/resources to target/classes
2025-07-23 10:00:24,431 [Worker-18: Building] INFO  o.a.m.s.f.DefaultMavenResourcesFiltering - Copying 0 resource from src/test/resources to target/test-classes
2025-07-23 10:01:26,995 [Worker-18: Building] INFO  o.a.m.s.f.DefaultMavenResourcesFiltering - Copying 0 resource from src/main/resources to target/classes
2025-07-23 10:01:27,000 [Worker-18: Building] INFO  o.a.m.s.f.DefaultMavenResourcesFiltering - Copying 0 resource from src/test/resources to target/test-classes
2025-07-23 10:02:11,768 [Worker-25: Building] INFO  o.a.m.s.f.DefaultMavenResourcesFiltering - Copying 0 resource from src/main/resources to target/classes
2025-07-23 10:02:11,770 [Worker-25: Building] INFO  o.a.m.s.f.DefaultMavenResourcesFiltering - Copying 0 resource from src/test/resources to target/test-classes
2025-07-23 10:02:37,290 [Worker-27: Building] INFO  o.a.m.s.f.DefaultMavenResourcesFiltering - Copying 0 resource from src/main/resources to target/classes
2025-07-23 10:02:37,292 [Worker-27: Building] INFO  o.a.m.s.f.DefaultMavenResourcesFiltering - Copying 0 resource from src/test/resources to target/test-classes
2025-07-23 10:03:15,048 [Worker-27: Building] INFO  o.a.m.s.f.DefaultMavenResourcesFiltering - Copying 0 resource from src/main/resources to target/classes
2025-07-23 10:03:15,051 [Worker-27: Building] INFO  o.a.m.s.f.DefaultMavenResourcesFiltering - Copying 0 resource from src/test/resources to target/test-classes
2025-07-23 10:03:19,262 [Worker-18: Building] INFO  o.a.m.s.f.DefaultMavenResourcesFiltering - Copying 0 resource from src/main/resources to target/classes
2025-07-23 10:03:19,263 [Worker-18: Building] INFO  o.a.m.s.f.DefaultMavenResourcesFiltering - Copying 0 resource from src/test/resources to target/test-classes
2025-07-23 10:03:29,618 [Worker-28: Building] INFO  o.a.m.s.f.DefaultMavenResourcesFiltering - Copying 0 resource from src/main/resources to target/classes
2025-07-23 10:03:29,620 [Worker-28: Building] INFO  o.a.m.s.f.DefaultMavenResourcesFiltering - Copying 0 resource from src/test/resources to target/test-classes
2025-07-23 10:04:55,206 [Worker-26: Building] INFO  o.a.m.s.f.DefaultMavenResourcesFiltering - Copying 0 resource from src/main/resources to target/classes
2025-07-23 10:04:55,207 [Worker-26: Building] INFO  o.a.m.s.f.DefaultMavenResourcesFiltering - Copying 0 resource from src/test/resources to target/test-classes
2025-07-23 10:05:42,427 [Worker-27: Building] INFO  o.a.m.s.f.DefaultMavenResourcesFiltering - Copying 0 resource from src/main/resources to target/classes
2025-07-23 10:05:42,428 [Worker-27: Building] INFO  o.a.m.s.f.DefaultMavenResourcesFiltering - Copying 0 resource from src/test/resources to target/test-classes
2025-07-23 10:07:08,868 [Worker-28: Building] INFO  o.a.m.s.f.DefaultMavenResourcesFiltering - Copying 0 resource from src/main/resources to target/classes
2025-07-23 10:07:08,869 [Worker-28: Building] INFO  o.a.m.s.f.DefaultMavenResourcesFiltering - Copying 0 resource from src/test/resources to target/test-classes
2025-07-23 10:07:30,430 [Worker-27: Building] INFO  o.a.m.s.f.DefaultMavenResourcesFiltering - Copying 0 resource from src/main/resources to target/classes
2025-07-23 10:07:30,432 [Worker-27: Building] INFO  o.a.m.s.f.DefaultMavenResourcesFiltering - Copying 0 resource from src/test/resources to target/test-classes
2025-07-23 10:07:42,265 [Worker-28: Building] INFO  o.a.m.s.f.DefaultMavenResourcesFiltering - Copying 0 resource from src/main/resources to target/classes
2025-07-23 10:07:42,267 [Worker-28: Building] INFO  o.a.m.s.f.DefaultMavenResourcesFiltering - Copying 0 resource from src/test/resources to target/test-classes
2025-07-23 10:09:52,179 [Worker-26: Building] INFO  o.a.m.s.f.DefaultMavenResourcesFiltering - Copying 0 resource from src/main/resources to target/classes
2025-07-23 10:09:52,181 [Worker-26: Building] INFO  o.a.m.s.f.DefaultMavenResourcesFiltering - Copying 0 resource from src/test/resources to target/test-classes
2025-07-23 10:10:06,515 [Worker-27: Building] INFO  o.a.m.s.f.DefaultMavenResourcesFiltering - Copying 0 resource from src/main/resources to target/classes
2025-07-23 10:10:06,516 [Worker-27: Building] INFO  o.a.m.s.f.DefaultMavenResourcesFiltering - Copying 0 resource from src/test/resources to target/test-classes
2025-07-23 10:11:13,240 [Worker-18: Building] INFO  o.a.m.s.f.DefaultMavenResourcesFiltering - Copying 0 resource from src/main/resources to target/classes
2025-07-23 10:11:13,241 [Worker-18: Building] INFO  o.a.m.s.f.DefaultMavenResourcesFiltering - Copying 0 resource from src/test/resources to target/test-classes
2025-07-23 10:13:56,503 [Worker-26: Building] INFO  o.a.m.s.f.DefaultMavenResourcesFiltering - Copying 0 resource from src/main/resources to target/classes
2025-07-23 10:13:56,507 [Worker-26: Building] INFO  o.a.m.s.f.DefaultMavenResourcesFiltering - Copying 0 resource from src/test/resources to target/test-classes
2025-07-23 10:14:20,200 [Worker-25: Building] INFO  o.a.m.s.f.DefaultMavenResourcesFiltering - Copying 0 resource from src/main/resources to target/classes
2025-07-23 10:14:20,202 [Worker-25: Building] INFO  o.a.m.s.f.DefaultMavenResourcesFiltering - Copying 0 resource from src/test/resources to target/test-classes
2025-07-23 10:16:53,818 [Worker-27: Building] INFO  o.a.m.s.f.DefaultMavenResourcesFiltering - Copying 0 resource from src/main/resources to target/classes
2025-07-23 10:16:53,820 [Worker-27: Building] INFO  o.a.m.s.f.DefaultMavenResourcesFiltering - Copying 0 resource from src/test/resources to target/test-classes
2025-07-23 10:17:03,263 [Worker-18: Building] INFO  o.a.m.s.f.DefaultMavenResourcesFiltering - Copying 0 resource from src/main/resources to target/classes
2025-07-23 10:17:03,267 [Worker-18: Building] INFO  o.a.m.s.f.DefaultMavenResourcesFiltering - Copying 0 resource from src/test/resources to target/test-classes
2025-07-23 10:17:54,566 [Worker-25: Building] INFO  o.a.m.s.f.DefaultMavenResourcesFiltering - Copying 0 resource from src/main/resources to target/classes
2025-07-23 10:17:54,568 [Worker-25: Building] INFO  o.a.m.s.f.DefaultMavenResourcesFiltering - Copying 0 resource from src/test/resources to target/test-classes
2025-07-23 10:18:26,754 [Worker-26: Building] INFO  o.a.m.s.f.DefaultMavenResourcesFiltering - Copying 0 resource from src/main/resources to target/classes
2025-07-23 10:18:26,756 [Worker-26: Building] INFO  o.a.m.s.f.DefaultMavenResourcesFiltering - Copying 0 resource from src/test/resources to target/test-classes
2025-07-23 10:18:41,375 [Worker-26: Building] INFO  o.a.m.s.f.DefaultMavenResourcesFiltering - Copying 0 resource from src/main/resources to target/classes
2025-07-23 10:18:41,377 [Worker-26: Building] INFO  o.a.m.s.f.DefaultMavenResourcesFiltering - Copying 0 resource from src/test/resources to target/test-classes
2025-07-23 10:19:10,040 [Worker-27: Building] INFO  o.a.m.s.f.DefaultMavenResourcesFiltering - Copying 0 resource from src/main/resources to target/classes
2025-07-23 10:19:10,042 [Worker-27: Building] INFO  o.a.m.s.f.DefaultMavenResourcesFiltering - Copying 0 resource from src/test/resources to target/test-classes
2025-07-23 10:19:22,090 [Worker-28: Building] INFO  o.a.m.s.f.DefaultMavenResourcesFiltering - Copying 0 resource from src/main/resources to target/classes
2025-07-23 10:19:22,091 [Worker-28: Building] INFO  o.a.m.s.f.DefaultMavenResourcesFiltering - Copying 0 resource from src/test/resources to target/test-classes
2025-07-23 10:20:14,157 [Worker-18: Building] INFO  o.a.m.s.f.DefaultMavenResourcesFiltering - Copying 0 resource from src/main/resources to target/classes
2025-07-23 10:20:14,159 [Worker-18: Building] INFO  o.a.m.s.f.DefaultMavenResourcesFiltering - Copying 0 resource from src/test/resources to target/test-classes
2025-07-23 10:20:31,305 [Worker-27: Building] INFO  o.a.m.s.f.DefaultMavenResourcesFiltering - Copying 0 resource from src/main/resources to target/classes
2025-07-23 10:20:31,307 [Worker-27: Building] INFO  o.a.m.s.f.DefaultMavenResourcesFiltering - Copying 0 resource from src/test/resources to target/test-classes
2025-07-23 10:22:49,439 [Worker-25: Building] INFO  o.a.m.s.f.DefaultMavenResourcesFiltering - Copying 0 resource from src/main/resources to target/classes
2025-07-23 10:22:49,441 [Worker-25: Building] INFO  o.a.m.s.f.DefaultMavenResourcesFiltering - Copying 0 resource from src/test/resources to target/test-classes
2025-07-23 10:23:05,680 [Worker-28: Building] INFO  o.a.m.s.f.DefaultMavenResourcesFiltering - Copying 0 resource from src/main/resources to target/classes
2025-07-23 10:23:05,682 [Worker-28: Building] INFO  o.a.m.s.f.DefaultMavenResourcesFiltering - Copying 0 resource from src/test/resources to target/test-classes
2025-07-23 10:23:42,259 [Worker-18: Building] INFO  o.a.m.s.f.DefaultMavenResourcesFiltering - Copying 0 resource from src/main/resources to target/classes
2025-07-23 10:23:42,261 [Worker-18: Building] INFO  o.a.m.s.f.DefaultMavenResourcesFiltering - Copying 0 resource from src/test/resources to target/test-classes
2025-07-23 10:25:10,404 [Worker-18: Building] INFO  o.a.m.s.f.DefaultMavenResourcesFiltering - Copying 0 resource from src/main/resources to target/classes
2025-07-23 10:25:10,406 [Worker-18: Building] INFO  o.a.m.s.f.DefaultMavenResourcesFiltering - Copying 0 resource from src/test/resources to target/test-classes
2025-07-23 10:26:20,737 [Worker-25: Building] INFO  o.a.m.s.f.DefaultMavenResourcesFiltering - Copying 0 resource from src/main/resources to target/classes
2025-07-23 10:26:20,738 [Worker-25: Building] INFO  o.a.m.s.f.DefaultMavenResourcesFiltering - Copying 0 resource from src/test/resources to target/test-classes
2025-07-23 10:27:28,038 [Worker-26: Building] INFO  o.a.m.s.f.DefaultMavenResourcesFiltering - Copying 0 resource from src/main/resources to target/classes
2025-07-23 10:27:28,040 [Worker-26: Building] INFO  o.a.m.s.f.DefaultMavenResourcesFiltering - Copying 0 resource from src/test/resources to target/test-classes
2025-07-23 10:27:39,632 [Worker-26: Building] INFO  o.a.m.s.f.DefaultMavenResourcesFiltering - Copying 0 resource from src/main/resources to target/classes
2025-07-23 10:27:39,634 [Worker-26: Building] INFO  o.a.m.s.f.DefaultMavenResourcesFiltering - Copying 0 resource from src/test/resources to target/test-classes
2025-07-23 10:27:50,816 [Worker-18: Building] INFO  o.a.m.s.f.DefaultMavenResourcesFiltering - Copying 0 resource from src/main/resources to target/classes
2025-07-23 10:27:50,818 [Worker-18: Building] INFO  o.a.m.s.f.DefaultMavenResourcesFiltering - Copying 0 resource from src/test/resources to target/test-classes
2025-07-23 10:27:59,862 [Worker-28: Building] INFO  o.a.m.s.f.DefaultMavenResourcesFiltering - Copying 0 resource from src/main/resources to target/classes
2025-07-23 10:27:59,863 [Worker-28: Building] INFO  o.a.m.s.f.DefaultMavenResourcesFiltering - Copying 0 resource from src/test/resources to target/test-classes
2025-07-23 10:28:57,109 [Worker-28: Building] INFO  o.a.m.s.f.DefaultMavenResourcesFiltering - Copying 0 resource from src/main/resources to target/classes
2025-07-23 10:28:57,111 [Worker-28: Building] INFO  o.a.m.s.f.DefaultMavenResourcesFiltering - Copying 0 resource from src/test/resources to target/test-classes
2025-07-23 10:29:57,333 [Worker-28: Building] INFO  o.a.m.s.f.DefaultMavenResourcesFiltering - Copying 0 resource from src/main/resources to target/classes
2025-07-23 10:29:57,335 [Worker-28: Building] INFO  o.a.m.s.f.DefaultMavenResourcesFiltering - Copying 0 resource from src/test/resources to target/test-classes
2025-07-23 10:30:42,968 [Worker-18: Building] INFO  o.a.m.s.f.DefaultMavenResourcesFiltering - Copying 0 resource from src/main/resources to target/classes
2025-07-23 10:30:42,971 [Worker-18: Building] INFO  o.a.m.s.f.DefaultMavenResourcesFiltering - Copying 0 resource from src/test/resources to target/test-classes
2025-07-23 10:31:21,819 [Worker-27: Building] INFO  o.a.m.s.f.DefaultMavenResourcesFiltering - Copying 0 resource from src/main/resources to target/classes
2025-07-23 10:31:21,821 [Worker-27: Building] INFO  o.a.m.s.f.DefaultMavenResourcesFiltering - Copying 0 resource from src/test/resources to target/test-classes
2025-07-23 10:31:32,350 [Worker-24: Building] INFO  o.a.m.s.f.DefaultMavenResourcesFiltering - Copying 0 resource from src/main/resources to target/classes
2025-07-23 10:31:32,353 [Worker-24: Building] INFO  o.a.m.s.f.DefaultMavenResourcesFiltering - Copying 0 resource from src/test/resources to target/test-classes
2025-07-23 10:34:17,293 [Worker-27: Building] INFO  o.a.m.s.f.DefaultMavenResourcesFiltering - Copying 0 resource from src/main/resources to target/classes
2025-07-23 10:34:17,295 [Worker-27: Building] INFO  o.a.m.s.f.DefaultMavenResourcesFiltering - Copying 0 resource from src/test/resources to target/test-classes
2025-07-23 10:34:50,484 [Worker-25: Building] INFO  o.a.m.s.f.DefaultMavenResourcesFiltering - Copying 0 resource from src/main/resources to target/classes
2025-07-23 10:34:50,486 [Worker-25: Building] INFO  o.a.m.s.f.DefaultMavenResourcesFiltering - Copying 0 resource from src/test/resources to target/test-classes
2025-07-23 10:35:11,624 [Worker-26: Building] INFO  o.a.m.s.f.DefaultMavenResourcesFiltering - Copying 0 resource from src/main/resources to target/classes
2025-07-23 10:35:11,626 [Worker-26: Building] INFO  o.a.m.s.f.DefaultMavenResourcesFiltering - Copying 0 resource from src/test/resources to target/test-classes
2025-07-23 10:35:23,310 [Worker-27: Building] INFO  o.a.m.s.f.DefaultMavenResourcesFiltering - Copying 0 resource from src/main/resources to target/classes
2025-07-23 10:35:23,312 [Worker-27: Building] INFO  o.a.m.s.f.DefaultMavenResourcesFiltering - Copying 0 resource from src/test/resources to target/test-classes
2025-07-23 10:35:54,681 [Worker-25: Building] INFO  o.a.m.s.f.DefaultMavenResourcesFiltering - Copying 0 resource from src/main/resources to target/classes
2025-07-23 10:35:54,683 [Worker-25: Building] INFO  o.a.m.s.f.DefaultMavenResourcesFiltering - Copying 0 resource from src/test/resources to target/test-classes
2025-07-23 10:36:20,337 [Worker-18: Building] INFO  o.a.m.s.f.DefaultMavenResourcesFiltering - Copying 0 resource from src/main/resources to target/classes
2025-07-23 10:36:20,339 [Worker-18: Building] INFO  o.a.m.s.f.DefaultMavenResourcesFiltering - Copying 0 resource from src/test/resources to target/test-classes
2025-07-23 10:36:33,019 [Worker-27: Building] INFO  o.a.m.s.f.DefaultMavenResourcesFiltering - Copying 0 resource from src/main/resources to target/classes
2025-07-23 10:36:33,022 [Worker-27: Building] INFO  o.a.m.s.f.DefaultMavenResourcesFiltering - Copying 0 resource from src/test/resources to target/test-classes
2025-07-23 10:36:50,808 [Worker-28: Building] INFO  o.a.m.s.f.DefaultMavenResourcesFiltering - Copying 0 resource from src/main/resources to target/classes
2025-07-23 10:36:50,814 [Worker-28: Building] INFO  o.a.m.s.f.DefaultMavenResourcesFiltering - Copying 0 resource from src/test/resources to target/test-classes
2025-07-23 10:37:11,046 [Worker-25: Building] INFO  o.a.m.s.f.DefaultMavenResourcesFiltering - Copying 0 resource from src/main/resources to target/classes
2025-07-23 10:37:11,048 [Worker-25: Building] INFO  o.a.m.s.f.DefaultMavenResourcesFiltering - Copying 0 resource from src/test/resources to target/test-classes
2025-07-23 10:37:14,593 [Worker-25: Building] INFO  o.a.m.s.f.DefaultMavenResourcesFiltering - Copying 0 resource from src/main/resources to target/classes
2025-07-23 10:37:14,594 [Worker-25: Building] INFO  o.a.m.s.f.DefaultMavenResourcesFiltering - Copying 0 resource from src/test/resources to target/test-classes
2025-07-23 10:37:42,808 [Worker-27: Building] INFO  o.a.m.s.f.DefaultMavenResourcesFiltering - Copying 0 resource from src/main/resources to target/classes
2025-07-23 10:37:42,810 [Worker-27: Building] INFO  o.a.m.s.f.DefaultMavenResourcesFiltering - Copying 0 resource from src/test/resources to target/test-classes
2025-07-23 10:40:35,161 [Worker-24: Building] INFO  o.a.m.s.f.DefaultMavenResourcesFiltering - Copying 0 resource from src/main/resources to target/classes
2025-07-23 10:40:35,163 [Worker-24: Building] INFO  o.a.m.s.f.DefaultMavenResourcesFiltering - Copying 0 resource from src/test/resources to target/test-classes
2025-07-23 11:10:43,287 [Worker-18: Building] INFO  o.a.m.s.f.DefaultMavenResourcesFiltering - Copying 0 resource from src/main/resources to target/classes
2025-07-23 11:10:43,289 [Worker-18: Building] INFO  o.a.m.s.f.DefaultMavenResourcesFiltering - Copying 0 resource from src/test/resources to target/test-classes
2025-07-23 11:12:27,259 [Worker-18: Building] INFO  o.a.m.s.f.DefaultMavenResourcesFiltering - Copying 0 resource from src/main/resources to target/classes
2025-07-23 11:12:27,261 [Worker-18: Building] INFO  o.a.m.s.f.DefaultMavenResourcesFiltering - Copying 0 resource from src/test/resources to target/test-classes
2025-07-23 11:21:34,173 [Worker-25: Building] INFO  o.a.m.s.f.DefaultMavenResourcesFiltering - Copying 0 resource from src/main/resources to target/classes
2025-07-23 11:21:34,175 [Worker-25: Building] INFO  o.a.m.s.f.DefaultMavenResourcesFiltering - Copying 0 resource from src/test/resources to target/test-classes
2025-07-23 11:23:56,563 [Worker-27: Updating Maven Project] INFO  o.e.m.c.i.p.ProjectConfigurationManager - Update started
2025-07-23 11:23:56,756 [Worker-27: Updating Maven Project] INFO  o.e.m.c.i.l.LifecycleMappingFactory - Using org.maven.ide.eclipse.wtp.WarLifecycleMapping lifecycle mapping for MavenProject: in.codeforgenet:SpringWebMvc:1.0 @ /Users/karansingh/Desktop/Study_Material/SmrtPrm_SpringLearning/SpringWebMvc/pom.xml.
2025-07-23 11:23:57,073 [Worker-27: Updating Maven Project] INFO  o.e.m.j.i.AbstractJavaProjectConfigurator - Adding source folder /SpringWebMvc/src/main/java
2025-07-23 11:23:57,074 [Worker-27: Updating Maven Project] INFO  o.e.m.j.i.AbstractJavaProjectConfigurator - Adding resource folder /SpringWebMvc/src/main/resources
2025-07-23 11:23:57,074 [Worker-27: Updating Maven Project] INFO  o.e.m.j.i.AbstractJavaProjectConfigurator - Adding source folder /SpringWebMvc/src/test/java
2025-07-23 11:23:57,074 [Worker-27: Updating Maven Project] INFO  o.e.m.j.i.AbstractJavaProjectConfigurator - Adding resource folder /SpringWebMvc/src/test/resources
2025-07-23 11:23:57,177 [Worker-27: Updating Maven Project] INFO  o.e.m.w.i.f.ResourceFilteringBuildParticipant - Cleaning filtered folder for SpringWebMvc
2025-07-23 11:23:57,183 [Worker-27: Updating Maven Project] INFO  o.e.m.c.i.p.ProjectConfigurationManager - Update completed for 1 poms: local refresh takes 0.00 sec, refresh facades takes 0.00 sec, update config takes 0.00 sec 
2025-07-23 11:23:57,343 [Worker-24: Building] INFO  o.a.m.s.f.DefaultMavenResourcesFiltering - Copying 0 resource from src/main/resources to target/classes
2025-07-23 11:23:57,344 [Worker-24: Building] INFO  o.a.m.s.f.DefaultMavenResourcesFiltering - Copying 0 resource from src/test/resources to target/test-classes
2025-07-23 11:23:57,344 [Worker-24: Building] INFO  o.e.m.w.i.f.ResourceFilteringBuildParticipant - Changed resources require a complete clean of filtered resources of SpringWebMvc
2025-07-23 11:23:57,344 [Worker-24: Building] INFO  o.e.m.w.i.f.ResourceFilteringBuildParticipant - Executing resource filtering for SpringWebMvc
2025-07-23 11:26:02,254 [Worker-18: Building] INFO  o.a.m.s.f.DefaultMavenResourcesFiltering - Copying 0 resource from src/main/resources to target/classes
2025-07-23 11:26:02,256 [Worker-18: Building] INFO  o.a.m.s.f.DefaultMavenResourcesFiltering - Copying 0 resource from src/test/resources to target/test-classes
2025-07-23 11:26:40,106 [Worker-20: Building] INFO  o.a.m.s.f.DefaultMavenResourcesFiltering - Copying 0 resource from src/main/resources to target/classes
2025-07-23 11:26:40,107 [Worker-20: Building] INFO  o.a.m.s.f.DefaultMavenResourcesFiltering - Copying 0 resource from src/test/resources to target/test-classes
2025-07-23 11:27:59,317 [Worker-18: Building] INFO  o.a.m.s.f.DefaultMavenResourcesFiltering - Copying 0 resource from src/main/resources to target/classes
2025-07-23 11:27:59,319 [Worker-18: Building] INFO  o.a.m.s.f.DefaultMavenResourcesFiltering - Copying 0 resource from src/test/resources to target/test-classes
2025-07-23 11:37:53,218 [Worker-25: Building] INFO  o.a.m.s.f.DefaultMavenResourcesFiltering - Copying 0 resource from src/main/resources to target/classes
2025-07-23 11:37:53,220 [Worker-25: Building] INFO  o.a.m.s.f.DefaultMavenResourcesFiltering - Copying 0 resource from src/test/resources to target/test-classes
2025-07-23 11:39:28,019 [Worker-25: Building] INFO  o.a.m.s.f.DefaultMavenResourcesFiltering - Copying 0 resource from src/main/resources to target/classes
2025-07-23 11:39:28,021 [Worker-25: Building] INFO  o.a.m.s.f.DefaultMavenResourcesFiltering - Copying 0 resource from src/test/resources to target/test-classes
2025-07-23 11:41:12,870 [Worker-25: Building] INFO  o.a.m.s.f.DefaultMavenResourcesFiltering - Copying 0 resource from src/main/resources to target/classes
2025-07-23 11:41:12,873 [Worker-25: Building] INFO  o.a.m.s.f.DefaultMavenResourcesFiltering - Copying 0 resource from src/test/resources to target/test-classes
2025-07-23 11:42:25,524 [Worker-27: Building] INFO  o.a.m.s.f.DefaultMavenResourcesFiltering - Copying 0 resource from src/main/resources to target/classes
2025-07-23 11:42:25,525 [Worker-27: Building] INFO  o.a.m.s.f.DefaultMavenResourcesFiltering - Copying 0 resource from src/test/resources to target/test-classes
2025-07-23 11:44:30,580 [Worker-28: Building] INFO  o.a.m.s.f.DefaultMavenResourcesFiltering - Copying 0 resource from src/main/resources to target/classes
2025-07-23 11:44:30,582 [Worker-28: Building] INFO  o.a.m.s.f.DefaultMavenResourcesFiltering - Copying 0 resource from src/test/resources to target/test-classes
2025-07-23 11:45:13,420 [Worker-18: Updating Maven Project] INFO  o.e.m.c.i.p.ProjectConfigurationManager - Update started
2025-07-23 11:45:13,444 [Worker-18: Updating Maven Project] INFO  o.e.m.c.i.l.LifecycleMappingFactory - Using org.maven.ide.eclipse.wtp.WarLifecycleMapping lifecycle mapping for MavenProject: in.codeforgenet:SpringWebMvc:1.0 @ /Users/karansingh/Desktop/Study_Material/SmrtPrm_SpringLearning/SpringWebMvc/pom.xml.
2025-07-23 11:45:13,505 [Worker-18: Updating Maven Project] INFO  o.e.m.j.i.AbstractJavaProjectConfigurator - Adding source folder /SpringWebMvc/src/main/java
2025-07-23 11:45:13,505 [Worker-18: Updating Maven Project] INFO  o.e.m.j.i.AbstractJavaProjectConfigurator - Adding resource folder /SpringWebMvc/src/main/resources
2025-07-23 11:45:13,505 [Worker-18: Updating Maven Project] INFO  o.e.m.j.i.AbstractJavaProjectConfigurator - Adding source folder /SpringWebMvc/src/test/java
2025-07-23 11:45:13,506 [Worker-18: Updating Maven Project] INFO  o.e.m.j.i.AbstractJavaProjectConfigurator - Adding resource folder /SpringWebMvc/src/test/resources
2025-07-23 11:45:13,547 [Worker-18: Updating Maven Project] INFO  o.e.m.w.i.f.ResourceFilteringBuildParticipant - Cleaning filtered folder for SpringWebMvc
2025-07-23 11:45:13,550 [Worker-18: Updating Maven Project] INFO  o.e.m.c.i.p.ProjectConfigurationManager - Update completed for 1 poms: local refresh takes 0.00 sec, refresh facades takes 0.00 sec, update config takes 0.00 sec 
2025-07-23 11:45:13,737 [Worker-29: Building] INFO  o.a.m.s.f.DefaultMavenResourcesFiltering - Copying 0 resource from src/main/resources to target/classes
2025-07-23 11:45:13,738 [Worker-29: Building] INFO  o.a.m.s.f.DefaultMavenResourcesFiltering - Copying 0 resource from src/test/resources to target/test-classes
2025-07-23 11:45:13,739 [Worker-29: Building] INFO  o.e.m.w.i.f.ResourceFilteringBuildParticipant - Changed resources require a complete clean of filtered resources of SpringWebMvc
2025-07-23 11:45:13,739 [Worker-29: Building] INFO  o.e.m.w.i.f.ResourceFilteringBuildParticipant - Executing resource filtering for SpringWebMvc
2025-07-23 11:46:00,843 [Worker-27: Building] INFO  o.a.m.s.f.DefaultMavenResourcesFiltering - Copying 0 resource from src/main/resources to target/classes
2025-07-23 11:46:00,844 [Worker-27: Building] INFO  o.a.m.s.f.DefaultMavenResourcesFiltering - Copying 0 resource from src/test/resources to target/test-classes
2025-07-23 11:46:31,635 [Worker-29: Building] INFO  o.a.m.s.f.DefaultMavenResourcesFiltering - Copying 0 resource from src/main/resources to target/classes
2025-07-23 11:46:31,637 [Worker-29: Building] INFO  o.a.m.s.f.DefaultMavenResourcesFiltering - Copying 0 resource from src/test/resources to target/test-classes
2025-07-23 11:46:51,853 [Worker-27: Building] INFO  o.a.m.s.f.DefaultMavenResourcesFiltering - Copying 0 resource from src/main/resources to target/classes
2025-07-23 11:46:51,855 [Worker-27: Building] INFO  o.a.m.s.f.DefaultMavenResourcesFiltering - Copying 0 resource from src/test/resources to target/test-classes
2025-07-23 11:47:28,747 [Worker-29: Building] INFO  o.a.m.s.f.DefaultMavenResourcesFiltering - Copying 0 resource from src/main/resources to target/classes
2025-07-23 11:47:28,748 [Worker-29: Building] INFO  o.a.m.s.f.DefaultMavenResourcesFiltering - Copying 0 resource from src/test/resources to target/test-classes
2025-07-23 11:47:38,993 [Worker-28: Building] INFO  o.a.m.s.f.DefaultMavenResourcesFiltering - Copying 0 resource from src/main/resources to target/classes
2025-07-23 11:47:38,995 [Worker-28: Building] INFO  o.a.m.s.f.DefaultMavenResourcesFiltering - Copying 0 resource from src/test/resources to target/test-classes
2025-07-23 11:47:58,229 [Worker-27: Building] INFO  o.a.m.s.f.DefaultMavenResourcesFiltering - Copying 0 resource from src/main/resources to target/classes
2025-07-23 11:47:58,230 [Worker-27: Building] INFO  o.a.m.s.f.DefaultMavenResourcesFiltering - Copying 0 resource from src/test/resources to target/test-classes
2025-07-23 11:52:10,113 [Worker-20: Building] INFO  o.a.m.s.f.DefaultMavenResourcesFiltering - Copying 0 resource from src/main/resources to target/classes
2025-07-23 11:52:10,116 [Worker-20: Building] INFO  o.a.m.s.f.DefaultMavenResourcesFiltering - Copying 0 resource from src/test/resources to target/test-classes
2025-07-26 10:09:35,326 [Worker-12: Building] INFO  o.a.m.s.f.DefaultMavenResourcesFiltering - Copying 0 resource from src/main/resources to target/classes
2025-07-26 10:09:35,330 [Worker-12: Building] INFO  o.a.m.s.f.DefaultMavenResourcesFiltering - Copying 0 resource from src/test/resources to target/test-classes
2025-07-26 10:09:46,415 [Worker-1: Building] INFO  o.a.m.s.f.DefaultMavenResourcesFiltering - Copying 0 resource from src/main/resources to target/classes
2025-07-26 10:09:46,417 [Worker-1: Building] INFO  o.a.m.s.f.DefaultMavenResourcesFiltering - Copying 0 resource from src/test/resources to target/test-classes
2025-07-26 10:10:14,090 [Worker-24: Loading available Gradle versions] INFO  o.e.b.c.i.u.g.PublishedGradleVersions - Gradle version information cache is out-of-date. Trying to update.
2025-07-26 10:11:25,858 [Worker-16: Building] INFO  o.a.m.s.f.DefaultMavenResourcesFiltering - Copying 0 resource from src/main/resources to target/classes
2025-07-26 10:11:25,861 [Worker-16: Building] INFO  o.a.m.s.f.DefaultMavenResourcesFiltering - Copying 0 resource from src/test/resources to target/test-classes
2025-07-26 10:11:57,315 [Worker-16: Building] INFO  o.a.m.s.f.DefaultMavenResourcesFiltering - Copying 0 resource from src/main/resources to target/classes
2025-07-26 10:11:57,317 [Worker-16: Building] INFO  o.a.m.s.f.DefaultMavenResourcesFiltering - Copying 0 resource from src/test/resources to target/test-classes
2025-07-26 10:12:24,758 [Worker-23: Building] INFO  o.a.m.s.f.DefaultMavenResourcesFiltering - Copying 0 resource from src/main/resources to target/classes
2025-07-26 10:12:24,760 [Worker-23: Building] INFO  o.a.m.s.f.DefaultMavenResourcesFiltering - Copying 0 resource from src/test/resources to target/test-classes
2025-07-26 15:02:45,822 [Worker-13: Loading available Gradle versions] INFO  o.e.b.c.i.u.g.PublishedGradleVersions - Gradle version information cache is up-to-date. Trying to read.
2025-07-26 15:04:53,680 [Worker-10: Building] INFO  o.a.m.s.f.DefaultMavenResourcesFiltering - Copying 0 resource from src/main/resources to target/classes
2025-07-26 15:04:53,683 [Worker-10: Building] INFO  o.a.m.s.f.DefaultMavenResourcesFiltering - Copying 0 resource from src/test/resources to target/test-classes
2025-07-26 15:05:13,142 [Worker-13: Building] INFO  o.a.m.s.f.DefaultMavenResourcesFiltering - Copying 0 resource from src/main/resources to target/classes
2025-07-26 15:05:13,144 [Worker-13: Building] INFO  o.a.m.s.f.DefaultMavenResourcesFiltering - Copying 0 resource from src/test/resources to target/test-classes
2025-07-26 15:05:32,657 [Worker-9: Building] INFO  o.a.m.s.f.DefaultMavenResourcesFiltering - Copying 0 resource from src/main/resources to target/classes
2025-07-26 15:05:32,658 [Worker-9: Building] INFO  o.a.m.s.f.DefaultMavenResourcesFiltering - Copying 0 resource from src/test/resources to target/test-classes
2025-07-26 15:06:13,431 [Worker-20: Building] INFO  o.a.m.s.f.DefaultMavenResourcesFiltering - Copying 0 resource from src/main/resources to target/classes
2025-07-26 15:06:13,434 [Worker-20: Building] INFO  o.a.m.s.f.DefaultMavenResourcesFiltering - Copying 0 resource from src/test/resources to target/test-classes
2025-07-26 15:06:32,930 [Worker-19: Building] INFO  o.a.m.s.f.DefaultMavenResourcesFiltering - Copying 0 resource from src/main/resources to target/classes
2025-07-26 15:06:32,932 [Worker-19: Building] INFO  o.a.m.s.f.DefaultMavenResourcesFiltering - Copying 0 resource from src/test/resources to target/test-classes
2025-07-26 15:08:29,538 [Worker-23: Building] INFO  o.a.m.s.f.DefaultMavenResourcesFiltering - Copying 0 resource from src/main/resources to target/classes
2025-07-26 15:08:29,540 [Worker-23: Building] INFO  o.a.m.s.f.DefaultMavenResourcesFiltering - Copying 0 resource from src/test/resources to target/test-classes
2025-07-26 15:09:42,946 [Worker-23: Building] INFO  o.a.m.s.f.DefaultMavenResourcesFiltering - Copying 0 resource from src/main/resources to target/classes
2025-07-26 15:09:42,948 [Worker-23: Building] INFO  o.a.m.s.f.DefaultMavenResourcesFiltering - Copying 0 resource from src/test/resources to target/test-classes
2025-07-26 15:21:41,223 [Worker-10: Building] INFO  o.a.m.s.f.DefaultMavenResourcesFiltering - Copying 0 resource from src/main/resources to target/classes
2025-07-26 15:21:41,228 [Worker-10: Building] INFO  o.a.m.s.f.DefaultMavenResourcesFiltering - Copying 0 resource from src/test/resources to target/test-classes
2025-07-26 15:22:05,792 [Worker-4: Building] INFO  o.a.m.s.f.DefaultMavenResourcesFiltering - Copying 0 resource from src/main/resources to target/classes
2025-07-26 15:22:05,796 [Worker-4: Building] INFO  o.a.m.s.f.DefaultMavenResourcesFiltering - Copying 0 resource from src/test/resources to target/test-classes
2025-07-26 15:22:23,042 [Worker-16: Building] INFO  o.a.m.s.f.DefaultMavenResourcesFiltering - Copying 0 resource from src/main/resources to target/classes
2025-07-26 15:22:23,044 [Worker-16: Building] INFO  o.a.m.s.f.DefaultMavenResourcesFiltering - Copying 0 resource from src/test/resources to target/test-classes
2025-07-26 15:22:53,263 [Worker-6: Building] INFO  o.a.m.s.f.DefaultMavenResourcesFiltering - Copying 0 resource from src/main/resources to target/classes
2025-07-26 15:22:53,266 [Worker-6: Building] INFO  o.a.m.s.f.DefaultMavenResourcesFiltering - Copying 0 resource from src/test/resources to target/test-classes
2025-07-26 15:23:19,212 [Worker-12: Building] INFO  o.a.m.s.f.DefaultMavenResourcesFiltering - Copying 0 resource from src/main/resources to target/classes
2025-07-26 15:23:19,213 [Worker-12: Building] INFO  o.a.m.s.f.DefaultMavenResourcesFiltering - Copying 0 resource from src/test/resources to target/test-classes
2025-07-26 15:25:12,921 [Worker-13: Building] INFO  o.a.m.s.f.DefaultMavenResourcesFiltering - Copying 0 resource from src/main/resources to target/classes
2025-07-26 15:25:12,923 [Worker-13: Building] INFO  o.a.m.s.f.DefaultMavenResourcesFiltering - Copying 0 resource from src/test/resources to target/test-classes
2025-07-26 15:25:31,927 [Worker-12: Building] INFO  o.a.m.s.f.DefaultMavenResourcesFiltering - Copying 0 resource from src/main/resources to target/classes
2025-07-26 15:25:31,929 [Worker-12: Building] INFO  o.a.m.s.f.DefaultMavenResourcesFiltering - Copying 0 resource from src/test/resources to target/test-classes
2025-07-26 15:26:42,358 [Worker-22: Building] INFO  o.a.m.s.f.DefaultMavenResourcesFiltering - Copying 0 resource from src/main/resources to target/classes
2025-07-26 15:26:42,363 [Worker-22: Building] INFO  o.a.m.s.f.DefaultMavenResourcesFiltering - Copying 0 resource from src/test/resources to target/test-classes
2025-07-26 15:26:50,576 [Worker-22: Building] INFO  o.a.m.s.f.DefaultMavenResourcesFiltering - Copying 0 resource from src/main/resources to target/classes
2025-07-26 15:26:50,578 [Worker-22: Building] INFO  o.a.m.s.f.DefaultMavenResourcesFiltering - Copying 0 resource from src/test/resources to target/test-classes
2025-07-26 15:27:26,574 [Worker-19: Building] INFO  o.a.m.s.f.DefaultMavenResourcesFiltering - Copying 0 resource from src/main/resources to target/classes
2025-07-26 15:27:26,575 [Worker-19: Building] INFO  o.a.m.s.f.DefaultMavenResourcesFiltering - Copying 0 resource from src/test/resources to target/test-classes
2025-07-26 15:27:39,084 [Worker-19: Building] INFO  o.a.m.s.f.DefaultMavenResourcesFiltering - Copying 0 resource from src/main/resources to target/classes
2025-07-26 15:27:39,086 [Worker-19: Building] INFO  o.a.m.s.f.DefaultMavenResourcesFiltering - Copying 0 resource from src/test/resources to target/test-classes
2025-07-26 15:27:53,181 [Worker-6: Loading available Gradle versions] INFO  o.e.b.c.i.u.g.PublishedGradleVersions - Gradle version information cache is up-to-date. Trying to read.
2025-07-26 15:28:22,059 [Worker-11: Building] INFO  o.a.m.s.f.DefaultMavenResourcesFiltering - Copying 0 resource from src/main/resources to target/classes
2025-07-26 15:28:22,061 [Worker-11: Building] INFO  o.a.m.s.f.DefaultMavenResourcesFiltering - Copying 0 resource from src/test/resources to target/test-classes
2025-07-26 15:28:50,309 [Worker-20: Building] INFO  o.a.m.s.f.DefaultMavenResourcesFiltering - Copying 0 resource from src/main/resources to target/classes
2025-07-26 15:28:50,312 [Worker-20: Building] INFO  o.a.m.s.f.DefaultMavenResourcesFiltering - Copying 0 resource from src/test/resources to target/test-classes
2025-07-26 15:29:46,907 [Worker-15: Building] INFO  o.a.m.s.f.DefaultMavenResourcesFiltering - Copying 0 resource from src/main/resources to target/classes
2025-07-26 15:29:46,910 [Worker-15: Building] INFO  o.a.m.s.f.DefaultMavenResourcesFiltering - Copying 0 resource from src/test/resources to target/test-classes
2025-07-26 15:30:00,741 [Worker-5: Building] INFO  o.a.m.s.f.DefaultMavenResourcesFiltering - Copying 0 resource from src/main/resources to target/classes
2025-07-26 15:30:00,744 [Worker-5: Building] INFO  o.a.m.s.f.DefaultMavenResourcesFiltering - Copying 0 resource from src/test/resources to target/test-classes
2025-07-26 15:30:17,153 [Worker-3: Building] INFO  o.a.m.s.f.DefaultMavenResourcesFiltering - Copying 0 resource from src/main/resources to target/classes
2025-07-26 15:30:17,156 [Worker-3: Building] INFO  o.a.m.s.f.DefaultMavenResourcesFiltering - Copying 0 resource from src/test/resources to target/test-classes
2025-07-26 15:31:01,657 [Worker-16: Building] INFO  o.a.m.s.f.DefaultMavenResourcesFiltering - Copying 0 resource from src/main/resources to target/classes
2025-07-26 15:31:01,659 [Worker-16: Building] INFO  o.a.m.s.f.DefaultMavenResourcesFiltering - Copying 0 resource from src/test/resources to target/test-classes
2025-07-26 15:32:33,510 [Worker-8: Building] INFO  o.a.m.s.f.DefaultMavenResourcesFiltering - Copying 0 resource from src/main/resources to target/classes
2025-07-26 15:32:33,512 [Worker-8: Building] INFO  o.a.m.s.f.DefaultMavenResourcesFiltering - Copying 0 resource from src/test/resources to target/test-classes
2025-07-26 15:33:12,148 [Worker-2: Building] INFO  o.a.m.s.f.DefaultMavenResourcesFiltering - Copying 0 resource from src/main/resources to target/classes
2025-07-26 15:33:12,150 [Worker-2: Building] INFO  o.a.m.s.f.DefaultMavenResourcesFiltering - Copying 0 resource from src/test/resources to target/test-classes
2025-07-26 15:33:20,876 [Worker-2: Building] INFO  o.a.m.s.f.DefaultMavenResourcesFiltering - Copying 0 resource from src/main/resources to target/classes
2025-07-26 15:33:20,879 [Worker-2: Building] INFO  o.a.m.s.f.DefaultMavenResourcesFiltering - Copying 0 resource from src/test/resources to target/test-classes
2025-07-26 15:33:54,034 [Worker-16: Building] INFO  o.a.m.s.f.DefaultMavenResourcesFiltering - Copying 0 resource from src/main/resources to target/classes
2025-07-26 15:33:54,037 [Worker-16: Building] INFO  o.a.m.s.f.DefaultMavenResourcesFiltering - Copying 0 resource from src/test/resources to target/test-classes
2025-07-26 15:34:28,464 [Worker-2: Building] INFO  o.a.m.s.f.DefaultMavenResourcesFiltering - Copying 0 resource from src/main/resources to target/classes
2025-07-26 15:34:28,466 [Worker-2: Building] INFO  o.a.m.s.f.DefaultMavenResourcesFiltering - Copying 0 resource from src/test/resources to target/test-classes
2025-07-26 15:35:21,868 [Worker-14: Building] INFO  o.a.m.s.f.DefaultMavenResourcesFiltering - Copying 0 resource from src/main/resources to target/classes
2025-07-26 15:35:21,869 [Worker-14: Building] INFO  o.a.m.s.f.DefaultMavenResourcesFiltering - Copying 0 resource from src/test/resources to target/test-classes
2025-07-26 18:13:31,265 [Worker-12: Building] INFO  o.a.m.s.f.DefaultMavenResourcesFiltering - Copying 0 resource from src/main/resources to target/classes
2025-07-26 18:13:31,268 [Worker-12: Building] INFO  o.a.m.s.f.DefaultMavenResourcesFiltering - Copying 0 resource from src/test/resources to target/test-classes
2025-07-26 18:13:56,081 [Worker-14: Building] INFO  o.a.m.s.f.DefaultMavenResourcesFiltering - Copying 0 resource from src/main/resources to target/classes
2025-07-26 18:13:56,082 [Worker-14: Building] INFO  o.a.m.s.f.DefaultMavenResourcesFiltering - Copying 0 resource from src/test/resources to target/test-classes
2025-07-26 18:14:28,835 [Worker-3: Building] INFO  o.a.m.s.f.DefaultMavenResourcesFiltering - Copying 0 resource from src/main/resources to target/classes
2025-07-26 18:14:28,836 [Worker-3: Building] INFO  o.a.m.s.f.DefaultMavenResourcesFiltering - Copying 0 resource from src/test/resources to target/test-classes
2025-07-26 18:14:45,855 [Worker-20: Building] INFO  o.a.m.s.f.DefaultMavenResourcesFiltering - Copying 0 resource from src/main/resources to target/classes
2025-07-26 18:14:45,857 [Worker-20: Building] INFO  o.a.m.s.f.DefaultMavenResourcesFiltering - Copying 0 resource from src/test/resources to target/test-classes
2025-07-26 18:17:37,274 [Worker-22: Building] INFO  o.a.m.s.f.DefaultMavenResourcesFiltering - Copying 0 resource from src/main/resources to target/classes
2025-07-26 18:17:37,276 [Worker-22: Building] INFO  o.a.m.s.f.DefaultMavenResourcesFiltering - Copying 0 resource from src/test/resources to target/test-classes
2025-07-26 18:18:36,430 [Worker-12: Building] INFO  o.a.m.s.f.DefaultMavenResourcesFiltering - Copying 0 resource from src/main/resources to target/classes
2025-07-26 18:18:36,431 [Worker-12: Building] INFO  o.a.m.s.f.DefaultMavenResourcesFiltering - Copying 0 resource from src/test/resources to target/test-classes
2025-07-26 18:18:40,477 [Worker-16: Building] INFO  o.a.m.s.f.DefaultMavenResourcesFiltering - Copying 0 resource from src/main/resources to target/classes
2025-07-26 18:18:40,479 [Worker-16: Building] INFO  o.a.m.s.f.DefaultMavenResourcesFiltering - Copying 0 resource from src/test/resources to target/test-classes
2025-07-26 18:18:46,896 [Worker-5: Building] INFO  o.a.m.s.f.DefaultMavenResourcesFiltering - Copying 0 resource from src/main/resources to target/classes
2025-07-26 18:18:46,897 [Worker-5: Building] INFO  o.a.m.s.f.DefaultMavenResourcesFiltering - Copying 0 resource from src/test/resources to target/test-classes
2025-07-26 18:20:05,350 [Worker-10: Building] INFO  o.a.m.s.f.DefaultMavenResourcesFiltering - Copying 0 resource from src/main/resources to target/classes
2025-07-26 18:20:05,352 [Worker-10: Building] INFO  o.a.m.s.f.DefaultMavenResourcesFiltering - Copying 0 resource from src/test/resources to target/test-classes
2025-07-27 16:56:36,732 [Worker-19: Loading available Gradle versions] INFO  o.e.b.c.i.u.g.PublishedGradleVersions - Gradle version information cache is out-of-date. Trying to update.
2025-07-27 16:58:39,944 [Worker-29: Building] INFO  o.a.m.s.f.DefaultMavenResourcesFiltering - Copying 0 resource from src/main/resources to target/classes
2025-07-27 16:58:39,948 [Worker-29: Building] INFO  o.a.m.s.f.DefaultMavenResourcesFiltering - Copying 0 resource from src/test/resources to target/test-classes
2025-07-27 17:00:38,541 [Worker-25: Building] INFO  o.a.m.s.f.DefaultMavenResourcesFiltering - Copying 0 resource from src/main/resources to target/classes
2025-07-27 17:00:38,543 [Worker-25: Building] INFO  o.a.m.s.f.DefaultMavenResourcesFiltering - Copying 0 resource from src/test/resources to target/test-classes
2025-07-27 17:00:47,181 [Worker-26: Building] INFO  o.a.m.s.f.DefaultMavenResourcesFiltering - Copying 0 resource from src/main/resources to target/classes
2025-07-27 17:00:47,184 [Worker-26: Building] INFO  o.a.m.s.f.DefaultMavenResourcesFiltering - Copying 0 resource from src/test/resources to target/test-classes
2025-07-27 17:01:12,840 [Worker-29: Building] INFO  o.a.m.s.f.DefaultMavenResourcesFiltering - Copying 0 resource from src/main/resources to target/classes
2025-07-27 17:01:12,841 [Worker-29: Building] INFO  o.a.m.s.f.DefaultMavenResourcesFiltering - Copying 0 resource from src/test/resources to target/test-classes
2025-07-27 17:01:38,489 [Worker-30: Building] INFO  o.a.m.s.f.DefaultMavenResourcesFiltering - Copying 0 resource from src/main/resources to target/classes
2025-07-27 17:01:38,491 [Worker-30: Building] INFO  o.a.m.s.f.DefaultMavenResourcesFiltering - Copying 0 resource from src/test/resources to target/test-classes
2025-07-27 17:01:56,878 [Worker-29: Building] INFO  o.a.m.s.f.DefaultMavenResourcesFiltering - Copying 0 resource from src/main/resources to target/classes
2025-07-27 17:01:56,880 [Worker-29: Building] INFO  o.a.m.s.f.DefaultMavenResourcesFiltering - Copying 0 resource from src/test/resources to target/test-classes
2025-07-27 17:03:25,517 [Worker-30: Building] INFO  o.a.m.s.f.DefaultMavenResourcesFiltering - Copying 0 resource from src/main/resources to target/classes
2025-07-27 17:03:25,518 [Worker-30: Building] INFO  o.a.m.s.f.DefaultMavenResourcesFiltering - Copying 0 resource from src/test/resources to target/test-classes
2025-07-27 17:11:54,879 [Worker-32: Building] INFO  o.a.m.s.f.DefaultMavenResourcesFiltering - Copying 0 resource from src/main/resources to target/classes
2025-07-27 17:11:54,881 [Worker-32: Building] INFO  o.a.m.s.f.DefaultMavenResourcesFiltering - Copying 0 resource from src/test/resources to target/test-classes
2025-07-27 17:12:14,635 [Worker-31: Building] INFO  o.a.m.s.f.DefaultMavenResourcesFiltering - Copying 0 resource from src/main/resources to target/classes
2025-07-27 17:12:14,637 [Worker-31: Building] INFO  o.a.m.s.f.DefaultMavenResourcesFiltering - Copying 0 resource from src/test/resources to target/test-classes
2025-07-27 17:12:56,649 [Worker-28: Building] INFO  o.a.m.s.f.DefaultMavenResourcesFiltering - Copying 0 resource from src/main/resources to target/classes
2025-07-27 17:12:56,650 [Worker-28: Building] INFO  o.a.m.s.f.DefaultMavenResourcesFiltering - Copying 0 resource from src/test/resources to target/test-classes
2025-07-27 17:13:29,505 [Worker-31: Building] INFO  o.a.m.s.f.DefaultMavenResourcesFiltering - Copying 0 resource from src/main/resources to target/classes
2025-07-27 17:13:29,506 [Worker-31: Building] INFO  o.a.m.s.f.DefaultMavenResourcesFiltering - Copying 0 resource from src/test/resources to target/test-classes
2025-07-27 17:14:35,593 [Worker-28: Building] INFO  o.a.m.s.f.DefaultMavenResourcesFiltering - Copying 0 resource from src/main/resources to target/classes
2025-07-27 17:14:35,595 [Worker-28: Building] INFO  o.a.m.s.f.DefaultMavenResourcesFiltering - Copying 0 resource from src/test/resources to target/test-classes
2025-07-27 17:15:00,724 [Worker-32: Building] INFO  o.a.m.s.f.DefaultMavenResourcesFiltering - Copying 0 resource from src/main/resources to target/classes
2025-07-27 17:15:00,725 [Worker-32: Building] INFO  o.a.m.s.f.DefaultMavenResourcesFiltering - Copying 0 resource from src/test/resources to target/test-classes
2025-07-27 17:15:33,838 [Worker-28: Building] INFO  o.a.m.s.f.DefaultMavenResourcesFiltering - Copying 0 resource from src/main/resources to target/classes
2025-07-27 17:15:33,839 [Worker-28: Building] INFO  o.a.m.s.f.DefaultMavenResourcesFiltering - Copying 0 resource from src/test/resources to target/test-classes
2025-07-27 17:16:11,381 [Worker-28: Building] INFO  o.a.m.s.f.DefaultMavenResourcesFiltering - Copying 0 resource from src/main/resources to target/classes
2025-07-27 17:16:11,383 [Worker-28: Building] INFO  o.a.m.s.f.DefaultMavenResourcesFiltering - Copying 0 resource from src/test/resources to target/test-classes
2025-07-27 17:16:27,319 [Worker-28: Building] INFO  o.a.m.s.f.DefaultMavenResourcesFiltering - Copying 0 resource from src/main/resources to target/classes
2025-07-27 17:16:27,321 [Worker-28: Building] INFO  o.a.m.s.f.DefaultMavenResourcesFiltering - Copying 0 resource from src/test/resources to target/test-classes
2025-07-27 17:17:05,942 [Worker-31: Building] INFO  o.a.m.s.f.DefaultMavenResourcesFiltering - Copying 0 resource from src/main/resources to target/classes
2025-07-27 17:17:05,948 [Worker-31: Building] INFO  o.a.m.s.f.DefaultMavenResourcesFiltering - Copying 0 resource from src/test/resources to target/test-classes
2025-07-27 17:24:20,903 [Worker-35: Building] INFO  o.a.m.s.f.DefaultMavenResourcesFiltering - Copying 0 resource from src/main/resources to target/classes
2025-07-27 17:24:20,904 [Worker-35: Building] INFO  o.a.m.s.f.DefaultMavenResourcesFiltering - Copying 0 resource from src/test/resources to target/test-classes
2025-07-27 17:24:52,863 [Worker-32: Building] INFO  o.a.m.s.f.DefaultMavenResourcesFiltering - Copying 0 resource from src/main/resources to target/classes
2025-07-27 17:24:52,866 [Worker-32: Building] INFO  o.a.m.s.f.DefaultMavenResourcesFiltering - Copying 0 resource from src/test/resources to target/test-classes
2025-07-27 17:25:42,326 [Worker-35: Building] INFO  o.a.m.s.f.DefaultMavenResourcesFiltering - Copying 0 resource from src/main/resources to target/classes
2025-07-27 17:25:42,328 [Worker-35: Building] INFO  o.a.m.s.f.DefaultMavenResourcesFiltering - Copying 0 resource from src/test/resources to target/test-classes
2025-07-27 17:27:12,219 [Worker-32: Building] INFO  o.a.m.s.f.DefaultMavenResourcesFiltering - Copying 0 resource from src/main/resources to target/classes
2025-07-27 17:27:12,221 [Worker-32: Building] INFO  o.a.m.s.f.DefaultMavenResourcesFiltering - Copying 0 resource from src/test/resources to target/test-classes
2025-07-27 17:27:28,404 [Worker-35: Building] INFO  o.a.m.s.f.DefaultMavenResourcesFiltering - Copying 0 resource from src/main/resources to target/classes
2025-07-27 17:27:28,405 [Worker-35: Building] INFO  o.a.m.s.f.DefaultMavenResourcesFiltering - Copying 0 resource from src/test/resources to target/test-classes
2025-07-27 17:27:44,894 [Worker-33: Building] INFO  o.a.m.s.f.DefaultMavenResourcesFiltering - Copying 0 resource from src/main/resources to target/classes
2025-07-27 17:27:44,895 [Worker-33: Building] INFO  o.a.m.s.f.DefaultMavenResourcesFiltering - Copying 0 resource from src/test/resources to target/test-classes
2025-07-27 17:28:17,880 [Worker-32: Building] INFO  o.a.m.s.f.DefaultMavenResourcesFiltering - Copying 0 resource from src/main/resources to target/classes
2025-07-27 17:28:17,883 [Worker-32: Building] INFO  o.a.m.s.f.DefaultMavenResourcesFiltering - Copying 0 resource from src/test/resources to target/test-classes
2025-07-27 17:29:14,701 [Worker-33: Building] INFO  o.a.m.s.f.DefaultMavenResourcesFiltering - Copying 0 resource from src/main/resources to target/classes
2025-07-27 17:29:14,702 [Worker-33: Building] INFO  o.a.m.s.f.DefaultMavenResourcesFiltering - Copying 0 resource from src/test/resources to target/test-classes
2025-07-27 17:29:29,436 [Worker-36: Building] INFO  o.a.m.s.f.DefaultMavenResourcesFiltering - Copying 0 resource from src/main/resources to target/classes
2025-07-27 17:29:29,437 [Worker-36: Building] INFO  o.a.m.s.f.DefaultMavenResourcesFiltering - Copying 0 resource from src/test/resources to target/test-classes
2025-07-27 17:29:34,586 [Worker-33: Building] INFO  o.a.m.s.f.DefaultMavenResourcesFiltering - Copying 0 resource from src/main/resources to target/classes
2025-07-27 17:29:34,588 [Worker-33: Building] INFO  o.a.m.s.f.DefaultMavenResourcesFiltering - Copying 0 resource from src/test/resources to target/test-classes
2025-07-27 17:30:44,317 [Worker-35: Building] INFO  o.a.m.s.f.DefaultMavenResourcesFiltering - Copying 0 resource from src/main/resources to target/classes
2025-07-27 17:30:44,319 [Worker-35: Building] INFO  o.a.m.s.f.DefaultMavenResourcesFiltering - Copying 0 resource from src/test/resources to target/test-classes
2025-07-27 17:31:26,562 [Worker-35: Building] INFO  o.a.m.s.f.DefaultMavenResourcesFiltering - Copying 0 resource from src/main/resources to target/classes
2025-07-27 17:31:26,563 [Worker-35: Building] INFO  o.a.m.s.f.DefaultMavenResourcesFiltering - Copying 0 resource from src/test/resources to target/test-classes
2025-07-27 17:31:36,740 [Worker-32: Building] INFO  o.a.m.s.f.DefaultMavenResourcesFiltering - Copying 0 resource from src/main/resources to target/classes
2025-07-27 17:31:36,742 [Worker-32: Building] INFO  o.a.m.s.f.DefaultMavenResourcesFiltering - Copying 0 resource from src/test/resources to target/test-classes
2025-07-27 17:35:39,853 [Worker-42: Building] INFO  o.a.m.s.f.DefaultMavenResourcesFiltering - Copying 0 resource from src/main/resources to target/classes
2025-07-27 17:35:39,854 [Worker-42: Building] INFO  o.a.m.s.f.DefaultMavenResourcesFiltering - Copying 0 resource from src/test/resources to target/test-classes
2025-07-27 17:36:05,037 [Worker-37: Building] INFO  o.a.m.s.f.DefaultMavenResourcesFiltering - Copying 0 resource from src/main/resources to target/classes
2025-07-27 17:36:05,038 [Worker-37: Building] INFO  o.a.m.s.f.DefaultMavenResourcesFiltering - Copying 0 resource from src/test/resources to target/test-classes
2025-07-27 17:36:13,517 [Worker-37: Building] INFO  o.a.m.s.f.DefaultMavenResourcesFiltering - Copying 0 resource from src/main/resources to target/classes
2025-07-27 17:36:13,520 [Worker-37: Building] INFO  o.a.m.s.f.DefaultMavenResourcesFiltering - Copying 0 resource from src/test/resources to target/test-classes
2025-07-27 17:36:47,473 [Worker-38: Building] INFO  o.a.m.s.f.DefaultMavenResourcesFiltering - Copying 0 resource from src/main/resources to target/classes
2025-07-27 17:36:47,475 [Worker-38: Building] INFO  o.a.m.s.f.DefaultMavenResourcesFiltering - Copying 0 resource from src/test/resources to target/test-classes
2025-07-27 17:37:11,393 [Worker-38: Building] INFO  o.a.m.s.f.DefaultMavenResourcesFiltering - Copying 0 resource from src/main/resources to target/classes
2025-07-27 17:37:11,395 [Worker-38: Building] INFO  o.a.m.s.f.DefaultMavenResourcesFiltering - Copying 0 resource from src/test/resources to target/test-classes
2025-07-27 17:37:37,327 [Worker-42: Building] INFO  o.a.m.s.f.DefaultMavenResourcesFiltering - Copying 0 resource from src/main/resources to target/classes
2025-07-27 17:37:37,328 [Worker-42: Building] INFO  o.a.m.s.f.DefaultMavenResourcesFiltering - Copying 0 resource from src/test/resources to target/test-classes
2025-07-27 17:37:45,731 [Worker-38: Building] INFO  o.a.m.s.f.DefaultMavenResourcesFiltering - Copying 0 resource from src/main/resources to target/classes
2025-07-27 17:37:45,731 [Worker-38: Building] INFO  o.a.m.s.f.DefaultMavenResourcesFiltering - Copying 0 resource from src/test/resources to target/test-classes
2025-07-27 17:37:55,400 [Worker-42: Building] INFO  o.a.m.s.f.DefaultMavenResourcesFiltering - Copying 0 resource from src/main/resources to target/classes
2025-07-27 17:37:55,401 [Worker-42: Building] INFO  o.a.m.s.f.DefaultMavenResourcesFiltering - Copying 0 resource from src/test/resources to target/test-classes
2025-07-27 17:38:38,554 [Worker-41: Building] INFO  o.a.m.s.f.DefaultMavenResourcesFiltering - Copying 0 resource from src/main/resources to target/classes
2025-07-27 17:38:38,556 [Worker-41: Building] INFO  o.a.m.s.f.DefaultMavenResourcesFiltering - Copying 0 resource from src/test/resources to target/test-classes
2025-07-27 17:39:21,046 [Worker-42: Building] INFO  o.a.m.s.f.DefaultMavenResourcesFiltering - Copying 0 resource from src/main/resources to target/classes
2025-07-27 17:39:21,048 [Worker-42: Building] INFO  o.a.m.s.f.DefaultMavenResourcesFiltering - Copying 0 resource from src/test/resources to target/test-classes
2025-07-27 17:40:25,316 [Worker-41: Building] INFO  o.a.m.s.f.DefaultMavenResourcesFiltering - Copying 0 resource from src/main/resources to target/classes
2025-07-27 17:40:25,317 [Worker-41: Building] INFO  o.a.m.s.f.DefaultMavenResourcesFiltering - Copying 0 resource from src/test/resources to target/test-classes
2025-07-27 17:40:52,886 [Worker-36: Building] INFO  o.a.m.s.f.DefaultMavenResourcesFiltering - Copying 0 resource from src/main/resources to target/classes
2025-07-27 17:40:52,887 [Worker-36: Building] INFO  o.a.m.s.f.DefaultMavenResourcesFiltering - Copying 0 resource from src/test/resources to target/test-classes
2025-07-27 17:41:19,436 [Worker-42: Building] INFO  o.a.m.s.f.DefaultMavenResourcesFiltering - Copying 0 resource from src/main/resources to target/classes
2025-07-27 17:41:19,437 [Worker-42: Building] INFO  o.a.m.s.f.DefaultMavenResourcesFiltering - Copying 0 resource from src/test/resources to target/test-classes
2025-07-27 17:42:16,572 [Worker-42: Building] INFO  o.a.m.s.f.DefaultMavenResourcesFiltering - Copying 0 resource from src/main/resources to target/classes
2025-07-27 17:42:16,574 [Worker-42: Building] INFO  o.a.m.s.f.DefaultMavenResourcesFiltering - Copying 0 resource from src/test/resources to target/test-classes
2025-07-27 17:43:36,365 [Worker-40: Building] INFO  o.a.m.s.f.DefaultMavenResourcesFiltering - Copying 0 resource from src/main/resources to target/classes
2025-07-27 17:43:36,367 [Worker-40: Building] INFO  o.a.m.s.f.DefaultMavenResourcesFiltering - Copying 0 resource from src/test/resources to target/test-classes
2025-07-30 21:51:11,150 [ModalContext] INFO  o.e.m.c.i.e.AbstractTransferListenerAdapter - Downloading https://repo.maven.apache.org/maven2/org/apache/maven/archetypes/maven-archetype-quickstart/1.1/maven-archetype-quickstart-1.1.pom
2025-07-30 21:51:11,160 [ModalContext] INFO  o.e.m.c.i.e.AbstractTransferListenerAdapter - Downloaded https://repo.maven.apache.org/maven2/org/apache/maven/archetypes/maven-archetype-quickstart/1.1/maven-archetype-quickstart-1.1.pom
2025-07-30 21:51:11,209 [ModalContext] INFO  o.e.m.c.i.e.AbstractTransferListenerAdapter - Downloading https://repo.maven.apache.org/maven2/org/apache/maven/archetypes/maven-archetype-bundles/4/maven-archetype-bundles-4.pom
2025-07-30 21:51:11,211 [ModalContext] INFO  o.e.m.c.i.e.AbstractTransferListenerAdapter - Downloaded https://repo.maven.apache.org/maven2/org/apache/maven/archetypes/maven-archetype-bundles/4/maven-archetype-bundles-4.pom
2025-07-30 21:51:11,256 [ModalContext] INFO  o.e.m.c.i.e.AbstractTransferListenerAdapter - Downloading https://repo.maven.apache.org/maven2/org/apache/maven/archetype/maven-archetype/2.0-alpha-5/maven-archetype-2.0-alpha-5.pom
2025-07-30 21:51:11,262 [ModalContext] INFO  o.e.m.c.i.e.AbstractTransferListenerAdapter - Downloaded https://repo.maven.apache.org/maven2/org/apache/maven/archetype/maven-archetype/2.0-alpha-5/maven-archetype-2.0-alpha-5.pom
2025-07-30 21:51:11,304 [ModalContext] INFO  o.e.m.c.i.e.AbstractTransferListenerAdapter - Downloading https://repo.maven.apache.org/maven2/org/apache/maven/maven-parent/16/maven-parent-16.pom
2025-07-30 21:51:11,314 [ModalContext] INFO  o.e.m.c.i.e.AbstractTransferListenerAdapter - Downloaded https://repo.maven.apache.org/maven2/org/apache/maven/maven-parent/16/maven-parent-16.pom
2025-07-30 21:51:11,363 [ModalContext] INFO  o.e.m.c.i.e.AbstractTransferListenerAdapter - Downloading https://repo.maven.apache.org/maven2/org/apache/maven/archetypes/maven-archetype-quickstart/1.1/maven-archetype-quickstart-1.1.jar
2025-07-30 21:51:11,365 [ModalContext] INFO  o.e.m.c.i.e.AbstractTransferListenerAdapter - Downloaded https://repo.maven.apache.org/maven2/org/apache/maven/archetypes/maven-archetype-quickstart/1.1/maven-archetype-quickstart-1.1.jar
2025-07-30 21:52:08,035 [Worker-13: Launching mavenrun-f674aef7-5a4a-4168-9248-68f957140675] INFO  o.eclipse.m2e.core.internal.Bundles - getClasspathEntries(Bundle=org.eclipse.m2e.maven.runtime_3.9.900.20250220-2013 [638])
2025-07-30 21:52:08,036 [Worker-13: Launching mavenrun-f674aef7-5a4a-4168-9248-68f957140675] INFO  o.eclipse.m2e.core.internal.Bundles - 	Entry: /Applications/Eclipse.app/Contents/Eclipse/plugins/org.eclipse.m2e.maven.runtime_3.9.900.20250220-2013
2025-07-30 21:52:08,036 [Worker-13: Launching mavenrun-f674aef7-5a4a-4168-9248-68f957140675] INFO  o.eclipse.m2e.core.internal.Bundles - 	Entry: /Applications/Eclipse.app/Contents/Eclipse/plugins/org.eclipse.m2e.maven.runtime_3.9.900.20250220-2013/jars/aopalliance-1.0.jar
2025-07-30 21:52:08,036 [Worker-13: Launching mavenrun-f674aef7-5a4a-4168-9248-68f957140675] INFO  o.eclipse.m2e.core.internal.Bundles - 	Entry: /Applications/Eclipse.app/Contents/Eclipse/plugins/org.eclipse.m2e.maven.runtime_3.9.900.20250220-2013/jars/guice-5.1.0.jar
2025-07-30 21:52:08,036 [Worker-13: Launching mavenrun-f674aef7-5a4a-4168-9248-68f957140675] INFO  o.eclipse.m2e.core.internal.Bundles - 	Entry: /Applications/Eclipse.app/Contents/Eclipse/plugins/org.eclipse.m2e.maven.runtime_3.9.900.20250220-2013/jars/httpclient-4.5.14.jar
2025-07-30 21:52:08,036 [Worker-13: Launching mavenrun-f674aef7-5a4a-4168-9248-68f957140675] INFO  o.eclipse.m2e.core.internal.Bundles - 	Entry: /Applications/Eclipse.app/Contents/Eclipse/plugins/org.eclipse.m2e.maven.runtime_3.9.900.20250220-2013/jars/httpcore-4.4.16.jar
2025-07-30 21:52:08,036 [Worker-13: Launching mavenrun-f674aef7-5a4a-4168-9248-68f957140675] INFO  o.eclipse.m2e.core.internal.Bundles - 	Entry: /Applications/Eclipse.app/Contents/Eclipse/plugins/org.eclipse.m2e.maven.runtime_3.9.900.20250220-2013/jars/jansi-2.4.1.jar
2025-07-30 21:52:08,036 [Worker-13: Launching mavenrun-f674aef7-5a4a-4168-9248-68f957140675] INFO  o.eclipse.m2e.core.internal.Bundles - 	Entry: /Applications/Eclipse.app/Contents/Eclipse/plugins/org.eclipse.m2e.maven.runtime_3.9.900.20250220-2013/jars/jcl-over-slf4j-1.7.36.jar
2025-07-30 21:52:08,036 [Worker-13: Launching mavenrun-f674aef7-5a4a-4168-9248-68f957140675] INFO  o.eclipse.m2e.core.internal.Bundles - 	Entry: /Applications/Eclipse.app/Contents/Eclipse/plugins/org.eclipse.m2e.maven.runtime_3.9.900.20250220-2013/jars/maven-artifact-3.9.9.jar
2025-07-30 21:52:08,036 [Worker-13: Launching mavenrun-f674aef7-5a4a-4168-9248-68f957140675] INFO  o.eclipse.m2e.core.internal.Bundles - 	Entry: /Applications/Eclipse.app/Contents/Eclipse/plugins/org.eclipse.m2e.maven.runtime_3.9.900.20250220-2013/jars/maven-builder-support-3.9.9.jar
2025-07-30 21:52:08,036 [Worker-13: Launching mavenrun-f674aef7-5a4a-4168-9248-68f957140675] INFO  o.eclipse.m2e.core.internal.Bundles - 	Entry: /Applications/Eclipse.app/Contents/Eclipse/plugins/org.eclipse.m2e.maven.runtime_3.9.900.20250220-2013/jars/maven-compat-3.9.9.jar
2025-07-30 21:52:08,036 [Worker-13: Launching mavenrun-f674aef7-5a4a-4168-9248-68f957140675] INFO  o.eclipse.m2e.core.internal.Bundles - 	Entry: /Applications/Eclipse.app/Contents/Eclipse/plugins/org.eclipse.m2e.maven.runtime_3.9.900.20250220-2013/jars/maven-core-3.9.9.jar
2025-07-30 21:52:08,036 [Worker-13: Launching mavenrun-f674aef7-5a4a-4168-9248-68f957140675] INFO  o.eclipse.m2e.core.internal.Bundles - 	Entry: /Applications/Eclipse.app/Contents/Eclipse/plugins/org.eclipse.m2e.maven.runtime_3.9.900.20250220-2013/jars/maven-embedder-3.9.9.jar
2025-07-30 21:52:08,036 [Worker-13: Launching mavenrun-f674aef7-5a4a-4168-9248-68f957140675] INFO  o.eclipse.m2e.core.internal.Bundles - 	Entry: /Applications/Eclipse.app/Contents/Eclipse/plugins/org.eclipse.m2e.maven.runtime_3.9.900.20250220-2013/jars/maven-model-3.9.9.jar
2025-07-30 21:52:08,036 [Worker-13: Launching mavenrun-f674aef7-5a4a-4168-9248-68f957140675] INFO  o.eclipse.m2e.core.internal.Bundles - 	Entry: /Applications/Eclipse.app/Contents/Eclipse/plugins/org.eclipse.m2e.maven.runtime_3.9.900.20250220-2013/jars/maven-model-builder-3.9.9.jar
2025-07-30 21:52:08,036 [Worker-13: Launching mavenrun-f674aef7-5a4a-4168-9248-68f957140675] INFO  o.eclipse.m2e.core.internal.Bundles - 	Entry: /Applications/Eclipse.app/Contents/Eclipse/plugins/org.eclipse.m2e.maven.runtime_3.9.900.20250220-2013/jars/maven-plugin-api-3.9.9.jar
2025-07-30 21:52:08,037 [Worker-13: Launching mavenrun-f674aef7-5a4a-4168-9248-68f957140675] INFO  o.eclipse.m2e.core.internal.Bundles - 	Entry: /Applications/Eclipse.app/Contents/Eclipse/plugins/org.eclipse.m2e.maven.runtime_3.9.900.20250220-2013/jars/maven-repository-metadata-3.9.9.jar
2025-07-30 21:52:08,037 [Worker-13: Launching mavenrun-f674aef7-5a4a-4168-9248-68f957140675] INFO  o.eclipse.m2e.core.internal.Bundles - 	Entry: /Applications/Eclipse.app/Contents/Eclipse/plugins/org.eclipse.m2e.maven.runtime_3.9.900.20250220-2013/jars/maven-resolver-api-1.9.22.jar
2025-07-30 21:52:08,037 [Worker-13: Launching mavenrun-f674aef7-5a4a-4168-9248-68f957140675] INFO  o.eclipse.m2e.core.internal.Bundles - 	Entry: /Applications/Eclipse.app/Contents/Eclipse/plugins/org.eclipse.m2e.maven.runtime_3.9.900.20250220-2013/jars/maven-resolver-connector-basic-1.9.22.jar
2025-07-30 21:52:08,037 [Worker-13: Launching mavenrun-f674aef7-5a4a-4168-9248-68f957140675] INFO  o.eclipse.m2e.core.internal.Bundles - 	Entry: /Applications/Eclipse.app/Contents/Eclipse/plugins/org.eclipse.m2e.maven.runtime_3.9.900.20250220-2013/jars/maven-resolver-impl-1.9.22.jar
2025-07-30 21:52:08,037 [Worker-13: Launching mavenrun-f674aef7-5a4a-4168-9248-68f957140675] INFO  o.eclipse.m2e.core.internal.Bundles - 	Entry: /Applications/Eclipse.app/Contents/Eclipse/plugins/org.eclipse.m2e.maven.runtime_3.9.900.20250220-2013/jars/maven-resolver-named-locks-1.9.22.jar
2025-07-30 21:52:08,037 [Worker-13: Launching mavenrun-f674aef7-5a4a-4168-9248-68f957140675] INFO  o.eclipse.m2e.core.internal.Bundles - 	Entry: /Applications/Eclipse.app/Contents/Eclipse/plugins/org.eclipse.m2e.maven.runtime_3.9.900.20250220-2013/jars/maven-resolver-provider-3.9.9.jar
2025-07-30 21:52:08,037 [Worker-13: Launching mavenrun-f674aef7-5a4a-4168-9248-68f957140675] INFO  o.eclipse.m2e.core.internal.Bundles - 	Entry: /Applications/Eclipse.app/Contents/Eclipse/plugins/org.eclipse.m2e.maven.runtime_3.9.900.20250220-2013/jars/maven-resolver-spi-1.9.22.jar
2025-07-30 21:52:08,037 [Worker-13: Launching mavenrun-f674aef7-5a4a-4168-9248-68f957140675] INFO  o.eclipse.m2e.core.internal.Bundles - 	Entry: /Applications/Eclipse.app/Contents/Eclipse/plugins/org.eclipse.m2e.maven.runtime_3.9.900.20250220-2013/jars/maven-resolver-transport-file-1.9.22.jar
2025-07-30 21:52:08,037 [Worker-13: Launching mavenrun-f674aef7-5a4a-4168-9248-68f957140675] INFO  o.eclipse.m2e.core.internal.Bundles - 	Entry: /Applications/Eclipse.app/Contents/Eclipse/plugins/org.eclipse.m2e.maven.runtime_3.9.900.20250220-2013/jars/maven-resolver-transport-http-1.9.22.jar
2025-07-30 21:52:08,037 [Worker-13: Launching mavenrun-f674aef7-5a4a-4168-9248-68f957140675] INFO  o.eclipse.m2e.core.internal.Bundles - 	Entry: /Applications/Eclipse.app/Contents/Eclipse/plugins/org.eclipse.m2e.maven.runtime_3.9.900.20250220-2013/jars/maven-resolver-transport-wagon-1.9.22.jar
2025-07-30 21:52:08,037 [Worker-13: Launching mavenrun-f674aef7-5a4a-4168-9248-68f957140675] INFO  o.eclipse.m2e.core.internal.Bundles - 	Entry: /Applications/Eclipse.app/Contents/Eclipse/plugins/org.eclipse.m2e.maven.runtime_3.9.900.20250220-2013/jars/maven-resolver-util-1.9.22.jar
2025-07-30 21:52:08,037 [Worker-13: Launching mavenrun-f674aef7-5a4a-4168-9248-68f957140675] INFO  o.eclipse.m2e.core.internal.Bundles - 	Entry: /Applications/Eclipse.app/Contents/Eclipse/plugins/org.eclipse.m2e.maven.runtime_3.9.900.20250220-2013/jars/maven-settings-3.9.9.jar
2025-07-30 21:52:08,037 [Worker-13: Launching mavenrun-f674aef7-5a4a-4168-9248-68f957140675] INFO  o.eclipse.m2e.core.internal.Bundles - 	Entry: /Applications/Eclipse.app/Contents/Eclipse/plugins/org.eclipse.m2e.maven.runtime_3.9.900.20250220-2013/jars/maven-settings-builder-3.9.9.jar
2025-07-30 21:52:08,037 [Worker-13: Launching mavenrun-f674aef7-5a4a-4168-9248-68f957140675] INFO  o.eclipse.m2e.core.internal.Bundles - 	Entry: /Applications/Eclipse.app/Contents/Eclipse/plugins/org.eclipse.m2e.maven.runtime_3.9.900.20250220-2013/jars/maven-shared-utils-3.4.2.jar
2025-07-30 21:52:08,037 [Worker-13: Launching mavenrun-f674aef7-5a4a-4168-9248-68f957140675] INFO  o.eclipse.m2e.core.internal.Bundles - 	Entry: /Applications/Eclipse.app/Contents/Eclipse/plugins/org.eclipse.m2e.maven.runtime_3.9.900.20250220-2013/jars/org.eclipse.sisu.inject-0.9.0.M3.jar
2025-07-30 21:52:08,037 [Worker-13: Launching mavenrun-f674aef7-5a4a-4168-9248-68f957140675] INFO  o.eclipse.m2e.core.internal.Bundles - 	Entry: /Applications/Eclipse.app/Contents/Eclipse/plugins/org.eclipse.m2e.maven.runtime_3.9.900.20250220-2013/jars/org.eclipse.sisu.plexus-0.9.0.M3.jar
2025-07-30 21:52:08,037 [Worker-13: Launching mavenrun-f674aef7-5a4a-4168-9248-68f957140675] INFO  o.eclipse.m2e.core.internal.Bundles - 	Entry: /Applications/Eclipse.app/Contents/Eclipse/plugins/org.eclipse.m2e.maven.runtime_3.9.900.20250220-2013/jars/plexus-build-api-0.0.7.jar
2025-07-30 21:52:08,037 [Worker-13: Launching mavenrun-f674aef7-5a4a-4168-9248-68f957140675] INFO  o.eclipse.m2e.core.internal.Bundles - 	Entry: /Applications/Eclipse.app/Contents/Eclipse/plugins/org.eclipse.m2e.maven.runtime_3.9.900.20250220-2013/jars/plexus-build-api-1.2.0.jar
2025-07-30 21:52:08,038 [Worker-13: Launching mavenrun-f674aef7-5a4a-4168-9248-68f957140675] INFO  o.eclipse.m2e.core.internal.Bundles - 	Entry: /Applications/Eclipse.app/Contents/Eclipse/plugins/org.eclipse.m2e.maven.runtime_3.9.900.20250220-2013/jars/plexus-cipher-2.0.jar
2025-07-30 21:52:08,038 [Worker-13: Launching mavenrun-f674aef7-5a4a-4168-9248-68f957140675] INFO  o.eclipse.m2e.core.internal.Bundles - 	Entry: /Applications/Eclipse.app/Contents/Eclipse/plugins/org.eclipse.m2e.maven.runtime_3.9.900.20250220-2013/jars/plexus-classworlds-2.8.0.jar
2025-07-30 21:52:08,038 [Worker-13: Launching mavenrun-f674aef7-5a4a-4168-9248-68f957140675] INFO  o.eclipse.m2e.core.internal.Bundles - 	Entry: /Applications/Eclipse.app/Contents/Eclipse/plugins/org.eclipse.m2e.maven.runtime_3.9.900.20250220-2013/jars/plexus-component-annotations-2.1.0.jar
2025-07-30 21:52:08,038 [Worker-13: Launching mavenrun-f674aef7-5a4a-4168-9248-68f957140675] INFO  o.eclipse.m2e.core.internal.Bundles - 	Entry: /Applications/Eclipse.app/Contents/Eclipse/plugins/org.eclipse.m2e.maven.runtime_3.9.900.20250220-2013/jars/plexus-interpolation-1.27.jar
2025-07-30 21:52:08,038 [Worker-13: Launching mavenrun-f674aef7-5a4a-4168-9248-68f957140675] INFO  o.eclipse.m2e.core.internal.Bundles - 	Entry: /Applications/Eclipse.app/Contents/Eclipse/plugins/org.eclipse.m2e.maven.runtime_3.9.900.20250220-2013/jars/plexus-sec-dispatcher-2.0.jar
2025-07-30 21:52:08,038 [Worker-13: Launching mavenrun-f674aef7-5a4a-4168-9248-68f957140675] INFO  o.eclipse.m2e.core.internal.Bundles - 	Entry: /Applications/Eclipse.app/Contents/Eclipse/plugins/org.eclipse.m2e.maven.runtime_3.9.900.20250220-2013/jars/plexus-utils-3.5.1.jar
2025-07-30 21:52:08,038 [Worker-13: Launching mavenrun-f674aef7-5a4a-4168-9248-68f957140675] INFO  o.eclipse.m2e.core.internal.Bundles - 	Entry: /Applications/Eclipse.app/Contents/Eclipse/plugins/org.eclipse.m2e.maven.runtime_3.9.900.20250220-2013/jars/plexus-xml-3.0.1.jar
2025-07-30 21:52:08,038 [Worker-13: Launching mavenrun-f674aef7-5a4a-4168-9248-68f957140675] INFO  o.eclipse.m2e.core.internal.Bundles - 	Entry: /Applications/Eclipse.app/Contents/Eclipse/plugins/org.eclipse.m2e.maven.runtime_3.9.900.20250220-2013/jars/wagon-file-3.5.3.jar
2025-07-30 21:52:08,038 [Worker-13: Launching mavenrun-f674aef7-5a4a-4168-9248-68f957140675] INFO  o.eclipse.m2e.core.internal.Bundles - 	Entry: /Applications/Eclipse.app/Contents/Eclipse/plugins/org.eclipse.m2e.maven.runtime_3.9.900.20250220-2013/jars/wagon-http-3.5.3.jar
2025-07-30 21:52:08,038 [Worker-13: Launching mavenrun-f674aef7-5a4a-4168-9248-68f957140675] INFO  o.eclipse.m2e.core.internal.Bundles - 	Entry: /Applications/Eclipse.app/Contents/Eclipse/plugins/org.eclipse.m2e.maven.runtime_3.9.900.20250220-2013/jars/wagon-http-shared-3.5.3.jar
2025-07-30 21:52:08,038 [Worker-13: Launching mavenrun-f674aef7-5a4a-4168-9248-68f957140675] INFO  o.eclipse.m2e.core.internal.Bundles - 	Entry: /Applications/Eclipse.app/Contents/Eclipse/plugins/org.eclipse.m2e.maven.runtime_3.9.900.20250220-2013/jars/wagon-provider-api-3.5.3.jar
2025-07-30 21:52:08,039 [Worker-13: Launching mavenrun-f674aef7-5a4a-4168-9248-68f957140675] INFO  o.eclipse.m2e.core.internal.Bundles - getClasspathEntries(Bundle=com.google.guava_33.4.8.jre [18])
2025-07-30 21:52:08,039 [Worker-13: Launching mavenrun-f674aef7-5a4a-4168-9248-68f957140675] INFO  o.eclipse.m2e.core.internal.Bundles - 	Entry: /Applications/Eclipse.app/Contents/Eclipse/plugins/com.google.guava_33.4.8.jre.jar
2025-07-30 21:52:08,039 [Worker-13: Launching mavenrun-f674aef7-5a4a-4168-9248-68f957140675] INFO  o.eclipse.m2e.core.internal.Bundles - getClasspathEntries(Bundle=slf4j.api_2.0.17 [1004])
2025-07-30 21:52:08,039 [Worker-13: Launching mavenrun-f674aef7-5a4a-4168-9248-68f957140675] INFO  o.eclipse.m2e.core.internal.Bundles - 	Entry: /Applications/Eclipse.app/Contents/Eclipse/plugins/slf4j.api_2.0.17.jar
2025-07-30 21:52:08,039 [Worker-13: Launching mavenrun-f674aef7-5a4a-4168-9248-68f957140675] INFO  o.eclipse.m2e.core.internal.Bundles - getClasspathEntries(Bundle=jakarta.inject.jakarta.inject-api_1.0.5 [35])
2025-07-30 21:52:08,039 [Worker-13: Launching mavenrun-f674aef7-5a4a-4168-9248-68f957140675] INFO  o.eclipse.m2e.core.internal.Bundles - 	Entry: /Applications/Eclipse.app/Contents/Eclipse/plugins/jakarta.inject.jakarta.inject-api_1.0.5.jar
2025-07-30 21:52:08,039 [Worker-13: Launching mavenrun-f674aef7-5a4a-4168-9248-68f957140675] INFO  o.eclipse.m2e.core.internal.Bundles - getClasspathEntries(Bundle=javax.annotation_1.3.5.v20200909-1856 [45])
2025-07-30 21:52:08,039 [Worker-13: Launching mavenrun-f674aef7-5a4a-4168-9248-68f957140675] INFO  o.eclipse.m2e.core.internal.Bundles - 	Entry: /Applications/Eclipse.app/Contents/Eclipse/plugins/javax.annotation_1.3.5.v20200909-1856.jar
2025-07-30 21:52:08,039 [Worker-13: Launching mavenrun-f674aef7-5a4a-4168-9248-68f957140675] INFO  o.eclipse.m2e.core.internal.Bundles - getClasspathEntries(Bundle=org.apache.commons.cli_1.9.0 [76])
2025-07-30 21:52:08,039 [Worker-13: Launching mavenrun-f674aef7-5a4a-4168-9248-68f957140675] INFO  o.eclipse.m2e.core.internal.Bundles - 	Entry: /Applications/Eclipse.app/Contents/Eclipse/plugins/org.apache.commons.cli_1.9.0.jar
2025-07-30 21:52:08,039 [Worker-13: Launching mavenrun-f674aef7-5a4a-4168-9248-68f957140675] INFO  o.eclipse.m2e.core.internal.Bundles - getClasspathEntries(Bundle=org.apache.commons.commons-codec_1.16.0 [78])
2025-07-30 21:52:08,039 [Worker-13: Launching mavenrun-f674aef7-5a4a-4168-9248-68f957140675] INFO  o.eclipse.m2e.core.internal.Bundles - 	Entry: /Applications/Eclipse.app/Contents/Eclipse/plugins/org.apache.commons.commons-codec_1.16.0.jar
2025-07-30 21:52:08,039 [Worker-13: Launching mavenrun-f674aef7-5a4a-4168-9248-68f957140675] INFO  o.eclipse.m2e.core.internal.Bundles - getClasspathEntries(Bundle=com.google.guava.failureaccess_1.0.3 [19])
2025-07-30 21:52:08,040 [Worker-13: Launching mavenrun-f674aef7-5a4a-4168-9248-68f957140675] INFO  o.eclipse.m2e.core.internal.Bundles - 	Entry: /Applications/Eclipse.app/Contents/Eclipse/plugins/com.google.guava.failureaccess_1.0.3.jar
2025-07-30 21:52:08,042 [Worker-13: Launching mavenrun-f674aef7-5a4a-4168-9248-68f957140675] INFO  o.e.m.i.launch.MavenLaunchDelegate - Run build in "/var/folders/fp/8ynhcppj1kl1z6lxw1wjs74r0000gn/T/m2e-archetypeGenerator2596280394850672623":
2025-07-30 21:52:08,045 [Worker-13: Launching mavenrun-f674aef7-5a4a-4168-9248-68f957140675] INFO  o.e.m.i.launch.MavenLaunchDelegate -  mvn  -DarchetypeGroupId=org.apache.maven.archetypes -DarchetypeArtifactId=maven-archetype-quickstart -DarchetypeVersion=1.1 -DgroupId=in.cfn -DartifactId=HibernateCrudOperations -Dversion=1.0 -Dpackage=in.cfn.main -DoutputDirectory=/Users/karansingh/Desktop/Study_Material/SmrtPrm_SpringLearning -Dstyle.color=always -U archetype:generate
2025-07-30 21:52:10,038 [Worker-13: Loading available Gradle versions] INFO  o.e.b.c.i.u.g.PublishedGradleVersions - Gradle version information cache is out-of-date. Trying to update.
2025-07-30 21:52:17,163 [Worker-34: Creating maven-archetype-quickstart] INFO  o.e.m.c.i.p.ProjectConfigurationManager - Collecting project info '/pom.xml' /Users/karansingh/Desktop/Study_Material/SmrtPrm_SpringLearning/HibernateCrudOperations/pom.xml
2025-07-30 21:52:17,349 [Worker-34: Creating maven-archetype-quickstart] INFO  o.e.m.c.i.l.LifecycleMappingFactory - Using org.eclipse.m2e.jdt.JarLifecycleMapping lifecycle mapping for MavenProject: in.cfn:HibernateCrudOperations:1.0 @ /Users/karansingh/Desktop/Study_Material/SmrtPrm_SpringLearning/HibernateCrudOperations/pom.xml.
2025-07-30 21:52:17,561 [Worker-34: Creating maven-archetype-quickstart] INFO  o.e.m.j.i.AbstractJavaProjectConfigurator - Adding source folder /HibernateCrudOperations/src/main/java
2025-07-30 21:52:17,562 [Worker-34: Creating maven-archetype-quickstart] INFO  o.e.m.j.i.AbstractJavaProjectConfigurator - Adding resource folder /HibernateCrudOperations/src/main/resources
2025-07-30 21:52:17,563 [Worker-34: Creating maven-archetype-quickstart] INFO  o.e.m.j.i.AbstractJavaProjectConfigurator - Adding source folder /HibernateCrudOperations/src/test/java
2025-07-30 21:52:17,563 [Worker-34: Creating maven-archetype-quickstart] INFO  o.e.m.j.i.AbstractJavaProjectConfigurator - Adding resource folder /HibernateCrudOperations/src/test/resources
2025-07-30 21:52:17,590 [Worker-34: Creating maven-archetype-quickstart] INFO  o.e.m.c.i.p.ProjectConfigurationManager - Imported and configured 1 project(s) in 0 sec
2025-07-30 21:52:17,920 [Worker-37: Building] INFO  o.a.m.s.f.DefaultMavenResourcesFiltering - skip non existing resourceDirectory /Users/karansingh/Desktop/Study_Material/SmrtPrm_SpringLearning/HibernateCrudOperations/src/main/resources
2025-07-30 21:52:17,922 [Worker-37: Building] INFO  o.a.m.s.f.DefaultMavenResourcesFiltering - skip non existing resourceDirectory /Users/karansingh/Desktop/Study_Material/SmrtPrm_SpringLearning/HibernateCrudOperations/src/test/resources
2025-07-30 21:53:43,082 [Worker-35: Building] INFO  o.a.m.s.f.DefaultMavenResourcesFiltering - skip non existing resourceDirectory /Users/karansingh/Desktop/Study_Material/SmrtPrm_SpringLearning/HibernateCrudOperations/src/main/resources
2025-07-30 21:53:43,084 [Worker-35: Building] INFO  o.a.m.s.f.DefaultMavenResourcesFiltering - skip non existing resourceDirectory /Users/karansingh/Desktop/Study_Material/SmrtPrm_SpringLearning/HibernateCrudOperations/src/test/resources
2025-07-30 21:54:10,539 [Worker-36: Building] INFO  o.a.m.s.f.DefaultMavenResourcesFiltering - skip non existing resourceDirectory /Users/karansingh/Desktop/Study_Material/SmrtPrm_SpringLearning/HibernateCrudOperations/src/main/resources
2025-07-30 21:54:10,540 [Worker-36: Building] INFO  o.a.m.s.f.DefaultMavenResourcesFiltering - skip non existing resourceDirectory /Users/karansingh/Desktop/Study_Material/SmrtPrm_SpringLearning/HibernateCrudOperations/src/test/resources
2025-07-30 21:55:31,668 [Worker-38: Building] INFO  o.a.m.s.f.DefaultMavenResourcesFiltering - skip non existing resourceDirectory /Users/karansingh/Desktop/Study_Material/SmrtPrm_SpringLearning/HibernateCrudOperations/src/main/resources
2025-07-30 21:55:31,669 [Worker-38: Building] INFO  o.a.m.s.f.DefaultMavenResourcesFiltering - skip non existing resourceDirectory /Users/karansingh/Desktop/Study_Material/SmrtPrm_SpringLearning/HibernateCrudOperations/src/test/resources
2025-07-30 22:00:18,829 [Worker-13: Building] INFO  o.a.m.s.f.DefaultMavenResourcesFiltering - skip non existing resourceDirectory /Users/karansingh/Desktop/Study_Material/SmrtPrm_SpringLearning/HibernateCrudOperations/src/main/resources
2025-07-30 22:00:18,832 [Worker-13: Building] INFO  o.a.m.s.f.DefaultMavenResourcesFiltering - skip non existing resourceDirectory /Users/karansingh/Desktop/Study_Material/SmrtPrm_SpringLearning/HibernateCrudOperations/src/test/resources
2025-07-30 22:01:14,210 [Worker-32: Building] INFO  o.a.m.s.f.DefaultMavenResourcesFiltering - skip non existing resourceDirectory /Users/karansingh/Desktop/Study_Material/SmrtPrm_SpringLearning/HibernateCrudOperations/src/main/resources
2025-07-30 22:01:14,211 [Worker-32: Building] INFO  o.a.m.s.f.DefaultMavenResourcesFiltering - skip non existing resourceDirectory /Users/karansingh/Desktop/Study_Material/SmrtPrm_SpringLearning/HibernateCrudOperations/src/test/resources
2025-07-30 22:01:16,921 [Worker-41: Building] INFO  o.a.m.s.f.DefaultMavenResourcesFiltering - skip non existing resourceDirectory /Users/karansingh/Desktop/Study_Material/SmrtPrm_SpringLearning/HibernateCrudOperations/src/main/resources
2025-07-30 22:01:16,921 [Worker-41: Building] INFO  o.a.m.s.f.DefaultMavenResourcesFiltering - skip non existing resourceDirectory /Users/karansingh/Desktop/Study_Material/SmrtPrm_SpringLearning/HibernateCrudOperations/src/test/resources
2025-07-30 22:02:21,710 [Worker-40: Building] INFO  o.a.m.s.f.DefaultMavenResourcesFiltering - skip non existing resourceDirectory /Users/karansingh/Desktop/Study_Material/SmrtPrm_SpringLearning/HibernateCrudOperations/src/main/resources
2025-07-30 22:02:21,711 [Worker-40: Building] INFO  o.a.m.s.f.DefaultMavenResourcesFiltering - skip non existing resourceDirectory /Users/karansingh/Desktop/Study_Material/SmrtPrm_SpringLearning/HibernateCrudOperations/src/test/resources
2025-07-30 22:06:31,432 [Worker-45: Building] INFO  o.e.m.c.i.l.LifecycleMappingFactory - Using org.eclipse.m2e.jdt.JarLifecycleMapping lifecycle mapping for MavenProject: in.cfn:HibernateCrudOperations:1.0 @ /Users/karansingh/Desktop/Study_Material/SmrtPrm_SpringLearning/HibernateCrudOperations/pom.xml.
2025-07-30 22:06:31,546 [Worker-45: Building] INFO  o.e.m.c.i.e.AbstractTransferListenerAdapter - Downloading https://repo.maven.apache.org/maven2/org/hibernate/orm/hibernate-core/6.5.2.Final/hibernate-core-6.5.2.Final.pom
2025-07-30 22:06:31,547 [Worker-45: Building] INFO  o.e.m.c.i.e.AbstractTransferListenerAdapter - Downloaded https://repo.maven.apache.org/maven2/org/hibernate/orm/hibernate-core/6.5.2.Final/hibernate-core-6.5.2.Final.pom
2025-07-30 22:06:31,574 [Worker-45: Building] INFO  o.e.m.c.i.e.AbstractTransferListenerAdapter - Downloading https://repo.maven.apache.org/maven2/org/hibernate/common/hibernate-commons-annotations/6.0.6.Final/hibernate-commons-annotations-6.0.6.Final.pom
2025-07-30 22:06:31,575 [Worker-45: Building] INFO  o.e.m.c.i.e.AbstractTransferListenerAdapter - Downloaded https://repo.maven.apache.org/maven2/org/hibernate/common/hibernate-commons-annotations/6.0.6.Final/hibernate-commons-annotations-6.0.6.Final.pom
2025-07-30 22:06:31,596 [Worker-45: Building] INFO  o.e.m.c.i.e.AbstractTransferListenerAdapter - Downloading https://repo.maven.apache.org/maven2/io/smallrye/jandex/3.1.2/jandex-3.1.2.pom
2025-07-30 22:06:31,597 [Worker-45: Building] INFO  o.e.m.c.i.e.AbstractTransferListenerAdapter - Downloaded https://repo.maven.apache.org/maven2/io/smallrye/jandex/3.1.2/jandex-3.1.2.pom
2025-07-30 22:06:31,618 [Worker-45: Building] INFO  o.e.m.c.i.e.AbstractTransferListenerAdapter - Downloading https://repo.maven.apache.org/maven2/io/smallrye/jandex-parent/3.1.2/jandex-parent-3.1.2.pom
2025-07-30 22:06:31,619 [Worker-45: Building] INFO  o.e.m.c.i.e.AbstractTransferListenerAdapter - Downloaded https://repo.maven.apache.org/maven2/io/smallrye/jandex-parent/3.1.2/jandex-parent-3.1.2.pom
2025-07-30 22:06:31,642 [Worker-45: Building] INFO  o.e.m.c.i.e.AbstractTransferListenerAdapter - Downloading https://repo.maven.apache.org/maven2/io/smallrye/smallrye-build-parent/39/smallrye-build-parent-39.pom
2025-07-30 22:06:31,647 [Worker-45: Building] INFO  o.e.m.c.i.e.AbstractTransferListenerAdapter - Downloaded https://repo.maven.apache.org/maven2/io/smallrye/smallrye-build-parent/39/smallrye-build-parent-39.pom
2025-07-30 22:06:31,668 [Worker-45: Building] INFO  o.e.m.c.i.e.AbstractTransferListenerAdapter - Downloading https://repo.maven.apache.org/maven2/net/bytebuddy/byte-buddy/1.14.15/byte-buddy-1.14.15.pom
2025-07-30 22:06:31,669 [Worker-45: Building] INFO  o.e.m.c.i.e.AbstractTransferListenerAdapter - Downloaded https://repo.maven.apache.org/maven2/net/bytebuddy/byte-buddy/1.14.15/byte-buddy-1.14.15.pom
2025-07-30 22:06:31,693 [Worker-45: Building] INFO  o.e.m.c.i.e.AbstractTransferListenerAdapter - Downloading https://repo.maven.apache.org/maven2/net/bytebuddy/byte-buddy-parent/1.14.15/byte-buddy-parent-1.14.15.pom
2025-07-30 22:06:31,700 [Worker-45: Building] INFO  o.e.m.c.i.e.AbstractTransferListenerAdapter - Downloaded https://repo.maven.apache.org/maven2/net/bytebuddy/byte-buddy-parent/1.14.15/byte-buddy-parent-1.14.15.pom
2025-07-30 22:06:31,761 [Worker-45: Building] INFO  o.e.m.c.i.e.AbstractTransferListenerAdapter - Downloading https://repo.maven.apache.org/maven2/org/hibernate/orm/hibernate-core/6.5.2.Final/hibernate-core-6.5.2.Final.jar
2025-07-30 22:06:32,729 [Worker-45: Building] INFO  o.e.m.c.i.e.AbstractTransferListenerAdapter - Downloaded https://repo.maven.apache.org/maven2/org/hibernate/orm/hibernate-core/6.5.2.Final/hibernate-core-6.5.2.Final.jar
2025-07-30 22:06:32,782 [BasicRepositoryConnector-repo.maven.apache.org-0-1] INFO  o.e.m.c.i.e.AbstractTransferListenerAdapter - Downloading https://repo.maven.apache.org/maven2/io/smallrye/jandex/3.1.2/jandex-3.1.2.jar
2025-07-30 22:06:32,802 [BasicRepositoryConnector-repo.maven.apache.org-0-1] INFO  o.e.m.c.i.e.AbstractTransferListenerAdapter - Downloaded https://repo.maven.apache.org/maven2/io/smallrye/jandex/3.1.2/jandex-3.1.2.jar
2025-07-30 22:06:32,874 [BasicRepositoryConnector-repo.maven.apache.org-0-0] INFO  o.e.m.c.i.e.AbstractTransferListenerAdapter - Downloading https://repo.maven.apache.org/maven2/org/hibernate/common/hibernate-commons-annotations/6.0.6.Final/hibernate-commons-annotations-6.0.6.Final.jar
2025-07-30 22:06:32,903 [BasicRepositoryConnector-repo.maven.apache.org-0-0] INFO  o.e.m.c.i.e.AbstractTransferListenerAdapter - Downloaded https://repo.maven.apache.org/maven2/org/hibernate/common/hibernate-commons-annotations/6.0.6.Final/hibernate-commons-annotations-6.0.6.Final.jar
2025-07-30 22:06:32,907 [BasicRepositoryConnector-repo.maven.apache.org-0-2] INFO  o.e.m.c.i.e.AbstractTransferListenerAdapter - Downloading https://repo.maven.apache.org/maven2/net/bytebuddy/byte-buddy/1.14.15/byte-buddy-1.14.15.jar
2025-07-30 22:06:33,632 [BasicRepositoryConnector-repo.maven.apache.org-0-2] INFO  o.e.m.c.i.e.AbstractTransferListenerAdapter - Downloaded https://repo.maven.apache.org/maven2/net/bytebuddy/byte-buddy/1.14.15/byte-buddy-1.14.15.jar
2025-07-30 22:06:33,701 [Worker-45: Building] INFO  o.a.m.s.f.DefaultMavenResourcesFiltering - skip non existing resourceDirectory /Users/karansingh/Desktop/Study_Material/SmrtPrm_SpringLearning/HibernateCrudOperations/src/main/resources
2025-07-30 22:06:33,702 [Worker-45: Building] INFO  o.a.m.s.f.DefaultMavenResourcesFiltering - skip non existing resourceDirectory /Users/karansingh/Desktop/Study_Material/SmrtPrm_SpringLearning/HibernateCrudOperations/src/test/resources
2025-07-30 22:06:34,075 [Worker-44: Building] INFO  o.a.m.s.f.DefaultMavenResourcesFiltering - skip non existing resourceDirectory /Users/karansingh/Desktop/Study_Material/SmrtPrm_SpringLearning/HibernateCrudOperations/src/main/resources
2025-07-30 22:06:34,076 [Worker-44: Building] INFO  o.a.m.s.f.DefaultMavenResourcesFiltering - skip non existing resourceDirectory /Users/karansingh/Desktop/Study_Material/SmrtPrm_SpringLearning/HibernateCrudOperations/src/test/resources
2025-07-30 22:06:34,709 [Worker-41: Download sources and javadoc] INFO  o.e.m.c.i.e.AbstractTransferListenerAdapter - Downloading https://repo.maven.apache.org/maven2/org/hibernate/orm/hibernate-core/6.5.2.Final/hibernate-core-6.5.2.Final-sources.jar
2025-07-30 22:06:35,279 [Worker-41: Download sources and javadoc] INFO  o.e.m.c.i.e.AbstractTransferListenerAdapter - Downloaded https://repo.maven.apache.org/maven2/org/hibernate/orm/hibernate-core/6.5.2.Final/hibernate-core-6.5.2.Final-sources.jar
2025-07-30 22:06:35,280 [Worker-41: Download sources and javadoc] INFO  o.e.m.j.internal.DownloadSourcesJob - Downloaded sources for org.hibernate.orm:hibernate-core:6.5.2.Final
2025-07-30 22:06:35,324 [Worker-41: Download sources and javadoc] INFO  o.e.m.c.i.e.AbstractTransferListenerAdapter - Downloading https://repo.maven.apache.org/maven2/org/hibernate/common/hibernate-commons-annotations/6.0.6.Final/hibernate-commons-annotations-6.0.6.Final-sources.jar
2025-07-30 22:06:35,335 [Worker-41: Download sources and javadoc] INFO  o.e.m.c.i.e.AbstractTransferListenerAdapter - Downloaded https://repo.maven.apache.org/maven2/org/hibernate/common/hibernate-commons-annotations/6.0.6.Final/hibernate-commons-annotations-6.0.6.Final-sources.jar
2025-07-30 22:06:35,336 [Worker-41: Download sources and javadoc] INFO  o.e.m.j.internal.DownloadSourcesJob - Downloaded sources for org.hibernate.common:hibernate-commons-annotations:6.0.6.Final
2025-07-30 22:06:35,378 [Worker-41: Download sources and javadoc] INFO  o.e.m.c.i.e.AbstractTransferListenerAdapter - Downloading https://repo.maven.apache.org/maven2/io/smallrye/jandex/3.1.2/jandex-3.1.2-sources.jar
2025-07-30 22:06:35,425 [Worker-41: Download sources and javadoc] INFO  o.e.m.c.i.e.AbstractTransferListenerAdapter - Downloaded https://repo.maven.apache.org/maven2/io/smallrye/jandex/3.1.2/jandex-3.1.2-sources.jar
2025-07-30 22:06:35,426 [Worker-41: Download sources and javadoc] INFO  o.e.m.j.internal.DownloadSourcesJob - Downloaded sources for io.smallrye:jandex:3.1.2
2025-07-30 22:06:35,484 [Worker-41: Download sources and javadoc] INFO  o.e.m.c.i.e.AbstractTransferListenerAdapter - Downloading https://repo.maven.apache.org/maven2/net/bytebuddy/byte-buddy/1.14.15/byte-buddy-1.14.15-sources.jar
2025-07-30 22:06:35,596 [Worker-41: Download sources and javadoc] INFO  o.e.m.c.i.e.AbstractTransferListenerAdapter - Downloaded https://repo.maven.apache.org/maven2/net/bytebuddy/byte-buddy/1.14.15/byte-buddy-1.14.15-sources.jar
2025-07-30 22:06:35,596 [Worker-41: Download sources and javadoc] INFO  o.e.m.j.internal.DownloadSourcesJob - Downloaded sources for net.bytebuddy:byte-buddy:1.14.15
2025-07-30 22:06:43,742 [Worker-41: Building] INFO  o.e.m.c.i.l.LifecycleMappingFactory - Using org.eclipse.m2e.jdt.JarLifecycleMapping lifecycle mapping for MavenProject: in.cfn:HibernateCrudOperations:1.0 @ /Users/karansingh/Desktop/Study_Material/SmrtPrm_SpringLearning/HibernateCrudOperations/pom.xml.
2025-07-30 22:06:43,821 [Worker-41: Building] INFO  o.a.m.s.f.DefaultMavenResourcesFiltering - skip non existing resourceDirectory /Users/karansingh/Desktop/Study_Material/SmrtPrm_SpringLearning/HibernateCrudOperations/src/main/resources
2025-07-30 22:06:43,822 [Worker-41: Building] INFO  o.a.m.s.f.DefaultMavenResourcesFiltering - skip non existing resourceDirectory /Users/karansingh/Desktop/Study_Material/SmrtPrm_SpringLearning/HibernateCrudOperations/src/test/resources
2025-07-30 22:07:36,337 [Worker-41: Building] INFO  o.e.m.c.i.l.LifecycleMappingFactory - Using org.eclipse.m2e.jdt.JarLifecycleMapping lifecycle mapping for MavenProject: in.cfn:HibernateCrudOperations:1.0 @ /Users/karansingh/Desktop/Study_Material/SmrtPrm_SpringLearning/HibernateCrudOperations/pom.xml.
2025-07-30 22:07:36,418 [Worker-41: Building] INFO  o.a.m.s.f.DefaultMavenResourcesFiltering - skip non existing resourceDirectory /Users/karansingh/Desktop/Study_Material/SmrtPrm_SpringLearning/HibernateCrudOperations/src/main/resources
2025-07-30 22:07:36,419 [Worker-41: Building] INFO  o.a.m.s.f.DefaultMavenResourcesFiltering - skip non existing resourceDirectory /Users/karansingh/Desktop/Study_Material/SmrtPrm_SpringLearning/HibernateCrudOperations/src/test/resources
2025-07-30 22:07:40,246 [Worker-45: Building] INFO  o.e.m.c.i.l.LifecycleMappingFactory - Using org.eclipse.m2e.jdt.JarLifecycleMapping lifecycle mapping for MavenProject: in.cfn:HibernateCrudOperations:1.0 @ /Users/karansingh/Desktop/Study_Material/SmrtPrm_SpringLearning/HibernateCrudOperations/pom.xml.
2025-07-30 22:07:40,309 [Worker-45: Building] INFO  o.a.m.s.f.DefaultMavenResourcesFiltering - skip non existing resourceDirectory /Users/karansingh/Desktop/Study_Material/SmrtPrm_SpringLearning/HibernateCrudOperations/src/main/resources
2025-07-30 22:07:40,310 [Worker-45: Building] INFO  o.a.m.s.f.DefaultMavenResourcesFiltering - skip non existing resourceDirectory /Users/karansingh/Desktop/Study_Material/SmrtPrm_SpringLearning/HibernateCrudOperations/src/test/resources
2025-07-30 22:07:44,674 [Worker-45: Building] INFO  o.e.m.c.i.l.LifecycleMappingFactory - Using org.eclipse.m2e.jdt.JarLifecycleMapping lifecycle mapping for MavenProject: in.cfn:HibernateCrudOperations:1.0 @ /Users/karansingh/Desktop/Study_Material/SmrtPrm_SpringLearning/HibernateCrudOperations/pom.xml.
2025-07-30 22:07:44,726 [Worker-45: Building] INFO  o.a.m.s.f.DefaultMavenResourcesFiltering - skip non existing resourceDirectory /Users/karansingh/Desktop/Study_Material/SmrtPrm_SpringLearning/HibernateCrudOperations/src/main/resources
2025-07-30 22:07:44,728 [Worker-45: Building] INFO  o.a.m.s.f.DefaultMavenResourcesFiltering - skip non existing resourceDirectory /Users/karansingh/Desktop/Study_Material/SmrtPrm_SpringLearning/HibernateCrudOperations/src/test/resources
2025-07-30 22:08:49,259 [Worker-46: Building] INFO  o.e.m.c.i.l.LifecycleMappingFactory - Using org.eclipse.m2e.jdt.JarLifecycleMapping lifecycle mapping for MavenProject: in.cfn:HibernateCrudOperations:1.0 @ /Users/karansingh/Desktop/Study_Material/SmrtPrm_SpringLearning/HibernateCrudOperations/pom.xml.
2025-07-30 22:08:49,347 [Worker-46: Building] INFO  o.a.m.s.f.DefaultMavenResourcesFiltering - skip non existing resourceDirectory /Users/karansingh/Desktop/Study_Material/SmrtPrm_SpringLearning/HibernateCrudOperations/src/main/resources
2025-07-30 22:08:49,349 [Worker-46: Building] INFO  o.a.m.s.f.DefaultMavenResourcesFiltering - skip non existing resourceDirectory /Users/karansingh/Desktop/Study_Material/SmrtPrm_SpringLearning/HibernateCrudOperations/src/test/resources
2025-07-30 22:08:50,493 [Worker-47: Building] INFO  o.a.m.s.f.DefaultMavenResourcesFiltering - skip non existing resourceDirectory /Users/karansingh/Desktop/Study_Material/SmrtPrm_SpringLearning/HibernateCrudOperations/src/main/resources
2025-07-30 22:08:50,494 [Worker-47: Building] INFO  o.a.m.s.f.DefaultMavenResourcesFiltering - skip non existing resourceDirectory /Users/karansingh/Desktop/Study_Material/SmrtPrm_SpringLearning/HibernateCrudOperations/src/test/resources
2025-07-30 22:08:52,635 [Worker-48: Building] INFO  o.e.m.c.i.l.LifecycleMappingFactory - Using org.eclipse.m2e.jdt.JarLifecycleMapping lifecycle mapping for MavenProject: in.cfn:HibernateCrudOperations:1.0 @ /Users/karansingh/Desktop/Study_Material/SmrtPrm_SpringLearning/HibernateCrudOperations/pom.xml.
2025-07-30 22:08:52,681 [Worker-48: Building] INFO  o.a.m.s.f.DefaultMavenResourcesFiltering - skip non existing resourceDirectory /Users/karansingh/Desktop/Study_Material/SmrtPrm_SpringLearning/HibernateCrudOperations/src/main/resources
2025-07-30 22:08:52,683 [Worker-48: Building] INFO  o.a.m.s.f.DefaultMavenResourcesFiltering - skip non existing resourceDirectory /Users/karansingh/Desktop/Study_Material/SmrtPrm_SpringLearning/HibernateCrudOperations/src/test/resources
2025-07-30 22:30:19,698 [Worker-50: Building] INFO  o.a.m.s.f.DefaultMavenResourcesFiltering - skip non existing resourceDirectory /Users/karansingh/Desktop/Study_Material/SmrtPrm_SpringLearning/HibernateCrudOperations/src/main/resources
2025-07-30 22:30:19,700 [Worker-50: Building] INFO  o.a.m.s.f.DefaultMavenResourcesFiltering - skip non existing resourceDirectory /Users/karansingh/Desktop/Study_Material/SmrtPrm_SpringLearning/HibernateCrudOperations/src/test/resources
2025-07-30 22:30:35,266 [Worker-52: Building] INFO  o.a.m.s.f.DefaultMavenResourcesFiltering - skip non existing resourceDirectory /Users/karansingh/Desktop/Study_Material/SmrtPrm_SpringLearning/HibernateCrudOperations/src/main/resources
2025-07-30 22:30:35,267 [Worker-52: Building] INFO  o.a.m.s.f.DefaultMavenResourcesFiltering - skip non existing resourceDirectory /Users/karansingh/Desktop/Study_Material/SmrtPrm_SpringLearning/HibernateCrudOperations/src/test/resources
2025-07-30 22:30:37,163 [Worker-46: Building] INFO  o.a.m.s.f.DefaultMavenResourcesFiltering - skip non existing resourceDirectory /Users/karansingh/Desktop/Study_Material/SmrtPrm_SpringLearning/HibernateCrudOperations/src/main/resources
2025-07-30 22:30:37,164 [Worker-46: Building] INFO  o.a.m.s.f.DefaultMavenResourcesFiltering - skip non existing resourceDirectory /Users/karansingh/Desktop/Study_Material/SmrtPrm_SpringLearning/HibernateCrudOperations/src/test/resources
2025-07-30 22:30:55,191 [Worker-52: Updating Maven Project] INFO  o.e.m.c.i.p.ProjectConfigurationManager - Update started
2025-07-30 22:30:55,267 [Worker-52: Updating Maven Project] INFO  o.e.m.c.i.l.LifecycleMappingFactory - Using org.eclipse.m2e.jdt.JarLifecycleMapping lifecycle mapping for MavenProject: in.cfn:HibernateCrudOperations:1.0 @ /Users/karansingh/Desktop/Study_Material/SmrtPrm_SpringLearning/HibernateCrudOperations/pom.xml.
2025-07-30 22:30:55,338 [Worker-52: Updating Maven Project] INFO  o.e.m.j.i.AbstractJavaProjectConfigurator - Adding source folder /HibernateCrudOperations/src/main/java
2025-07-30 22:30:55,338 [Worker-52: Updating Maven Project] INFO  o.e.m.j.i.AbstractJavaProjectConfigurator - Adding resource folder /HibernateCrudOperations/src/main/resources
2025-07-30 22:30:55,338 [Worker-52: Updating Maven Project] INFO  o.e.m.j.i.AbstractJavaProjectConfigurator - Adding source folder /HibernateCrudOperations/src/test/java
2025-07-30 22:30:55,338 [Worker-52: Updating Maven Project] INFO  o.e.m.j.i.AbstractJavaProjectConfigurator - Adding resource folder /HibernateCrudOperations/src/test/resources
2025-07-30 22:30:55,362 [Worker-52: Updating Maven Project] INFO  o.e.m.c.i.p.ProjectConfigurationManager - Update completed for 1 poms: local refresh takes 0.00 sec, refresh facades takes 0.00 sec, update config takes 0.00 sec 
2025-07-30 22:30:55,494 [Worker-46: Building] INFO  o.a.m.s.f.DefaultMavenResourcesFiltering - skip non existing resourceDirectory /Users/karansingh/Desktop/Study_Material/SmrtPrm_SpringLearning/HibernateCrudOperations/src/main/resources
2025-07-30 22:30:55,495 [Worker-46: Building] INFO  o.a.m.s.f.DefaultMavenResourcesFiltering - skip non existing resourceDirectory /Users/karansingh/Desktop/Study_Material/SmrtPrm_SpringLearning/HibernateCrudOperations/src/test/resources
2025-07-30 22:31:14,099 [Worker-47: Building] INFO  o.a.m.s.f.DefaultMavenResourcesFiltering - skip non existing resourceDirectory /Users/karansingh/Desktop/Study_Material/SmrtPrm_SpringLearning/HibernateCrudOperations/src/main/resources
2025-07-30 22:31:14,099 [Worker-47: Building] INFO  o.a.m.s.f.DefaultMavenResourcesFiltering - skip non existing resourceDirectory /Users/karansingh/Desktop/Study_Material/SmrtPrm_SpringLearning/HibernateCrudOperations/src/test/resources
2025-07-30 22:32:57,825 [Worker-50: Building] INFO  o.e.m.c.i.l.LifecycleMappingFactory - Using org.eclipse.m2e.jdt.JarLifecycleMapping lifecycle mapping for MavenProject: in.cfn:HibernateCrudOperations:1.0 @ /Users/karansingh/Desktop/Study_Material/SmrtPrm_SpringLearning/HibernateCrudOperations/pom.xml.
2025-07-30 22:32:59,338 [Worker-50: Building] INFO  o.e.m.c.i.e.AbstractTransferListenerAdapter - Downloading https://repo.maven.apache.org/maven2/org/hibernate/hibernate-core/5.6.15.Final/hibernate-core-5.6.15.Final.pom
2025-07-30 22:32:59,343 [Worker-50: Building] INFO  o.e.m.c.i.e.AbstractTransferListenerAdapter - Downloaded https://repo.maven.apache.org/maven2/org/hibernate/hibernate-core/5.6.15.Final/hibernate-core-5.6.15.Final.pom
2025-07-30 22:32:59,380 [Worker-50: Building] INFO  o.e.m.c.i.e.AbstractTransferListenerAdapter - Downloading https://repo.maven.apache.org/maven2/org/jboss/logging/jboss-logging/3.4.3.Final/jboss-logging-3.4.3.Final.pom
2025-07-30 22:32:59,386 [Worker-50: Building] INFO  o.e.m.c.i.e.AbstractTransferListenerAdapter - Downloaded https://repo.maven.apache.org/maven2/org/jboss/logging/jboss-logging/3.4.3.Final/jboss-logging-3.4.3.Final.pom
2025-07-30 22:32:59,426 [Worker-50: Building] INFO  o.e.m.c.i.e.AbstractTransferListenerAdapter - Downloading https://repo.maven.apache.org/maven2/javax/persistence/javax.persistence-api/2.2/javax.persistence-api-2.2.pom
2025-07-30 22:32:59,436 [Worker-50: Building] INFO  o.e.m.c.i.e.AbstractTransferListenerAdapter - Downloaded https://repo.maven.apache.org/maven2/javax/persistence/javax.persistence-api/2.2/javax.persistence-api-2.2.pom
2025-07-30 22:32:59,474 [Worker-50: Building] INFO  o.e.m.c.i.e.AbstractTransferListenerAdapter - Downloading https://repo.maven.apache.org/maven2/net/java/jvnet-parent/5/jvnet-parent-5.pom
2025-07-30 22:32:59,479 [Worker-50: Building] INFO  o.e.m.c.i.e.AbstractTransferListenerAdapter - Downloaded https://repo.maven.apache.org/maven2/net/java/jvnet-parent/5/jvnet-parent-5.pom
2025-07-30 22:32:59,526 [Worker-50: Building] INFO  o.e.m.c.i.e.AbstractTransferListenerAdapter - Downloading https://repo.maven.apache.org/maven2/net/bytebuddy/byte-buddy/1.12.18/byte-buddy-1.12.18.pom
2025-07-30 22:32:59,532 [Worker-50: Building] INFO  o.e.m.c.i.e.AbstractTransferListenerAdapter - Downloaded https://repo.maven.apache.org/maven2/net/bytebuddy/byte-buddy/1.12.18/byte-buddy-1.12.18.pom
2025-07-30 22:32:59,581 [Worker-50: Building] INFO  o.e.m.c.i.e.AbstractTransferListenerAdapter - Downloading https://repo.maven.apache.org/maven2/net/bytebuddy/byte-buddy-parent/1.12.18/byte-buddy-parent-1.12.18.pom
2025-07-30 22:32:59,639 [Worker-50: Building] INFO  o.e.m.c.i.e.AbstractTransferListenerAdapter - Downloaded https://repo.maven.apache.org/maven2/net/bytebuddy/byte-buddy-parent/1.12.18/byte-buddy-parent-1.12.18.pom
2025-07-30 22:32:59,699 [Worker-50: Building] INFO  o.e.m.c.i.e.AbstractTransferListenerAdapter - Downloading https://repo.maven.apache.org/maven2/antlr/antlr/2.7.7/antlr-2.7.7.pom
2025-07-30 22:32:59,700 [Worker-50: Building] INFO  o.e.m.c.i.e.AbstractTransferListenerAdapter - Downloaded https://repo.maven.apache.org/maven2/antlr/antlr/2.7.7/antlr-2.7.7.pom
2025-07-30 22:32:59,757 [Worker-50: Building] INFO  o.e.m.c.i.e.AbstractTransferListenerAdapter - Downloading https://repo.maven.apache.org/maven2/org/jboss/spec/javax/transaction/jboss-transaction-api_1.2_spec/1.1.1.Final/jboss-transaction-api_1.2_spec-1.1.1.Final.pom
2025-07-30 22:32:59,761 [Worker-50: Building] INFO  o.e.m.c.i.e.AbstractTransferListenerAdapter - Downloaded https://repo.maven.apache.org/maven2/org/jboss/spec/javax/transaction/jboss-transaction-api_1.2_spec/1.1.1.Final/jboss-transaction-api_1.2_spec-1.1.1.Final.pom
2025-07-30 22:32:59,807 [Worker-50: Building] INFO  o.e.m.c.i.e.AbstractTransferListenerAdapter - Downloading https://repo.maven.apache.org/maven2/org/jboss/jboss-parent/25/jboss-parent-25.pom
2025-07-30 22:32:59,828 [Worker-50: Building] INFO  o.e.m.c.i.e.AbstractTransferListenerAdapter - Downloaded https://repo.maven.apache.org/maven2/org/jboss/jboss-parent/25/jboss-parent-25.pom
2025-07-30 22:32:59,877 [Worker-50: Building] INFO  o.e.m.c.i.e.AbstractTransferListenerAdapter - Downloading https://repo.maven.apache.org/maven2/org/jboss/jandex/2.4.2.Final/jandex-2.4.2.Final.pom
2025-07-30 22:32:59,884 [Worker-50: Building] INFO  o.e.m.c.i.e.AbstractTransferListenerAdapter - Downloaded https://repo.maven.apache.org/maven2/org/jboss/jandex/2.4.2.Final/jandex-2.4.2.Final.pom
2025-07-30 22:32:59,934 [Worker-50: Building] INFO  o.e.m.c.i.e.AbstractTransferListenerAdapter - Downloading https://repo.maven.apache.org/maven2/org/jboss/jboss-parent/12/jboss-parent-12.pom
2025-07-30 22:32:59,954 [Worker-50: Building] INFO  o.e.m.c.i.e.AbstractTransferListenerAdapter - Downloaded https://repo.maven.apache.org/maven2/org/jboss/jboss-parent/12/jboss-parent-12.pom
2025-07-30 22:33:00,039 [Worker-50: Building] INFO  o.e.m.c.i.e.AbstractTransferListenerAdapter - Downloading https://repo.maven.apache.org/maven2/javax/activation/javax.activation-api/1.2.0/javax.activation-api-1.2.0.pom
2025-07-30 22:33:00,041 [Worker-50: Building] INFO  o.e.m.c.i.e.AbstractTransferListenerAdapter - Downloaded https://repo.maven.apache.org/maven2/javax/activation/javax.activation-api/1.2.0/javax.activation-api-1.2.0.pom
2025-07-30 22:33:00,138 [Worker-50: Building] INFO  o.e.m.c.i.e.AbstractTransferListenerAdapter - Downloading https://repo.maven.apache.org/maven2/com/sun/activation/all/1.2.0/all-1.2.0.pom
2025-07-30 22:33:00,148 [Worker-50: Building] INFO  o.e.m.c.i.e.AbstractTransferListenerAdapter - Downloaded https://repo.maven.apache.org/maven2/com/sun/activation/all/1.2.0/all-1.2.0.pom
2025-07-30 22:33:00,226 [Worker-50: Building] INFO  o.e.m.c.i.e.AbstractTransferListenerAdapter - Downloading https://repo.maven.apache.org/maven2/net/java/jvnet-parent/1/jvnet-parent-1.pom
2025-07-30 22:33:00,229 [Worker-50: Building] INFO  o.e.m.c.i.e.AbstractTransferListenerAdapter - Downloaded https://repo.maven.apache.org/maven2/net/java/jvnet-parent/1/jvnet-parent-1.pom
2025-07-30 22:33:00,308 [Worker-50: Building] INFO  o.e.m.c.i.e.AbstractTransferListenerAdapter - Downloading https://repo.maven.apache.org/maven2/org/hibernate/common/hibernate-commons-annotations/5.1.2.Final/hibernate-commons-annotations-5.1.2.Final.pom
2025-07-30 22:33:00,313 [Worker-50: Building] INFO  o.e.m.c.i.e.AbstractTransferListenerAdapter - Downloaded https://repo.maven.apache.org/maven2/org/hibernate/common/hibernate-commons-annotations/5.1.2.Final/hibernate-commons-annotations-5.1.2.Final.pom
2025-07-30 22:33:00,386 [Worker-50: Building] INFO  o.e.m.c.i.e.AbstractTransferListenerAdapter - Downloading https://repo.maven.apache.org/maven2/org/jboss/logging/jboss-logging/3.3.2.Final/jboss-logging-3.3.2.Final.pom
2025-07-30 22:33:00,393 [Worker-50: Building] INFO  o.e.m.c.i.e.AbstractTransferListenerAdapter - Downloaded https://repo.maven.apache.org/maven2/org/jboss/logging/jboss-logging/3.3.2.Final/jboss-logging-3.3.2.Final.pom
2025-07-30 22:33:00,480 [Worker-50: Building] INFO  o.e.m.c.i.e.AbstractTransferListenerAdapter - Downloading https://repo.maven.apache.org/maven2/org/jboss/jboss-parent/15/jboss-parent-15.pom
2025-07-30 22:33:00,505 [Worker-50: Building] INFO  o.e.m.c.i.e.AbstractTransferListenerAdapter - Downloaded https://repo.maven.apache.org/maven2/org/jboss/jboss-parent/15/jboss-parent-15.pom
2025-07-30 22:33:00,591 [Worker-50: Building] INFO  o.e.m.c.i.e.AbstractTransferListenerAdapter - Downloading https://repo.maven.apache.org/maven2/javax/xml/bind/jaxb-api/2.3.1/jaxb-api-2.3.1.pom
2025-07-30 22:33:00,604 [Worker-50: Building] INFO  o.e.m.c.i.e.AbstractTransferListenerAdapter - Downloaded https://repo.maven.apache.org/maven2/javax/xml/bind/jaxb-api/2.3.1/jaxb-api-2.3.1.pom
2025-07-30 22:33:00,658 [Worker-50: Building] INFO  o.e.m.c.i.e.AbstractTransferListenerAdapter - Downloading https://repo.maven.apache.org/maven2/javax/xml/bind/jaxb-api-parent/2.3.1/jaxb-api-parent-2.3.1.pom
2025-07-30 22:33:00,665 [Worker-50: Building] INFO  o.e.m.c.i.e.AbstractTransferListenerAdapter - Downloaded https://repo.maven.apache.org/maven2/javax/xml/bind/jaxb-api-parent/2.3.1/jaxb-api-parent-2.3.1.pom
2025-07-30 22:33:00,741 [Worker-50: Building] INFO  o.e.m.c.i.e.AbstractTransferListenerAdapter - Downloading https://repo.maven.apache.org/maven2/org/glassfish/jaxb/jaxb-runtime/2.3.1/jaxb-runtime-2.3.1.pom
2025-07-30 22:33:00,744 [Worker-50: Building] INFO  o.e.m.c.i.e.AbstractTransferListenerAdapter - Downloaded https://repo.maven.apache.org/maven2/org/glassfish/jaxb/jaxb-runtime/2.3.1/jaxb-runtime-2.3.1.pom
2025-07-30 22:33:01,025 [Worker-50: Building] INFO  o.e.m.c.i.e.AbstractTransferListenerAdapter - Downloading https://repo.maven.apache.org/maven2/com/sun/xml/bind/mvn/jaxb-runtime-parent/2.3.1/jaxb-runtime-parent-2.3.1.pom
2025-07-30 22:33:01,026 [Worker-50: Building] INFO  o.e.m.c.i.e.AbstractTransferListenerAdapter - Downloaded https://repo.maven.apache.org/maven2/com/sun/xml/bind/mvn/jaxb-runtime-parent/2.3.1/jaxb-runtime-parent-2.3.1.pom
2025-07-30 22:33:01,083 [Worker-50: Building] INFO  o.e.m.c.i.e.AbstractTransferListenerAdapter - Downloading https://repo.maven.apache.org/maven2/com/sun/xml/bind/mvn/jaxb-parent/2.3.1/jaxb-parent-2.3.1.pom
2025-07-30 22:33:01,109 [Worker-50: Building] INFO  o.e.m.c.i.e.AbstractTransferListenerAdapter - Downloaded https://repo.maven.apache.org/maven2/com/sun/xml/bind/mvn/jaxb-parent/2.3.1/jaxb-parent-2.3.1.pom
2025-07-30 22:33:01,160 [Worker-50: Building] INFO  o.e.m.c.i.e.AbstractTransferListenerAdapter - Downloading https://repo.maven.apache.org/maven2/com/sun/xml/bind/jaxb-bom-ext/2.3.1/jaxb-bom-ext-2.3.1.pom
2025-07-30 22:33:01,164 [Worker-50: Building] INFO  o.e.m.c.i.e.AbstractTransferListenerAdapter - Downloaded https://repo.maven.apache.org/maven2/com/sun/xml/bind/jaxb-bom-ext/2.3.1/jaxb-bom-ext-2.3.1.pom
2025-07-30 22:33:01,212 [Worker-50: Building] INFO  o.e.m.c.i.e.AbstractTransferListenerAdapter - Downloading https://repo.maven.apache.org/maven2/org/glassfish/jaxb/jaxb-bom/2.3.1/jaxb-bom-2.3.1.pom
2025-07-30 22:33:01,219 [Worker-50: Building] INFO  o.e.m.c.i.e.AbstractTransferListenerAdapter - Downloaded https://repo.maven.apache.org/maven2/org/glassfish/jaxb/jaxb-bom/2.3.1/jaxb-bom-2.3.1.pom
2025-07-30 22:33:01,260 [Worker-50: Building] INFO  o.e.m.c.i.e.AbstractTransferListenerAdapter - Downloading https://repo.maven.apache.org/maven2/org/glassfish/jaxb/txw2/2.3.1/txw2-2.3.1.pom
2025-07-30 22:33:01,263 [Worker-50: Building] INFO  o.e.m.c.i.e.AbstractTransferListenerAdapter - Downloaded https://repo.maven.apache.org/maven2/org/glassfish/jaxb/txw2/2.3.1/txw2-2.3.1.pom
2025-07-30 22:33:01,305 [Worker-50: Building] INFO  o.e.m.c.i.e.AbstractTransferListenerAdapter - Downloading https://repo.maven.apache.org/maven2/com/sun/xml/bind/mvn/jaxb-txw-parent/2.3.1/jaxb-txw-parent-2.3.1.pom
2025-07-30 22:33:01,309 [Worker-50: Building] INFO  o.e.m.c.i.e.AbstractTransferListenerAdapter - Downloaded https://repo.maven.apache.org/maven2/com/sun/xml/bind/mvn/jaxb-txw-parent/2.3.1/jaxb-txw-parent-2.3.1.pom
2025-07-30 22:33:01,371 [Worker-50: Building] INFO  o.e.m.c.i.e.AbstractTransferListenerAdapter - Downloading https://repo.maven.apache.org/maven2/com/sun/istack/istack-commons-runtime/3.0.7/istack-commons-runtime-3.0.7.pom
2025-07-30 22:33:01,375 [Worker-50: Building] INFO  o.e.m.c.i.e.AbstractTransferListenerAdapter - Downloaded https://repo.maven.apache.org/maven2/com/sun/istack/istack-commons-runtime/3.0.7/istack-commons-runtime-3.0.7.pom
2025-07-30 22:33:01,439 [Worker-50: Building] INFO  o.e.m.c.i.e.AbstractTransferListenerAdapter - Downloading https://repo.maven.apache.org/maven2/com/sun/istack/istack-commons/3.0.7/istack-commons-3.0.7.pom
2025-07-30 22:33:01,448 [Worker-50: Building] INFO  o.e.m.c.i.e.AbstractTransferListenerAdapter - Downloaded https://repo.maven.apache.org/maven2/com/sun/istack/istack-commons/3.0.7/istack-commons-3.0.7.pom
2025-07-30 22:33:01,504 [Worker-50: Building] INFO  o.e.m.c.i.e.AbstractTransferListenerAdapter - Downloading https://repo.maven.apache.org/maven2/org/jvnet/staxex/stax-ex/1.8/stax-ex-1.8.pom
2025-07-30 22:33:01,520 [Worker-50: Building] INFO  o.e.m.c.i.e.AbstractTransferListenerAdapter - Downloaded https://repo.maven.apache.org/maven2/org/jvnet/staxex/stax-ex/1.8/stax-ex-1.8.pom
2025-07-30 22:33:01,559 [Worker-50: Building] INFO  o.e.m.c.i.e.AbstractTransferListenerAdapter - Downloading https://repo.maven.apache.org/maven2/com/sun/xml/fastinfoset/FastInfoset/1.2.15/FastInfoset-1.2.15.pom
2025-07-30 22:33:01,561 [Worker-50: Building] INFO  o.e.m.c.i.e.AbstractTransferListenerAdapter - Downloaded https://repo.maven.apache.org/maven2/com/sun/xml/fastinfoset/FastInfoset/1.2.15/FastInfoset-1.2.15.pom
2025-07-30 22:33:01,594 [Worker-50: Building] INFO  o.e.m.c.i.e.AbstractTransferListenerAdapter - Downloading https://repo.maven.apache.org/maven2/com/sun/xml/fastinfoset/fastinfoset-project/1.2.15/fastinfoset-project-1.2.15.pom
2025-07-30 22:33:01,601 [Worker-50: Building] INFO  o.e.m.c.i.e.AbstractTransferListenerAdapter - Downloaded https://repo.maven.apache.org/maven2/com/sun/xml/fastinfoset/fastinfoset-project/1.2.15/fastinfoset-project-1.2.15.pom
2025-07-30 22:33:01,693 [Worker-50: Building] INFO  o.e.m.c.i.e.AbstractTransferListenerAdapter - Downloading https://repo.maven.apache.org/maven2/org/hibernate/hibernate-core/5.6.15.Final/hibernate-core-5.6.15.Final.jar
2025-07-30 22:33:04,533 [Worker-50: Building] INFO  o.e.m.c.i.e.AbstractTransferListenerAdapter - Downloaded https://repo.maven.apache.org/maven2/org/hibernate/hibernate-core/5.6.15.Final/hibernate-core-5.6.15.Final.jar
2025-07-30 22:33:04,616 [BasicRepositoryConnector-repo.maven.apache.org-1-0] INFO  o.e.m.c.i.e.AbstractTransferListenerAdapter - Downloading https://repo.maven.apache.org/maven2/org/jboss/logging/jboss-logging/3.4.3.Final/jboss-logging-3.4.3.Final.jar
2025-07-30 22:33:04,622 [BasicRepositoryConnector-repo.maven.apache.org-1-0] INFO  o.e.m.c.i.e.AbstractTransferListenerAdapter - Downloaded https://repo.maven.apache.org/maven2/org/jboss/logging/jboss-logging/3.4.3.Final/jboss-logging-3.4.3.Final.jar
2025-07-30 22:33:04,834 [BasicRepositoryConnector-repo.maven.apache.org-1-0] INFO  o.e.m.c.i.e.AbstractTransferListenerAdapter - Downloading https://repo.maven.apache.org/maven2/org/jboss/jandex/2.4.2.Final/jandex-2.4.2.Final.jar
2025-07-30 22:33:04,878 [BasicRepositoryConnector-repo.maven.apache.org-1-0] INFO  o.e.m.c.i.e.AbstractTransferListenerAdapter - Downloaded https://repo.maven.apache.org/maven2/org/jboss/jandex/2.4.2.Final/jandex-2.4.2.Final.jar
2025-07-30 22:33:04,910 [BasicRepositoryConnector-repo.maven.apache.org-1-4] INFO  o.e.m.c.i.e.AbstractTransferListenerAdapter - Downloading https://repo.maven.apache.org/maven2/org/jboss/spec/javax/transaction/jboss-transaction-api_1.2_spec/1.1.1.Final/jboss-transaction-api_1.2_spec-1.1.1.Final.jar
2025-07-30 22:33:04,912 [BasicRepositoryConnector-repo.maven.apache.org-1-1] INFO  o.e.m.c.i.e.AbstractTransferListenerAdapter - Downloading https://repo.maven.apache.org/maven2/javax/persistence/javax.persistence-api/2.2/javax.persistence-api-2.2.jar
2025-07-30 22:33:04,912 [BasicRepositoryConnector-repo.maven.apache.org-1-3] INFO  o.e.m.c.i.e.AbstractTransferListenerAdapter - Downloading https://repo.maven.apache.org/maven2/antlr/antlr/2.7.7/antlr-2.7.7.jar
2025-07-30 22:33:04,912 [BasicRepositoryConnector-repo.maven.apache.org-1-2] INFO  o.e.m.c.i.e.AbstractTransferListenerAdapter - Downloading https://repo.maven.apache.org/maven2/net/bytebuddy/byte-buddy/1.12.18/byte-buddy-1.12.18.jar
2025-07-30 22:33:04,933 [BasicRepositoryConnector-repo.maven.apache.org-1-0] INFO  o.e.m.c.i.e.AbstractTransferListenerAdapter - Downloading https://repo.maven.apache.org/maven2/javax/activation/javax.activation-api/1.2.0/javax.activation-api-1.2.0.jar
2025-07-30 22:33:04,954 [BasicRepositoryConnector-repo.maven.apache.org-1-4] INFO  o.e.m.c.i.e.AbstractTransferListenerAdapter - Downloaded https://repo.maven.apache.org/maven2/org/jboss/spec/javax/transaction/jboss-transaction-api_1.2_spec/1.1.1.Final/jboss-transaction-api_1.2_spec-1.1.1.Final.jar
2025-07-30 22:33:04,954 [BasicRepositoryConnector-repo.maven.apache.org-1-0] INFO  o.e.m.c.i.e.AbstractTransferListenerAdapter - Downloaded https://repo.maven.apache.org/maven2/javax/activation/javax.activation-api/1.2.0/javax.activation-api-1.2.0.jar
2025-07-30 22:33:05,025 [BasicRepositoryConnector-repo.maven.apache.org-1-0] INFO  o.e.m.c.i.e.AbstractTransferListenerAdapter - Downloading https://repo.maven.apache.org/maven2/javax/xml/bind/jaxb-api/2.3.1/jaxb-api-2.3.1.jar
2025-07-30 22:33:05,027 [BasicRepositoryConnector-repo.maven.apache.org-1-4] INFO  o.e.m.c.i.e.AbstractTransferListenerAdapter - Downloading https://repo.maven.apache.org/maven2/org/hibernate/common/hibernate-commons-annotations/5.1.2.Final/hibernate-commons-annotations-5.1.2.Final.jar
2025-07-30 22:33:05,040 [BasicRepositoryConnector-repo.maven.apache.org-1-4] INFO  o.e.m.c.i.e.AbstractTransferListenerAdapter - Downloaded https://repo.maven.apache.org/maven2/org/hibernate/common/hibernate-commons-annotations/5.1.2.Final/hibernate-commons-annotations-5.1.2.Final.jar
2025-07-30 22:33:05,061 [BasicRepositoryConnector-repo.maven.apache.org-1-1] INFO  o.e.m.c.i.e.AbstractTransferListenerAdapter - Downloaded https://repo.maven.apache.org/maven2/javax/persistence/javax.persistence-api/2.2/javax.persistence-api-2.2.jar
2025-07-30 22:33:05,101 [BasicRepositoryConnector-repo.maven.apache.org-1-4] INFO  o.e.m.c.i.e.AbstractTransferListenerAdapter - Downloading https://repo.maven.apache.org/maven2/org/glassfish/jaxb/jaxb-runtime/2.3.1/jaxb-runtime-2.3.1.jar
2025-07-30 22:33:05,116 [BasicRepositoryConnector-repo.maven.apache.org-1-1] INFO  o.e.m.c.i.e.AbstractTransferListenerAdapter - Downloading https://repo.maven.apache.org/maven2/org/glassfish/jaxb/txw2/2.3.1/txw2-2.3.1.jar
2025-07-30 22:33:05,132 [BasicRepositoryConnector-repo.maven.apache.org-1-0] INFO  o.e.m.c.i.e.AbstractTransferListenerAdapter - Downloaded https://repo.maven.apache.org/maven2/javax/xml/bind/jaxb-api/2.3.1/jaxb-api-2.3.1.jar
2025-07-30 22:33:05,139 [BasicRepositoryConnector-repo.maven.apache.org-1-1] INFO  o.e.m.c.i.e.AbstractTransferListenerAdapter - Downloaded https://repo.maven.apache.org/maven2/org/glassfish/jaxb/txw2/2.3.1/txw2-2.3.1.jar
2025-07-30 22:33:05,209 [BasicRepositoryConnector-repo.maven.apache.org-1-0] INFO  o.e.m.c.i.e.AbstractTransferListenerAdapter - Downloading https://repo.maven.apache.org/maven2/com/sun/istack/istack-commons-runtime/3.0.7/istack-commons-runtime-3.0.7.jar
2025-07-30 22:33:05,213 [BasicRepositoryConnector-repo.maven.apache.org-1-3] INFO  o.e.m.c.i.e.AbstractTransferListenerAdapter - Downloaded https://repo.maven.apache.org/maven2/antlr/antlr/2.7.7/antlr-2.7.7.jar
2025-07-30 22:33:05,214 [BasicRepositoryConnector-repo.maven.apache.org-1-1] INFO  o.e.m.c.i.e.AbstractTransferListenerAdapter - Downloading https://repo.maven.apache.org/maven2/org/jvnet/staxex/stax-ex/1.8/stax-ex-1.8.jar
2025-07-30 22:33:05,222 [BasicRepositoryConnector-repo.maven.apache.org-1-0] INFO  o.e.m.c.i.e.AbstractTransferListenerAdapter - Downloaded https://repo.maven.apache.org/maven2/com/sun/istack/istack-commons-runtime/3.0.7/istack-commons-runtime-3.0.7.jar
2025-07-30 22:33:05,225 [BasicRepositoryConnector-repo.maven.apache.org-1-1] INFO  o.e.m.c.i.e.AbstractTransferListenerAdapter - Downloaded https://repo.maven.apache.org/maven2/org/jvnet/staxex/stax-ex/1.8/stax-ex-1.8.jar
2025-07-30 22:33:05,361 [BasicRepositoryConnector-repo.maven.apache.org-1-3] INFO  o.e.m.c.i.e.AbstractTransferListenerAdapter - Downloading https://repo.maven.apache.org/maven2/com/sun/xml/fastinfoset/FastInfoset/1.2.15/FastInfoset-1.2.15.jar
2025-07-30 22:33:05,398 [BasicRepositoryConnector-repo.maven.apache.org-1-4] INFO  o.e.m.c.i.e.AbstractTransferListenerAdapter - Downloaded https://repo.maven.apache.org/maven2/org/glassfish/jaxb/jaxb-runtime/2.3.1/jaxb-runtime-2.3.1.jar
2025-07-30 22:33:05,433 [BasicRepositoryConnector-repo.maven.apache.org-1-3] INFO  o.e.m.c.i.e.AbstractTransferListenerAdapter - Downloaded https://repo.maven.apache.org/maven2/com/sun/xml/fastinfoset/FastInfoset/1.2.15/FastInfoset-1.2.15.jar
2025-07-30 22:33:06,497 [BasicRepositoryConnector-repo.maven.apache.org-1-2] INFO  o.e.m.c.i.e.AbstractTransferListenerAdapter - Downloaded https://repo.maven.apache.org/maven2/net/bytebuddy/byte-buddy/1.12.18/byte-buddy-1.12.18.jar
2025-07-30 22:33:06,591 [Worker-50: Building] INFO  o.a.m.s.f.DefaultMavenResourcesFiltering - skip non existing resourceDirectory /Users/karansingh/Desktop/Study_Material/SmrtPrm_SpringLearning/HibernateCrudOperations/src/main/resources
2025-07-30 22:33:06,593 [Worker-50: Building] INFO  o.a.m.s.f.DefaultMavenResourcesFiltering - skip non existing resourceDirectory /Users/karansingh/Desktop/Study_Material/SmrtPrm_SpringLearning/HibernateCrudOperations/src/test/resources
2025-07-30 22:33:07,127 [Worker-55: Building] INFO  o.e.m.c.i.l.LifecycleMappingFactory - Using org.eclipse.m2e.jdt.JarLifecycleMapping lifecycle mapping for MavenProject: in.cfn:HibernateCrudOperations:1.0 @ /Users/karansingh/Desktop/Study_Material/SmrtPrm_SpringLearning/HibernateCrudOperations/pom.xml.
2025-07-30 22:33:07,244 [Worker-55: Building] INFO  o.a.m.s.f.DefaultMavenResourcesFiltering - skip non existing resourceDirectory /Users/karansingh/Desktop/Study_Material/SmrtPrm_SpringLearning/HibernateCrudOperations/src/main/resources
2025-07-30 22:33:07,246 [Worker-55: Building] INFO  o.a.m.s.f.DefaultMavenResourcesFiltering - skip non existing resourceDirectory /Users/karansingh/Desktop/Study_Material/SmrtPrm_SpringLearning/HibernateCrudOperations/src/test/resources
2025-07-30 22:33:07,739 [Worker-54: Download sources and javadoc] INFO  o.e.m.c.i.e.AbstractTransferListenerAdapter - Downloading https://repo.maven.apache.org/maven2/org/hibernate/hibernate-core/5.6.15.Final/hibernate-core-5.6.15.Final-sources.jar
2025-07-30 22:33:08,251 [Worker-54: Download sources and javadoc] INFO  o.e.m.c.i.e.AbstractTransferListenerAdapter - Downloaded https://repo.maven.apache.org/maven2/org/hibernate/hibernate-core/5.6.15.Final/hibernate-core-5.6.15.Final-sources.jar
2025-07-30 22:33:08,252 [Worker-54: Download sources and javadoc] INFO  o.e.m.j.internal.DownloadSourcesJob - Downloaded sources for org.hibernate:hibernate-core:5.6.15.Final
2025-07-30 22:33:08,402 [Worker-54: Download sources and javadoc] INFO  o.e.m.c.i.e.AbstractTransferListenerAdapter - Downloading https://repo.maven.apache.org/maven2/org/jboss/logging/jboss-logging/3.4.3.Final/jboss-logging-3.4.3.Final-sources.jar
2025-07-30 22:33:08,442 [Worker-54: Download sources and javadoc] INFO  o.e.m.c.i.e.AbstractTransferListenerAdapter - Downloaded https://repo.maven.apache.org/maven2/org/jboss/logging/jboss-logging/3.4.3.Final/jboss-logging-3.4.3.Final-sources.jar
2025-07-30 22:33:08,444 [Worker-54: Download sources and javadoc] INFO  o.e.m.j.internal.DownloadSourcesJob - Downloaded sources for org.jboss.logging:jboss-logging:3.4.3.Final
2025-07-30 22:33:08,573 [Worker-54: Download sources and javadoc] INFO  o.e.m.c.i.e.AbstractTransferListenerAdapter - Downloading https://repo.maven.apache.org/maven2/javax/persistence/javax.persistence-api/2.2/javax.persistence-api-2.2-sources.jar
2025-07-30 22:33:08,671 [Worker-54: Download sources and javadoc] INFO  o.e.m.c.i.e.AbstractTransferListenerAdapter - Downloaded https://repo.maven.apache.org/maven2/javax/persistence/javax.persistence-api/2.2/javax.persistence-api-2.2-sources.jar
2025-07-30 22:33:08,674 [Worker-54: Download sources and javadoc] INFO  o.e.m.j.internal.DownloadSourcesJob - Downloaded sources for javax.persistence:javax.persistence-api:2.2
2025-07-30 22:33:08,788 [Worker-54: Download sources and javadoc] INFO  o.e.m.c.i.e.AbstractTransferListenerAdapter - Downloading https://repo.maven.apache.org/maven2/net/bytebuddy/byte-buddy/1.12.18/byte-buddy-1.12.18-sources.jar
2025-07-30 22:33:09,131 [Worker-54: Download sources and javadoc] INFO  o.e.m.c.i.e.AbstractTransferListenerAdapter - Downloaded https://repo.maven.apache.org/maven2/net/bytebuddy/byte-buddy/1.12.18/byte-buddy-1.12.18-sources.jar
2025-07-30 22:33:09,133 [Worker-54: Download sources and javadoc] INFO  o.e.m.j.internal.DownloadSourcesJob - Downloaded sources for net.bytebuddy:byte-buddy:1.12.18
2025-07-30 22:33:09,234 [Worker-54: Download sources and javadoc] INFO  o.e.m.c.i.e.AbstractTransferListenerAdapter - Downloaded https://repo.maven.apache.org/maven2/antlr/antlr/2.7.7/antlr-2.7.7-sources.jar
2025-07-30 22:33:09,235 [Worker-54: Download sources and javadoc] ERROR o.e.m.j.internal.DownloadSourcesJob - Could not download sources for antlr:antlr:2.7.7
org.eclipse.core.runtime.CoreException: Could not resolve artifact antlr:antlr:jar:sources:2.7.7
	at org.eclipse.m2e.core.internal.embedder.MavenImpl.lambda$7(MavenImpl.java:540)
	at org.eclipse.m2e.core.internal.embedder.MavenExecutionContext.executeBare(MavenExecutionContext.java:458)
	at org.eclipse.m2e.core.internal.embedder.MavenExecutionContext.execute(MavenExecutionContext.java:292)
	at org.eclipse.m2e.core.internal.embedder.MavenExecutionContext.execute(MavenExecutionContext.java:278)
	at org.eclipse.m2e.core.internal.embedder.MavenImpl.resolve(MavenImpl.java:509)
	at org.eclipse.m2e.core.internal.embedder.MavenImpl.resolve(MavenImpl.java:494)
	at org.eclipse.m2e.jdt.internal.DownloadSourcesJob.download(DownloadSourcesJob.java:308)
	at org.eclipse.m2e.jdt.internal.DownloadSourcesJob.downloadAttachments(DownloadSourcesJob.java:282)
	at org.eclipse.m2e.jdt.internal.DownloadSourcesJob.downloadMaven(DownloadSourcesJob.java:252)
	at org.eclipse.m2e.jdt.internal.DownloadSourcesJob.downloadFilesAndPopulateToUpdate(DownloadSourcesJob.java:220)
	at org.eclipse.m2e.jdt.internal.DownloadSourcesJob.lambda$0(DownloadSourcesJob.java:149)
	at org.eclipse.m2e.core.internal.embedder.MavenExecutionContext.executeBare(MavenExecutionContext.java:458)
	at org.eclipse.m2e.core.internal.embedder.MavenExecutionContext.execute(MavenExecutionContext.java:339)
	at org.eclipse.m2e.core.internal.embedder.MavenExecutionContext.execute(MavenExecutionContext.java:278)
	at org.eclipse.m2e.core.embedder.IMaven.execute(IMaven.java:300)
	at org.eclipse.m2e.jdt.internal.DownloadSourcesJob.run(DownloadSourcesJob.java:149)
	at org.eclipse.core.internal.jobs.Worker.run(Worker.java:63)
2025-07-30 22:33:09,316 [Worker-54: Download sources and javadoc] INFO  o.e.m.c.i.e.AbstractTransferListenerAdapter - Downloading https://repo.maven.apache.org/maven2/org/jboss/spec/javax/transaction/jboss-transaction-api_1.2_spec/1.1.1.Final/jboss-transaction-api_1.2_spec-1.1.1.Final-sources.jar
2025-07-30 22:33:09,321 [Worker-54: Download sources and javadoc] INFO  o.e.m.c.i.e.AbstractTransferListenerAdapter - Downloaded https://repo.maven.apache.org/maven2/org/jboss/spec/javax/transaction/jboss-transaction-api_1.2_spec/1.1.1.Final/jboss-transaction-api_1.2_spec-1.1.1.Final-sources.jar
2025-07-30 22:33:09,322 [Worker-54: Download sources and javadoc] INFO  o.e.m.j.internal.DownloadSourcesJob - Downloaded sources for org.jboss.spec.javax.transaction:jboss-transaction-api_1.2_spec:1.1.1.Final
2025-07-30 22:33:09,401 [Worker-54: Download sources and javadoc] INFO  o.e.m.c.i.e.AbstractTransferListenerAdapter - Downloading https://repo.maven.apache.org/maven2/org/jboss/jandex/2.4.2.Final/jandex-2.4.2.Final-sources.jar
2025-07-30 22:33:09,436 [Worker-54: Download sources and javadoc] INFO  o.e.m.c.i.e.AbstractTransferListenerAdapter - Downloaded https://repo.maven.apache.org/maven2/org/jboss/jandex/2.4.2.Final/jandex-2.4.2.Final-sources.jar
2025-07-30 22:33:09,436 [Worker-54: Download sources and javadoc] INFO  o.e.m.j.internal.DownloadSourcesJob - Downloaded sources for org.jboss:jandex:2.4.2.Final
2025-07-30 22:33:09,478 [Worker-54: Download sources and javadoc] INFO  o.e.m.c.i.e.AbstractTransferListenerAdapter - Downloading https://repo.maven.apache.org/maven2/javax/activation/javax.activation-api/1.2.0/javax.activation-api-1.2.0-sources.jar
2025-07-30 22:33:09,504 [Worker-54: Download sources and javadoc] INFO  o.e.m.c.i.e.AbstractTransferListenerAdapter - Downloaded https://repo.maven.apache.org/maven2/javax/activation/javax.activation-api/1.2.0/javax.activation-api-1.2.0-sources.jar
2025-07-30 22:33:09,505 [Worker-54: Download sources and javadoc] INFO  o.e.m.j.internal.DownloadSourcesJob - Downloaded sources for javax.activation:javax.activation-api:1.2.0
2025-07-30 22:33:09,579 [Worker-54: Download sources and javadoc] INFO  o.e.m.c.i.e.AbstractTransferListenerAdapter - Downloading https://repo.maven.apache.org/maven2/org/hibernate/common/hibernate-commons-annotations/5.1.2.Final/hibernate-commons-annotations-5.1.2.Final-sources.jar
2025-07-30 22:33:09,619 [Worker-54: Download sources and javadoc] INFO  o.e.m.c.i.e.AbstractTransferListenerAdapter - Downloaded https://repo.maven.apache.org/maven2/org/hibernate/common/hibernate-commons-annotations/5.1.2.Final/hibernate-commons-annotations-5.1.2.Final-sources.jar
2025-07-30 22:33:09,621 [Worker-54: Download sources and javadoc] INFO  o.e.m.j.internal.DownloadSourcesJob - Downloaded sources for org.hibernate.common:hibernate-commons-annotations:5.1.2.Final
2025-07-30 22:33:09,799 [Worker-54: Download sources and javadoc] INFO  o.e.m.c.i.e.AbstractTransferListenerAdapter - Downloading https://repo.maven.apache.org/maven2/javax/xml/bind/jaxb-api/2.3.1/jaxb-api-2.3.1-sources.jar
2025-07-30 22:33:09,953 [Worker-54: Download sources and javadoc] INFO  o.e.m.c.i.e.AbstractTransferListenerAdapter - Downloaded https://repo.maven.apache.org/maven2/javax/xml/bind/jaxb-api/2.3.1/jaxb-api-2.3.1-sources.jar
2025-07-30 22:33:09,956 [Worker-54: Download sources and javadoc] INFO  o.e.m.j.internal.DownloadSourcesJob - Downloaded sources for javax.xml.bind:jaxb-api:2.3.1
2025-07-30 22:33:10,147 [Worker-54: Download sources and javadoc] INFO  o.e.m.c.i.e.AbstractTransferListenerAdapter - Downloading https://repo.maven.apache.org/maven2/org/glassfish/jaxb/jaxb-runtime/2.3.1/jaxb-runtime-2.3.1-sources.jar
2025-07-30 22:33:10,684 [Worker-54: Download sources and javadoc] INFO  o.e.m.c.i.e.AbstractTransferListenerAdapter - Downloaded https://repo.maven.apache.org/maven2/org/glassfish/jaxb/jaxb-runtime/2.3.1/jaxb-runtime-2.3.1-sources.jar
2025-07-30 22:33:10,686 [Worker-54: Download sources and javadoc] INFO  o.e.m.j.internal.DownloadSourcesJob - Downloaded sources for org.glassfish.jaxb:jaxb-runtime:2.3.1
2025-07-30 22:33:10,877 [Worker-54: Download sources and javadoc] INFO  o.e.m.c.i.e.AbstractTransferListenerAdapter - Downloading https://repo.maven.apache.org/maven2/org/glassfish/jaxb/txw2/2.3.1/txw2-2.3.1-sources.jar
2025-07-30 22:33:10,980 [Worker-54: Download sources and javadoc] INFO  o.e.m.c.i.e.AbstractTransferListenerAdapter - Downloaded https://repo.maven.apache.org/maven2/org/glassfish/jaxb/txw2/2.3.1/txw2-2.3.1-sources.jar
2025-07-30 22:33:10,981 [Worker-54: Download sources and javadoc] INFO  o.e.m.j.internal.DownloadSourcesJob - Downloaded sources for org.glassfish.jaxb:txw2:2.3.1
2025-07-30 22:33:11,191 [Worker-54: Download sources and javadoc] INFO  o.e.m.c.i.e.AbstractTransferListenerAdapter - Downloading https://repo.maven.apache.org/maven2/com/sun/istack/istack-commons-runtime/3.0.7/istack-commons-runtime-3.0.7-sources.jar
2025-07-30 22:33:11,275 [Worker-54: Download sources and javadoc] INFO  o.e.m.c.i.e.AbstractTransferListenerAdapter - Downloaded https://repo.maven.apache.org/maven2/com/sun/istack/istack-commons-runtime/3.0.7/istack-commons-runtime-3.0.7-sources.jar
2025-07-30 22:33:11,278 [Worker-54: Download sources and javadoc] INFO  o.e.m.j.internal.DownloadSourcesJob - Downloaded sources for com.sun.istack:istack-commons-runtime:3.0.7
2025-07-30 22:33:11,534 [Worker-54: Download sources and javadoc] INFO  o.e.m.c.i.e.AbstractTransferListenerAdapter - Downloading https://repo.maven.apache.org/maven2/org/jvnet/staxex/stax-ex/1.8/stax-ex-1.8-sources.jar
2025-07-30 22:33:11,630 [Worker-54: Download sources and javadoc] INFO  o.e.m.c.i.e.AbstractTransferListenerAdapter - Downloaded https://repo.maven.apache.org/maven2/org/jvnet/staxex/stax-ex/1.8/stax-ex-1.8-sources.jar
2025-07-30 22:33:11,633 [Worker-54: Download sources and javadoc] INFO  o.e.m.j.internal.DownloadSourcesJob - Downloaded sources for org.jvnet.staxex:stax-ex:1.8
2025-07-30 22:33:11,914 [Worker-54: Download sources and javadoc] INFO  o.e.m.c.i.e.AbstractTransferListenerAdapter - Downloading https://repo.maven.apache.org/maven2/com/sun/xml/fastinfoset/FastInfoset/1.2.15/FastInfoset-1.2.15-sources.jar
2025-07-30 22:33:12,080 [Worker-54: Download sources and javadoc] INFO  o.e.m.c.i.e.AbstractTransferListenerAdapter - Downloaded https://repo.maven.apache.org/maven2/com/sun/xml/fastinfoset/FastInfoset/1.2.15/FastInfoset-1.2.15-sources.jar
2025-07-30 22:33:12,083 [Worker-54: Download sources and javadoc] INFO  o.e.m.j.internal.DownloadSourcesJob - Downloaded sources for com.sun.xml.fastinfoset:FastInfoset:1.2.15
2025-07-30 22:34:54,178 [Worker-55: Building] INFO  o.a.m.s.f.DefaultMavenResourcesFiltering - skip non existing resourceDirectory /Users/karansingh/Desktop/Study_Material/SmrtPrm_SpringLearning/HibernateCrudOperations/src/main/resources
2025-07-30 22:34:54,180 [Worker-55: Building] INFO  o.a.m.s.f.DefaultMavenResourcesFiltering - skip non existing resourceDirectory /Users/karansingh/Desktop/Study_Material/SmrtPrm_SpringLearning/HibernateCrudOperations/src/test/resources
2025-07-30 22:35:36,180 [Worker-50: Building] INFO  o.a.m.s.f.DefaultMavenResourcesFiltering - skip non existing resourceDirectory /Users/karansingh/Desktop/Study_Material/SmrtPrm_SpringLearning/HibernateCrudOperations/src/main/resources
2025-07-30 22:35:36,183 [Worker-50: Building] INFO  o.a.m.s.f.DefaultMavenResourcesFiltering - skip non existing resourceDirectory /Users/karansingh/Desktop/Study_Material/SmrtPrm_SpringLearning/HibernateCrudOperations/src/test/resources
2025-07-30 22:36:01,825 [Worker-54: Building] INFO  o.a.m.s.f.DefaultMavenResourcesFiltering - skip non existing resourceDirectory /Users/karansingh/Desktop/Study_Material/SmrtPrm_SpringLearning/HibernateCrudOperations/src/main/resources
2025-07-30 22:36:01,826 [Worker-54: Building] INFO  o.a.m.s.f.DefaultMavenResourcesFiltering - skip non existing resourceDirectory /Users/karansingh/Desktop/Study_Material/SmrtPrm_SpringLearning/HibernateCrudOperations/src/test/resources
2025-07-30 22:36:07,241 [Worker-54: Building] INFO  o.a.m.s.f.DefaultMavenResourcesFiltering - skip non existing resourceDirectory /Users/karansingh/Desktop/Study_Material/SmrtPrm_SpringLearning/HibernateCrudOperations/src/main/resources
2025-07-30 22:36:07,244 [Worker-54: Building] INFO  o.a.m.s.f.DefaultMavenResourcesFiltering - skip non existing resourceDirectory /Users/karansingh/Desktop/Study_Material/SmrtPrm_SpringLearning/HibernateCrudOperations/src/test/resources
2025-07-30 22:36:18,916 [Worker-54: Building] INFO  o.a.m.s.f.DefaultMavenResourcesFiltering - skip non existing resourceDirectory /Users/karansingh/Desktop/Study_Material/SmrtPrm_SpringLearning/HibernateCrudOperations/src/main/resources
2025-07-30 22:36:18,917 [Worker-54: Building] INFO  o.a.m.s.f.DefaultMavenResourcesFiltering - skip non existing resourceDirectory /Users/karansingh/Desktop/Study_Material/SmrtPrm_SpringLearning/HibernateCrudOperations/src/test/resources
2025-07-30 22:36:30,595 [Worker-55: Building] INFO  o.a.m.s.f.DefaultMavenResourcesFiltering - skip non existing resourceDirectory /Users/karansingh/Desktop/Study_Material/SmrtPrm_SpringLearning/HibernateCrudOperations/src/main/resources
2025-07-30 22:36:30,597 [Worker-55: Building] INFO  o.a.m.s.f.DefaultMavenResourcesFiltering - skip non existing resourceDirectory /Users/karansingh/Desktop/Study_Material/SmrtPrm_SpringLearning/HibernateCrudOperations/src/test/resources
2025-07-30 22:36:34,373 [Worker-50: Building] INFO  o.a.m.s.f.DefaultMavenResourcesFiltering - skip non existing resourceDirectory /Users/karansingh/Desktop/Study_Material/SmrtPrm_SpringLearning/HibernateCrudOperations/src/main/resources
2025-07-30 22:36:34,374 [Worker-50: Building] INFO  o.a.m.s.f.DefaultMavenResourcesFiltering - skip non existing resourceDirectory /Users/karansingh/Desktop/Study_Material/SmrtPrm_SpringLearning/HibernateCrudOperations/src/test/resources
2025-07-30 22:36:42,274 [Worker-55: Building] INFO  o.a.m.s.f.DefaultMavenResourcesFiltering - skip non existing resourceDirectory /Users/karansingh/Desktop/Study_Material/SmrtPrm_SpringLearning/HibernateCrudOperations/src/main/resources
2025-07-30 22:36:42,275 [Worker-55: Building] INFO  o.a.m.s.f.DefaultMavenResourcesFiltering - skip non existing resourceDirectory /Users/karansingh/Desktop/Study_Material/SmrtPrm_SpringLearning/HibernateCrudOperations/src/test/resources
2025-07-30 22:38:32,014 [Worker-55: Building] INFO  o.a.m.s.f.DefaultMavenResourcesFiltering - skip non existing resourceDirectory /Users/karansingh/Desktop/Study_Material/SmrtPrm_SpringLearning/HibernateCrudOperations/src/main/resources
2025-07-30 22:38:32,016 [Worker-55: Building] INFO  o.a.m.s.f.DefaultMavenResourcesFiltering - skip non existing resourceDirectory /Users/karansingh/Desktop/Study_Material/SmrtPrm_SpringLearning/HibernateCrudOperations/src/test/resources
2025-07-30 22:41:34,264 [Worker-61: Building] INFO  o.a.m.s.f.DefaultMavenResourcesFiltering - skip non existing resourceDirectory /Users/karansingh/Desktop/Study_Material/SmrtPrm_SpringLearning/HibernateCrudOperations/src/main/resources
2025-07-30 22:41:34,266 [Worker-61: Building] INFO  o.a.m.s.f.DefaultMavenResourcesFiltering - skip non existing resourceDirectory /Users/karansingh/Desktop/Study_Material/SmrtPrm_SpringLearning/HibernateCrudOperations/src/test/resources
2025-07-30 22:42:14,141 [Worker-61: Building] INFO  o.a.m.s.f.DefaultMavenResourcesFiltering - skip non existing resourceDirectory /Users/karansingh/Desktop/Study_Material/SmrtPrm_SpringLearning/HibernateCrudOperations/src/main/resources
2025-07-30 22:42:14,143 [Worker-61: Building] INFO  o.a.m.s.f.DefaultMavenResourcesFiltering - skip non existing resourceDirectory /Users/karansingh/Desktop/Study_Material/SmrtPrm_SpringLearning/HibernateCrudOperations/src/test/resources
2025-07-30 22:42:20,378 [Worker-57: Building] INFO  o.a.m.s.f.DefaultMavenResourcesFiltering - skip non existing resourceDirectory /Users/karansingh/Desktop/Study_Material/SmrtPrm_SpringLearning/HibernateCrudOperations/src/main/resources
2025-07-30 22:42:20,380 [Worker-57: Building] INFO  o.a.m.s.f.DefaultMavenResourcesFiltering - skip non existing resourceDirectory /Users/karansingh/Desktop/Study_Material/SmrtPrm_SpringLearning/HibernateCrudOperations/src/test/resources
2025-07-30 22:42:46,418 [Worker-53: Building] INFO  o.a.m.s.f.DefaultMavenResourcesFiltering - skip non existing resourceDirectory /Users/karansingh/Desktop/Study_Material/SmrtPrm_SpringLearning/HibernateCrudOperations/src/main/resources
2025-07-30 22:42:46,419 [Worker-53: Building] INFO  o.a.m.s.f.DefaultMavenResourcesFiltering - skip non existing resourceDirectory /Users/karansingh/Desktop/Study_Material/SmrtPrm_SpringLearning/HibernateCrudOperations/src/test/resources
2025-07-30 22:42:49,796 [Worker-57: Building] INFO  o.a.m.s.f.DefaultMavenResourcesFiltering - skip non existing resourceDirectory /Users/karansingh/Desktop/Study_Material/SmrtPrm_SpringLearning/HibernateCrudOperations/src/main/resources
2025-07-30 22:42:49,798 [Worker-57: Building] INFO  o.a.m.s.f.DefaultMavenResourcesFiltering - skip non existing resourceDirectory /Users/karansingh/Desktop/Study_Material/SmrtPrm_SpringLearning/HibernateCrudOperations/src/test/resources
2025-07-30 22:42:53,483 [Worker-59: Building] INFO  o.a.m.s.f.DefaultMavenResourcesFiltering - skip non existing resourceDirectory /Users/karansingh/Desktop/Study_Material/SmrtPrm_SpringLearning/HibernateCrudOperations/src/main/resources
2025-07-30 22:42:53,484 [Worker-59: Building] INFO  o.a.m.s.f.DefaultMavenResourcesFiltering - skip non existing resourceDirectory /Users/karansingh/Desktop/Study_Material/SmrtPrm_SpringLearning/HibernateCrudOperations/src/test/resources
2025-07-30 22:42:56,510 [Worker-53: Building] INFO  o.a.m.s.f.DefaultMavenResourcesFiltering - skip non existing resourceDirectory /Users/karansingh/Desktop/Study_Material/SmrtPrm_SpringLearning/HibernateCrudOperations/src/main/resources
2025-07-30 22:42:56,511 [Worker-53: Building] INFO  o.a.m.s.f.DefaultMavenResourcesFiltering - skip non existing resourceDirectory /Users/karansingh/Desktop/Study_Material/SmrtPrm_SpringLearning/HibernateCrudOperations/src/test/resources
2025-07-30 22:42:58,599 [Worker-57: Building] INFO  o.a.m.s.f.DefaultMavenResourcesFiltering - skip non existing resourceDirectory /Users/karansingh/Desktop/Study_Material/SmrtPrm_SpringLearning/HibernateCrudOperations/src/main/resources
2025-07-30 22:42:58,600 [Worker-57: Building] INFO  o.a.m.s.f.DefaultMavenResourcesFiltering - skip non existing resourceDirectory /Users/karansingh/Desktop/Study_Material/SmrtPrm_SpringLearning/HibernateCrudOperations/src/test/resources
2025-07-30 22:43:02,672 [Worker-60: Building] INFO  o.a.m.s.f.DefaultMavenResourcesFiltering - skip non existing resourceDirectory /Users/karansingh/Desktop/Study_Material/SmrtPrm_SpringLearning/HibernateCrudOperations/src/main/resources
2025-07-30 22:43:02,676 [Worker-60: Building] INFO  o.a.m.s.f.DefaultMavenResourcesFiltering - skip non existing resourceDirectory /Users/karansingh/Desktop/Study_Material/SmrtPrm_SpringLearning/HibernateCrudOperations/src/test/resources
2025-07-30 22:43:43,038 [Worker-57: Building] INFO  o.a.m.s.f.DefaultMavenResourcesFiltering - skip non existing resourceDirectory /Users/karansingh/Desktop/Study_Material/SmrtPrm_SpringLearning/HibernateCrudOperations/src/main/resources
2025-07-30 22:43:43,041 [Worker-57: Building] INFO  o.a.m.s.f.DefaultMavenResourcesFiltering - skip non existing resourceDirectory /Users/karansingh/Desktop/Study_Material/SmrtPrm_SpringLearning/HibernateCrudOperations/src/test/resources
2025-07-30 22:43:58,162 [Worker-59: Building] INFO  o.a.m.s.f.DefaultMavenResourcesFiltering - skip non existing resourceDirectory /Users/karansingh/Desktop/Study_Material/SmrtPrm_SpringLearning/HibernateCrudOperations/src/main/resources
2025-07-30 22:43:58,163 [Worker-59: Building] INFO  o.a.m.s.f.DefaultMavenResourcesFiltering - skip non existing resourceDirectory /Users/karansingh/Desktop/Study_Material/SmrtPrm_SpringLearning/HibernateCrudOperations/src/test/resources
2025-07-30 22:44:07,985 [Worker-53: Building] INFO  o.a.m.s.f.DefaultMavenResourcesFiltering - skip non existing resourceDirectory /Users/karansingh/Desktop/Study_Material/SmrtPrm_SpringLearning/HibernateCrudOperations/src/main/resources
2025-07-30 22:44:07,988 [Worker-53: Building] INFO  o.a.m.s.f.DefaultMavenResourcesFiltering - skip non existing resourceDirectory /Users/karansingh/Desktop/Study_Material/SmrtPrm_SpringLearning/HibernateCrudOperations/src/test/resources
2025-07-30 22:44:22,592 [Worker-57: Building] INFO  o.a.m.s.f.DefaultMavenResourcesFiltering - skip non existing resourceDirectory /Users/karansingh/Desktop/Study_Material/SmrtPrm_SpringLearning/HibernateCrudOperations/src/main/resources
2025-07-30 22:44:22,593 [Worker-57: Building] INFO  o.a.m.s.f.DefaultMavenResourcesFiltering - skip non existing resourceDirectory /Users/karansingh/Desktop/Study_Material/SmrtPrm_SpringLearning/HibernateCrudOperations/src/test/resources
2025-07-30 22:44:40,084 [Worker-59: Building] INFO  o.a.m.s.f.DefaultMavenResourcesFiltering - skip non existing resourceDirectory /Users/karansingh/Desktop/Study_Material/SmrtPrm_SpringLearning/HibernateCrudOperations/src/main/resources
2025-07-30 22:44:40,086 [Worker-59: Building] INFO  o.a.m.s.f.DefaultMavenResourcesFiltering - skip non existing resourceDirectory /Users/karansingh/Desktop/Study_Material/SmrtPrm_SpringLearning/HibernateCrudOperations/src/test/resources
2025-07-30 22:44:49,403 [Worker-61: Building] INFO  o.a.m.s.f.DefaultMavenResourcesFiltering - skip non existing resourceDirectory /Users/karansingh/Desktop/Study_Material/SmrtPrm_SpringLearning/HibernateCrudOperations/src/main/resources
2025-07-30 22:44:49,404 [Worker-61: Building] INFO  o.a.m.s.f.DefaultMavenResourcesFiltering - skip non existing resourceDirectory /Users/karansingh/Desktop/Study_Material/SmrtPrm_SpringLearning/HibernateCrudOperations/src/test/resources
2025-07-30 22:45:05,324 [Worker-59: Building] INFO  o.a.m.s.f.DefaultMavenResourcesFiltering - skip non existing resourceDirectory /Users/karansingh/Desktop/Study_Material/SmrtPrm_SpringLearning/HibernateCrudOperations/src/main/resources
2025-07-30 22:45:05,325 [Worker-59: Building] INFO  o.a.m.s.f.DefaultMavenResourcesFiltering - skip non existing resourceDirectory /Users/karansingh/Desktop/Study_Material/SmrtPrm_SpringLearning/HibernateCrudOperations/src/test/resources
2025-07-30 22:45:11,172 [Worker-60: Building] INFO  o.a.m.s.f.DefaultMavenResourcesFiltering - skip non existing resourceDirectory /Users/karansingh/Desktop/Study_Material/SmrtPrm_SpringLearning/HibernateCrudOperations/src/main/resources
2025-07-30 22:45:11,176 [Worker-60: Building] INFO  o.a.m.s.f.DefaultMavenResourcesFiltering - skip non existing resourceDirectory /Users/karansingh/Desktop/Study_Material/SmrtPrm_SpringLearning/HibernateCrudOperations/src/test/resources
2025-07-30 22:45:19,179 [Worker-57: Building] INFO  o.a.m.s.f.DefaultMavenResourcesFiltering - skip non existing resourceDirectory /Users/karansingh/Desktop/Study_Material/SmrtPrm_SpringLearning/HibernateCrudOperations/src/main/resources
2025-07-30 22:45:19,180 [Worker-57: Building] INFO  o.a.m.s.f.DefaultMavenResourcesFiltering - skip non existing resourceDirectory /Users/karansingh/Desktop/Study_Material/SmrtPrm_SpringLearning/HibernateCrudOperations/src/test/resources
2025-07-30 22:45:29,763 [Worker-57: Building] INFO  o.a.m.s.f.DefaultMavenResourcesFiltering - skip non existing resourceDirectory /Users/karansingh/Desktop/Study_Material/SmrtPrm_SpringLearning/HibernateCrudOperations/src/main/resources
2025-07-30 22:45:29,764 [Worker-57: Building] INFO  o.a.m.s.f.DefaultMavenResourcesFiltering - skip non existing resourceDirectory /Users/karansingh/Desktop/Study_Material/SmrtPrm_SpringLearning/HibernateCrudOperations/src/test/resources
2025-07-30 22:45:35,631 [Worker-53: Building] INFO  o.a.m.s.f.DefaultMavenResourcesFiltering - skip non existing resourceDirectory /Users/karansingh/Desktop/Study_Material/SmrtPrm_SpringLearning/HibernateCrudOperations/src/main/resources
2025-07-30 22:45:35,632 [Worker-53: Building] INFO  o.a.m.s.f.DefaultMavenResourcesFiltering - skip non existing resourceDirectory /Users/karansingh/Desktop/Study_Material/SmrtPrm_SpringLearning/HibernateCrudOperations/src/test/resources
2025-07-30 22:45:46,835 [Worker-60: Building] INFO  o.a.m.s.f.DefaultMavenResourcesFiltering - skip non existing resourceDirectory /Users/karansingh/Desktop/Study_Material/SmrtPrm_SpringLearning/HibernateCrudOperations/src/main/resources
2025-07-30 22:45:46,836 [Worker-60: Building] INFO  o.a.m.s.f.DefaultMavenResourcesFiltering - skip non existing resourceDirectory /Users/karansingh/Desktop/Study_Material/SmrtPrm_SpringLearning/HibernateCrudOperations/src/test/resources
2025-07-30 22:46:55,349 [Worker-61: Building] INFO  o.a.m.s.f.DefaultMavenResourcesFiltering - skip non existing resourceDirectory /Users/karansingh/Desktop/Study_Material/SmrtPrm_SpringLearning/HibernateCrudOperations/src/main/resources
2025-07-30 22:46:55,351 [Worker-61: Building] INFO  o.a.m.s.f.DefaultMavenResourcesFiltering - skip non existing resourceDirectory /Users/karansingh/Desktop/Study_Material/SmrtPrm_SpringLearning/HibernateCrudOperations/src/test/resources
2025-07-30 22:47:08,035 [Worker-61: Building] INFO  o.a.m.s.f.DefaultMavenResourcesFiltering - skip non existing resourceDirectory /Users/karansingh/Desktop/Study_Material/SmrtPrm_SpringLearning/HibernateCrudOperations/src/main/resources
2025-07-30 22:47:08,036 [Worker-61: Building] INFO  o.a.m.s.f.DefaultMavenResourcesFiltering - skip non existing resourceDirectory /Users/karansingh/Desktop/Study_Material/SmrtPrm_SpringLearning/HibernateCrudOperations/src/test/resources
2025-07-30 22:47:12,524 [Worker-57: Building] INFO  o.a.m.s.f.DefaultMavenResourcesFiltering - skip non existing resourceDirectory /Users/karansingh/Desktop/Study_Material/SmrtPrm_SpringLearning/HibernateCrudOperations/src/main/resources
2025-07-30 22:47:12,525 [Worker-57: Building] INFO  o.a.m.s.f.DefaultMavenResourcesFiltering - skip non existing resourceDirectory /Users/karansingh/Desktop/Study_Material/SmrtPrm_SpringLearning/HibernateCrudOperations/src/test/resources
2025-07-30 22:47:29,977 [Worker-61: Building] INFO  o.a.m.s.f.DefaultMavenResourcesFiltering - skip non existing resourceDirectory /Users/karansingh/Desktop/Study_Material/SmrtPrm_SpringLearning/HibernateCrudOperations/src/main/resources
2025-07-30 22:47:29,979 [Worker-61: Building] INFO  o.a.m.s.f.DefaultMavenResourcesFiltering - skip non existing resourceDirectory /Users/karansingh/Desktop/Study_Material/SmrtPrm_SpringLearning/HibernateCrudOperations/src/test/resources
2025-07-30 22:47:40,740 [Worker-61: Building] INFO  o.a.m.s.f.DefaultMavenResourcesFiltering - skip non existing resourceDirectory /Users/karansingh/Desktop/Study_Material/SmrtPrm_SpringLearning/HibernateCrudOperations/src/main/resources
2025-07-30 22:47:40,741 [Worker-61: Building] INFO  o.a.m.s.f.DefaultMavenResourcesFiltering - skip non existing resourceDirectory /Users/karansingh/Desktop/Study_Material/SmrtPrm_SpringLearning/HibernateCrudOperations/src/test/resources
2025-07-30 22:47:49,878 [Worker-59: Building] INFO  o.a.m.s.f.DefaultMavenResourcesFiltering - skip non existing resourceDirectory /Users/karansingh/Desktop/Study_Material/SmrtPrm_SpringLearning/HibernateCrudOperations/src/main/resources
2025-07-30 22:47:49,886 [Worker-59: Building] INFO  o.a.m.s.f.DefaultMavenResourcesFiltering - skip non existing resourceDirectory /Users/karansingh/Desktop/Study_Material/SmrtPrm_SpringLearning/HibernateCrudOperations/src/test/resources
2025-07-30 22:47:54,849 [Worker-61: Building] INFO  o.a.m.s.f.DefaultMavenResourcesFiltering - skip non existing resourceDirectory /Users/karansingh/Desktop/Study_Material/SmrtPrm_SpringLearning/HibernateCrudOperations/src/main/resources
2025-07-30 22:47:54,850 [Worker-61: Building] INFO  o.a.m.s.f.DefaultMavenResourcesFiltering - skip non existing resourceDirectory /Users/karansingh/Desktop/Study_Material/SmrtPrm_SpringLearning/HibernateCrudOperations/src/test/resources
2025-07-30 22:57:15,451 [Worker-59: Building] INFO  o.a.m.s.f.DefaultMavenResourcesFiltering - skip non existing resourceDirectory /Users/karansingh/Desktop/Study_Material/SmrtPrm_SpringLearning/HibernateCrudOperations/src/main/resources
2025-07-30 22:57:15,457 [Worker-59: Building] INFO  o.a.m.s.f.DefaultMavenResourcesFiltering - skip non existing resourceDirectory /Users/karansingh/Desktop/Study_Material/SmrtPrm_SpringLearning/HibernateCrudOperations/src/test/resources
2025-07-30 22:57:35,243 [Worker-61: Building] INFO  o.a.m.s.f.DefaultMavenResourcesFiltering - skip non existing resourceDirectory /Users/karansingh/Desktop/Study_Material/SmrtPrm_SpringLearning/HibernateCrudOperations/src/main/resources
2025-07-30 22:57:35,244 [Worker-61: Building] INFO  o.a.m.s.f.DefaultMavenResourcesFiltering - skip non existing resourceDirectory /Users/karansingh/Desktop/Study_Material/SmrtPrm_SpringLearning/HibernateCrudOperations/src/test/resources
2025-07-30 22:57:36,256 [Worker-61: Building] INFO  o.a.m.s.f.DefaultMavenResourcesFiltering - skip non existing resourceDirectory /Users/karansingh/Desktop/Study_Material/SmrtPrm_SpringLearning/HibernateCrudOperations/src/main/resources
2025-07-30 22:57:36,258 [Worker-61: Building] INFO  o.a.m.s.f.DefaultMavenResourcesFiltering - skip non existing resourceDirectory /Users/karansingh/Desktop/Study_Material/SmrtPrm_SpringLearning/HibernateCrudOperations/src/test/resources
2025-07-30 22:57:38,275 [Worker-61: Building] INFO  o.a.m.s.f.DefaultMavenResourcesFiltering - skip non existing resourceDirectory /Users/karansingh/Desktop/Study_Material/SmrtPrm_SpringLearning/HibernateCrudOperations/src/main/resources
2025-07-30 22:57:38,276 [Worker-61: Building] INFO  o.a.m.s.f.DefaultMavenResourcesFiltering - skip non existing resourceDirectory /Users/karansingh/Desktop/Study_Material/SmrtPrm_SpringLearning/HibernateCrudOperations/src/test/resources
2025-07-30 22:57:44,516 [Worker-64: Building] INFO  o.a.m.s.f.DefaultMavenResourcesFiltering - skip non existing resourceDirectory /Users/karansingh/Desktop/Study_Material/SmrtPrm_SpringLearning/HibernateCrudOperations/src/main/resources
2025-07-30 22:57:44,517 [Worker-64: Building] INFO  o.a.m.s.f.DefaultMavenResourcesFiltering - skip non existing resourceDirectory /Users/karansingh/Desktop/Study_Material/SmrtPrm_SpringLearning/HibernateCrudOperations/src/test/resources
2025-07-30 22:58:13,219 [Worker-61: Building] INFO  o.a.m.s.f.DefaultMavenResourcesFiltering - skip non existing resourceDirectory /Users/karansingh/Desktop/Study_Material/SmrtPrm_SpringLearning/HibernateCrudOperations/src/main/resources
2025-07-30 22:58:13,220 [Worker-61: Building] INFO  o.a.m.s.f.DefaultMavenResourcesFiltering - skip non existing resourceDirectory /Users/karansingh/Desktop/Study_Material/SmrtPrm_SpringLearning/HibernateCrudOperations/src/test/resources
2025-07-30 22:58:16,348 [Worker-62: Building] INFO  o.a.m.s.f.DefaultMavenResourcesFiltering - skip non existing resourceDirectory /Users/karansingh/Desktop/Study_Material/SmrtPrm_SpringLearning/HibernateCrudOperations/src/main/resources
2025-07-30 22:58:16,349 [Worker-62: Building] INFO  o.a.m.s.f.DefaultMavenResourcesFiltering - skip non existing resourceDirectory /Users/karansingh/Desktop/Study_Material/SmrtPrm_SpringLearning/HibernateCrudOperations/src/test/resources
2025-07-30 22:58:23,091 [Worker-61: Building] INFO  o.a.m.s.f.DefaultMavenResourcesFiltering - skip non existing resourceDirectory /Users/karansingh/Desktop/Study_Material/SmrtPrm_SpringLearning/HibernateCrudOperations/src/main/resources
2025-07-30 22:58:23,093 [Worker-61: Building] INFO  o.a.m.s.f.DefaultMavenResourcesFiltering - skip non existing resourceDirectory /Users/karansingh/Desktop/Study_Material/SmrtPrm_SpringLearning/HibernateCrudOperations/src/test/resources
2025-07-30 22:58:26,467 [Worker-59: Building] INFO  o.a.m.s.f.DefaultMavenResourcesFiltering - skip non existing resourceDirectory /Users/karansingh/Desktop/Study_Material/SmrtPrm_SpringLearning/HibernateCrudOperations/src/main/resources
2025-07-30 22:58:26,468 [Worker-59: Building] INFO  o.a.m.s.f.DefaultMavenResourcesFiltering - skip non existing resourceDirectory /Users/karansingh/Desktop/Study_Material/SmrtPrm_SpringLearning/HibernateCrudOperations/src/test/resources
2025-07-30 23:11:05,312 [Worker-67: Building] INFO  o.a.m.s.f.DefaultMavenResourcesFiltering - skip non existing resourceDirectory /Users/karansingh/Desktop/Study_Material/SmrtPrm_SpringLearning/HibernateCrudOperations/src/main/resources
2025-07-30 23:11:05,315 [Worker-67: Building] INFO  o.a.m.s.f.DefaultMavenResourcesFiltering - skip non existing resourceDirectory /Users/karansingh/Desktop/Study_Material/SmrtPrm_SpringLearning/HibernateCrudOperations/src/test/resources
2025-07-30 23:11:12,555 [Worker-61: Building] INFO  o.a.m.s.f.DefaultMavenResourcesFiltering - skip non existing resourceDirectory /Users/karansingh/Desktop/Study_Material/SmrtPrm_SpringLearning/HibernateCrudOperations/src/main/resources
2025-07-30 23:11:12,557 [Worker-61: Building] INFO  o.a.m.s.f.DefaultMavenResourcesFiltering - skip non existing resourceDirectory /Users/karansingh/Desktop/Study_Material/SmrtPrm_SpringLearning/HibernateCrudOperations/src/test/resources
2025-07-30 23:11:35,648 [Worker-67: Building] INFO  o.a.m.s.f.DefaultMavenResourcesFiltering - skip non existing resourceDirectory /Users/karansingh/Desktop/Study_Material/SmrtPrm_SpringLearning/HibernateCrudOperations/src/main/resources
2025-07-30 23:11:35,649 [Worker-67: Building] INFO  o.a.m.s.f.DefaultMavenResourcesFiltering - skip non existing resourceDirectory /Users/karansingh/Desktop/Study_Material/SmrtPrm_SpringLearning/HibernateCrudOperations/src/test/resources
2025-07-30 23:12:17,046 [Worker-67: Building] INFO  o.a.m.s.f.DefaultMavenResourcesFiltering - skip non existing resourceDirectory /Users/karansingh/Desktop/Study_Material/SmrtPrm_SpringLearning/HibernateCrudOperations/src/main/resources
2025-07-30 23:12:17,047 [Worker-67: Building] INFO  o.a.m.s.f.DefaultMavenResourcesFiltering - skip non existing resourceDirectory /Users/karansingh/Desktop/Study_Material/SmrtPrm_SpringLearning/HibernateCrudOperations/src/test/resources
2025-07-30 23:12:21,998 [Worker-67: Building] INFO  o.a.m.s.f.DefaultMavenResourcesFiltering - skip non existing resourceDirectory /Users/karansingh/Desktop/Study_Material/SmrtPrm_SpringLearning/HibernateCrudOperations/src/main/resources
2025-07-30 23:12:21,998 [Worker-67: Building] INFO  o.a.m.s.f.DefaultMavenResourcesFiltering - skip non existing resourceDirectory /Users/karansingh/Desktop/Study_Material/SmrtPrm_SpringLearning/HibernateCrudOperations/src/test/resources
2025-07-30 23:12:33,866 [Worker-59: Building] INFO  o.a.m.s.f.DefaultMavenResourcesFiltering - skip non existing resourceDirectory /Users/karansingh/Desktop/Study_Material/SmrtPrm_SpringLearning/HibernateCrudOperations/src/main/resources
2025-07-30 23:12:33,866 [Worker-59: Building] INFO  o.a.m.s.f.DefaultMavenResourcesFiltering - skip non existing resourceDirectory /Users/karansingh/Desktop/Study_Material/SmrtPrm_SpringLearning/HibernateCrudOperations/src/test/resources
2025-07-30 23:12:39,553 [Worker-61: Building] INFO  o.a.m.s.f.DefaultMavenResourcesFiltering - skip non existing resourceDirectory /Users/karansingh/Desktop/Study_Material/SmrtPrm_SpringLearning/HibernateCrudOperations/src/main/resources
2025-07-30 23:12:39,554 [Worker-61: Building] INFO  o.a.m.s.f.DefaultMavenResourcesFiltering - skip non existing resourceDirectory /Users/karansingh/Desktop/Study_Material/SmrtPrm_SpringLearning/HibernateCrudOperations/src/test/resources
2025-07-30 23:12:41,206 [Worker-61: Building] INFO  o.a.m.s.f.DefaultMavenResourcesFiltering - skip non existing resourceDirectory /Users/karansingh/Desktop/Study_Material/SmrtPrm_SpringLearning/HibernateCrudOperations/src/main/resources
2025-07-30 23:12:41,207 [Worker-61: Building] INFO  o.a.m.s.f.DefaultMavenResourcesFiltering - skip non existing resourceDirectory /Users/karansingh/Desktop/Study_Material/SmrtPrm_SpringLearning/HibernateCrudOperations/src/test/resources
2025-07-30 23:12:51,136 [Worker-69: Building] INFO  o.a.m.s.f.DefaultMavenResourcesFiltering - skip non existing resourceDirectory /Users/karansingh/Desktop/Study_Material/SmrtPrm_SpringLearning/HibernateCrudOperations/src/main/resources
2025-07-30 23:12:51,137 [Worker-69: Building] INFO  o.a.m.s.f.DefaultMavenResourcesFiltering - skip non existing resourceDirectory /Users/karansingh/Desktop/Study_Material/SmrtPrm_SpringLearning/HibernateCrudOperations/src/test/resources
2025-07-30 23:13:10,623 [Worker-61: Building] INFO  o.a.m.s.f.DefaultMavenResourcesFiltering - skip non existing resourceDirectory /Users/karansingh/Desktop/Study_Material/SmrtPrm_SpringLearning/HibernateCrudOperations/src/main/resources
2025-07-30 23:13:10,625 [Worker-61: Building] INFO  o.a.m.s.f.DefaultMavenResourcesFiltering - skip non existing resourceDirectory /Users/karansingh/Desktop/Study_Material/SmrtPrm_SpringLearning/HibernateCrudOperations/src/test/resources
2025-07-30 23:13:18,551 [Worker-61: Building] INFO  o.a.m.s.f.DefaultMavenResourcesFiltering - skip non existing resourceDirectory /Users/karansingh/Desktop/Study_Material/SmrtPrm_SpringLearning/HibernateCrudOperations/src/main/resources
2025-07-30 23:13:18,552 [Worker-61: Building] INFO  o.a.m.s.f.DefaultMavenResourcesFiltering - skip non existing resourceDirectory /Users/karansingh/Desktop/Study_Material/SmrtPrm_SpringLearning/HibernateCrudOperations/src/test/resources
2025-07-30 23:13:24,252 [Worker-70: Building] INFO  o.a.m.s.f.DefaultMavenResourcesFiltering - skip non existing resourceDirectory /Users/karansingh/Desktop/Study_Material/SmrtPrm_SpringLearning/HibernateCrudOperations/src/main/resources
2025-07-30 23:13:24,253 [Worker-70: Building] INFO  o.a.m.s.f.DefaultMavenResourcesFiltering - skip non existing resourceDirectory /Users/karansingh/Desktop/Study_Material/SmrtPrm_SpringLearning/HibernateCrudOperations/src/test/resources
2025-07-30 23:13:27,562 [Worker-61: Building] INFO  o.a.m.s.f.DefaultMavenResourcesFiltering - skip non existing resourceDirectory /Users/karansingh/Desktop/Study_Material/SmrtPrm_SpringLearning/HibernateCrudOperations/src/main/resources
2025-07-30 23:13:27,563 [Worker-61: Building] INFO  o.a.m.s.f.DefaultMavenResourcesFiltering - skip non existing resourceDirectory /Users/karansingh/Desktop/Study_Material/SmrtPrm_SpringLearning/HibernateCrudOperations/src/test/resources
2025-07-30 23:13:40,356 [Worker-67: Building] INFO  o.a.m.s.f.DefaultMavenResourcesFiltering - skip non existing resourceDirectory /Users/karansingh/Desktop/Study_Material/SmrtPrm_SpringLearning/HibernateCrudOperations/src/main/resources
2025-07-30 23:13:40,357 [Worker-67: Building] INFO  o.a.m.s.f.DefaultMavenResourcesFiltering - skip non existing resourceDirectory /Users/karansingh/Desktop/Study_Material/SmrtPrm_SpringLearning/HibernateCrudOperations/src/test/resources
2025-07-30 23:13:55,897 [Worker-70: Building] INFO  o.a.m.s.f.DefaultMavenResourcesFiltering - skip non existing resourceDirectory /Users/karansingh/Desktop/Study_Material/SmrtPrm_SpringLearning/HibernateCrudOperations/src/main/resources
2025-07-30 23:13:55,898 [Worker-70: Building] INFO  o.a.m.s.f.DefaultMavenResourcesFiltering - skip non existing resourceDirectory /Users/karansingh/Desktop/Study_Material/SmrtPrm_SpringLearning/HibernateCrudOperations/src/test/resources
2025-07-30 23:14:13,054 [Worker-67: Building] INFO  o.a.m.s.f.DefaultMavenResourcesFiltering - skip non existing resourceDirectory /Users/karansingh/Desktop/Study_Material/SmrtPrm_SpringLearning/HibernateCrudOperations/src/main/resources
2025-07-30 23:14:13,055 [Worker-67: Building] INFO  o.a.m.s.f.DefaultMavenResourcesFiltering - skip non existing resourceDirectory /Users/karansingh/Desktop/Study_Material/SmrtPrm_SpringLearning/HibernateCrudOperations/src/test/resources
2025-07-30 23:14:17,857 [Worker-70: Building] INFO  o.a.m.s.f.DefaultMavenResourcesFiltering - skip non existing resourceDirectory /Users/karansingh/Desktop/Study_Material/SmrtPrm_SpringLearning/HibernateCrudOperations/src/main/resources
2025-07-30 23:14:17,859 [Worker-70: Building] INFO  o.a.m.s.f.DefaultMavenResourcesFiltering - skip non existing resourceDirectory /Users/karansingh/Desktop/Study_Material/SmrtPrm_SpringLearning/HibernateCrudOperations/src/test/resources
2025-07-30 23:14:28,151 [Worker-67: Building] INFO  o.a.m.s.f.DefaultMavenResourcesFiltering - skip non existing resourceDirectory /Users/karansingh/Desktop/Study_Material/SmrtPrm_SpringLearning/HibernateCrudOperations/src/main/resources
2025-07-30 23:14:28,152 [Worker-67: Building] INFO  o.a.m.s.f.DefaultMavenResourcesFiltering - skip non existing resourceDirectory /Users/karansingh/Desktop/Study_Material/SmrtPrm_SpringLearning/HibernateCrudOperations/src/test/resources
2025-07-30 23:15:00,781 [Worker-67: Building] INFO  o.a.m.s.f.DefaultMavenResourcesFiltering - skip non existing resourceDirectory /Users/karansingh/Desktop/Study_Material/SmrtPrm_SpringLearning/HibernateCrudOperations/src/main/resources
2025-07-30 23:15:00,781 [Worker-67: Building] INFO  o.a.m.s.f.DefaultMavenResourcesFiltering - skip non existing resourceDirectory /Users/karansingh/Desktop/Study_Material/SmrtPrm_SpringLearning/HibernateCrudOperations/src/test/resources
2025-07-30 23:15:07,968 [Worker-68: Building] INFO  o.a.m.s.f.DefaultMavenResourcesFiltering - skip non existing resourceDirectory /Users/karansingh/Desktop/Study_Material/SmrtPrm_SpringLearning/HibernateCrudOperations/src/main/resources
2025-07-30 23:15:07,969 [Worker-68: Building] INFO  o.a.m.s.f.DefaultMavenResourcesFiltering - skip non existing resourceDirectory /Users/karansingh/Desktop/Study_Material/SmrtPrm_SpringLearning/HibernateCrudOperations/src/test/resources
2025-07-30 23:15:49,832 [Worker-70: Building] INFO  o.a.m.s.f.DefaultMavenResourcesFiltering - skip non existing resourceDirectory /Users/karansingh/Desktop/Study_Material/SmrtPrm_SpringLearning/HibernateCrudOperations/src/main/resources
2025-07-30 23:15:49,833 [Worker-70: Building] INFO  o.a.m.s.f.DefaultMavenResourcesFiltering - skip non existing resourceDirectory /Users/karansingh/Desktop/Study_Material/SmrtPrm_SpringLearning/HibernateCrudOperations/src/test/resources
2025-07-30 23:15:52,780 [Worker-59: Building] INFO  o.a.m.s.f.DefaultMavenResourcesFiltering - skip non existing resourceDirectory /Users/karansingh/Desktop/Study_Material/SmrtPrm_SpringLearning/HibernateCrudOperations/src/main/resources
2025-07-30 23:15:52,781 [Worker-59: Building] INFO  o.a.m.s.f.DefaultMavenResourcesFiltering - skip non existing resourceDirectory /Users/karansingh/Desktop/Study_Material/SmrtPrm_SpringLearning/HibernateCrudOperations/src/test/resources
2025-07-30 23:15:58,836 [Worker-68: Building] INFO  o.a.m.s.f.DefaultMavenResourcesFiltering - skip non existing resourceDirectory /Users/karansingh/Desktop/Study_Material/SmrtPrm_SpringLearning/HibernateCrudOperations/src/main/resources
2025-07-30 23:15:58,837 [Worker-68: Building] INFO  o.a.m.s.f.DefaultMavenResourcesFiltering - skip non existing resourceDirectory /Users/karansingh/Desktop/Study_Material/SmrtPrm_SpringLearning/HibernateCrudOperations/src/test/resources
2025-07-30 23:16:19,436 [Worker-61: Building] INFO  o.a.m.s.f.DefaultMavenResourcesFiltering - skip non existing resourceDirectory /Users/karansingh/Desktop/Study_Material/SmrtPrm_SpringLearning/HibernateCrudOperations/src/main/resources
2025-07-30 23:16:19,437 [Worker-61: Building] INFO  o.a.m.s.f.DefaultMavenResourcesFiltering - skip non existing resourceDirectory /Users/karansingh/Desktop/Study_Material/SmrtPrm_SpringLearning/HibernateCrudOperations/src/test/resources
2025-07-30 23:16:27,414 [Worker-70: Building] INFO  o.a.m.s.f.DefaultMavenResourcesFiltering - skip non existing resourceDirectory /Users/karansingh/Desktop/Study_Material/SmrtPrm_SpringLearning/HibernateCrudOperations/src/main/resources
2025-07-30 23:16:27,415 [Worker-70: Building] INFO  o.a.m.s.f.DefaultMavenResourcesFiltering - skip non existing resourceDirectory /Users/karansingh/Desktop/Study_Material/SmrtPrm_SpringLearning/HibernateCrudOperations/src/test/resources
2025-07-30 23:16:29,407 [Worker-68: Building] INFO  o.a.m.s.f.DefaultMavenResourcesFiltering - skip non existing resourceDirectory /Users/karansingh/Desktop/Study_Material/SmrtPrm_SpringLearning/HibernateCrudOperations/src/main/resources
2025-07-30 23:16:29,408 [Worker-68: Building] INFO  o.a.m.s.f.DefaultMavenResourcesFiltering - skip non existing resourceDirectory /Users/karansingh/Desktop/Study_Material/SmrtPrm_SpringLearning/HibernateCrudOperations/src/test/resources
2025-07-30 23:18:37,976 [Worker-71: Building] INFO  o.a.m.s.f.DefaultMavenResourcesFiltering - skip non existing resourceDirectory /Users/karansingh/Desktop/Study_Material/SmrtPrm_SpringLearning/HibernateCrudOperations/src/main/resources
2025-07-30 23:18:37,978 [Worker-71: Building] INFO  o.a.m.s.f.DefaultMavenResourcesFiltering - skip non existing resourceDirectory /Users/karansingh/Desktop/Study_Material/SmrtPrm_SpringLearning/HibernateCrudOperations/src/test/resources
2025-07-30 23:18:49,207 [Worker-59: Building] INFO  o.a.m.s.f.DefaultMavenResourcesFiltering - skip non existing resourceDirectory /Users/karansingh/Desktop/Study_Material/SmrtPrm_SpringLearning/HibernateCrudOperations/src/main/resources
2025-07-30 23:18:49,208 [Worker-59: Building] INFO  o.a.m.s.f.DefaultMavenResourcesFiltering - skip non existing resourceDirectory /Users/karansingh/Desktop/Study_Material/SmrtPrm_SpringLearning/HibernateCrudOperations/src/test/resources
2025-07-30 23:19:05,127 [Worker-72: Building] INFO  o.a.m.s.f.DefaultMavenResourcesFiltering - skip non existing resourceDirectory /Users/karansingh/Desktop/Study_Material/SmrtPrm_SpringLearning/HibernateCrudOperations/src/main/resources
2025-07-30 23:19:05,128 [Worker-72: Building] INFO  o.a.m.s.f.DefaultMavenResourcesFiltering - skip non existing resourceDirectory /Users/karansingh/Desktop/Study_Material/SmrtPrm_SpringLearning/HibernateCrudOperations/src/test/resources
2025-07-30 23:19:06,523 [Worker-70: Building] INFO  o.a.m.s.f.DefaultMavenResourcesFiltering - skip non existing resourceDirectory /Users/karansingh/Desktop/Study_Material/SmrtPrm_SpringLearning/HibernateCrudOperations/src/main/resources
2025-07-30 23:19:06,523 [Worker-70: Building] INFO  o.a.m.s.f.DefaultMavenResourcesFiltering - skip non existing resourceDirectory /Users/karansingh/Desktop/Study_Material/SmrtPrm_SpringLearning/HibernateCrudOperations/src/test/resources
2025-07-30 23:19:10,548 [Worker-72: Building] INFO  o.a.m.s.f.DefaultMavenResourcesFiltering - skip non existing resourceDirectory /Users/karansingh/Desktop/Study_Material/SmrtPrm_SpringLearning/HibernateCrudOperations/src/main/resources
2025-07-30 23:19:10,549 [Worker-72: Building] INFO  o.a.m.s.f.DefaultMavenResourcesFiltering - skip non existing resourceDirectory /Users/karansingh/Desktop/Study_Material/SmrtPrm_SpringLearning/HibernateCrudOperations/src/test/resources
2025-07-30 23:19:28,406 [Worker-71: Building] INFO  o.a.m.s.f.DefaultMavenResourcesFiltering - skip non existing resourceDirectory /Users/karansingh/Desktop/Study_Material/SmrtPrm_SpringLearning/HibernateCrudOperations/src/main/resources
2025-07-30 23:19:28,407 [Worker-71: Building] INFO  o.a.m.s.f.DefaultMavenResourcesFiltering - skip non existing resourceDirectory /Users/karansingh/Desktop/Study_Material/SmrtPrm_SpringLearning/HibernateCrudOperations/src/test/resources
2025-07-30 23:19:30,966 [Worker-71: Building] INFO  o.a.m.s.f.DefaultMavenResourcesFiltering - skip non existing resourceDirectory /Users/karansingh/Desktop/Study_Material/SmrtPrm_SpringLearning/HibernateCrudOperations/src/main/resources
2025-07-30 23:19:30,966 [Worker-71: Building] INFO  o.a.m.s.f.DefaultMavenResourcesFiltering - skip non existing resourceDirectory /Users/karansingh/Desktop/Study_Material/SmrtPrm_SpringLearning/HibernateCrudOperations/src/test/resources
2025-07-30 23:19:34,808 [Worker-72: Building] INFO  o.a.m.s.f.DefaultMavenResourcesFiltering - skip non existing resourceDirectory /Users/karansingh/Desktop/Study_Material/SmrtPrm_SpringLearning/HibernateCrudOperations/src/main/resources
2025-07-30 23:19:34,809 [Worker-72: Building] INFO  o.a.m.s.f.DefaultMavenResourcesFiltering - skip non existing resourceDirectory /Users/karansingh/Desktop/Study_Material/SmrtPrm_SpringLearning/HibernateCrudOperations/src/test/resources
2025-07-30 23:19:38,347 [Worker-59: Building] INFO  o.a.m.s.f.DefaultMavenResourcesFiltering - skip non existing resourceDirectory /Users/karansingh/Desktop/Study_Material/SmrtPrm_SpringLearning/HibernateCrudOperations/src/main/resources
2025-07-30 23:19:38,348 [Worker-59: Building] INFO  o.a.m.s.f.DefaultMavenResourcesFiltering - skip non existing resourceDirectory /Users/karansingh/Desktop/Study_Material/SmrtPrm_SpringLearning/HibernateCrudOperations/src/test/resources
2025-07-30 23:19:47,440 [Worker-72: Building] INFO  o.a.m.s.f.DefaultMavenResourcesFiltering - skip non existing resourceDirectory /Users/karansingh/Desktop/Study_Material/SmrtPrm_SpringLearning/HibernateCrudOperations/src/main/resources
2025-07-30 23:19:47,441 [Worker-72: Building] INFO  o.a.m.s.f.DefaultMavenResourcesFiltering - skip non existing resourceDirectory /Users/karansingh/Desktop/Study_Material/SmrtPrm_SpringLearning/HibernateCrudOperations/src/test/resources
2025-07-30 23:19:56,662 [Worker-70: Building] INFO  o.a.m.s.f.DefaultMavenResourcesFiltering - skip non existing resourceDirectory /Users/karansingh/Desktop/Study_Material/SmrtPrm_SpringLearning/HibernateCrudOperations/src/main/resources
2025-07-30 23:19:56,662 [Worker-70: Building] INFO  o.a.m.s.f.DefaultMavenResourcesFiltering - skip non existing resourceDirectory /Users/karansingh/Desktop/Study_Material/SmrtPrm_SpringLearning/HibernateCrudOperations/src/test/resources
2025-07-30 23:20:03,300 [Worker-72: Building] INFO  o.a.m.s.f.DefaultMavenResourcesFiltering - skip non existing resourceDirectory /Users/karansingh/Desktop/Study_Material/SmrtPrm_SpringLearning/HibernateCrudOperations/src/main/resources
2025-07-30 23:20:03,300 [Worker-72: Building] INFO  o.a.m.s.f.DefaultMavenResourcesFiltering - skip non existing resourceDirectory /Users/karansingh/Desktop/Study_Material/SmrtPrm_SpringLearning/HibernateCrudOperations/src/test/resources
2025-07-30 23:20:27,246 [Worker-71: Building] INFO  o.a.m.s.f.DefaultMavenResourcesFiltering - skip non existing resourceDirectory /Users/karansingh/Desktop/Study_Material/SmrtPrm_SpringLearning/HibernateCrudOperations/src/main/resources
2025-07-30 23:20:27,247 [Worker-71: Building] INFO  o.a.m.s.f.DefaultMavenResourcesFiltering - skip non existing resourceDirectory /Users/karansingh/Desktop/Study_Material/SmrtPrm_SpringLearning/HibernateCrudOperations/src/test/resources
2025-07-30 23:20:31,886 [Worker-70: Building] INFO  o.a.m.s.f.DefaultMavenResourcesFiltering - skip non existing resourceDirectory /Users/karansingh/Desktop/Study_Material/SmrtPrm_SpringLearning/HibernateCrudOperations/src/main/resources
2025-07-30 23:20:31,886 [Worker-70: Building] INFO  o.a.m.s.f.DefaultMavenResourcesFiltering - skip non existing resourceDirectory /Users/karansingh/Desktop/Study_Material/SmrtPrm_SpringLearning/HibernateCrudOperations/src/test/resources
2025-07-30 23:20:39,195 [Worker-72: Building] INFO  o.a.m.s.f.DefaultMavenResourcesFiltering - skip non existing resourceDirectory /Users/karansingh/Desktop/Study_Material/SmrtPrm_SpringLearning/HibernateCrudOperations/src/main/resources
2025-07-30 23:20:39,196 [Worker-72: Building] INFO  o.a.m.s.f.DefaultMavenResourcesFiltering - skip non existing resourceDirectory /Users/karansingh/Desktop/Study_Material/SmrtPrm_SpringLearning/HibernateCrudOperations/src/test/resources
2025-07-30 23:21:55,142 [Worker-73: Building] INFO  o.a.m.s.f.DefaultMavenResourcesFiltering - skip non existing resourceDirectory /Users/karansingh/Desktop/Study_Material/SmrtPrm_SpringLearning/HibernateCrudOperations/src/main/resources
2025-07-30 23:21:55,143 [Worker-73: Building] INFO  o.a.m.s.f.DefaultMavenResourcesFiltering - skip non existing resourceDirectory /Users/karansingh/Desktop/Study_Material/SmrtPrm_SpringLearning/HibernateCrudOperations/src/test/resources
2025-07-30 23:21:57,674 [Worker-70: Building] INFO  o.a.m.s.f.DefaultMavenResourcesFiltering - skip non existing resourceDirectory /Users/karansingh/Desktop/Study_Material/SmrtPrm_SpringLearning/HibernateCrudOperations/src/main/resources
2025-07-30 23:21:57,675 [Worker-70: Building] INFO  o.a.m.s.f.DefaultMavenResourcesFiltering - skip non existing resourceDirectory /Users/karansingh/Desktop/Study_Material/SmrtPrm_SpringLearning/HibernateCrudOperations/src/test/resources
2025-07-30 23:21:59,132 [Worker-73: Building] INFO  o.a.m.s.f.DefaultMavenResourcesFiltering - skip non existing resourceDirectory /Users/karansingh/Desktop/Study_Material/SmrtPrm_SpringLearning/HibernateCrudOperations/src/main/resources
2025-07-30 23:21:59,132 [Worker-73: Building] INFO  o.a.m.s.f.DefaultMavenResourcesFiltering - skip non existing resourceDirectory /Users/karansingh/Desktop/Study_Material/SmrtPrm_SpringLearning/HibernateCrudOperations/src/test/resources
2025-07-30 23:22:10,799 [Worker-74: Building] INFO  o.a.m.s.f.DefaultMavenResourcesFiltering - skip non existing resourceDirectory /Users/karansingh/Desktop/Study_Material/SmrtPrm_SpringLearning/HibernateCrudOperations/src/main/resources
2025-07-30 23:22:10,800 [Worker-74: Building] INFO  o.a.m.s.f.DefaultMavenResourcesFiltering - skip non existing resourceDirectory /Users/karansingh/Desktop/Study_Material/SmrtPrm_SpringLearning/HibernateCrudOperations/src/test/resources
2025-07-30 23:22:12,988 [Worker-70: Building] INFO  o.a.m.s.f.DefaultMavenResourcesFiltering - skip non existing resourceDirectory /Users/karansingh/Desktop/Study_Material/SmrtPrm_SpringLearning/HibernateCrudOperations/src/main/resources
2025-07-30 23:22:12,989 [Worker-70: Building] INFO  o.a.m.s.f.DefaultMavenResourcesFiltering - skip non existing resourceDirectory /Users/karansingh/Desktop/Study_Material/SmrtPrm_SpringLearning/HibernateCrudOperations/src/test/resources
2025-07-30 23:23:27,343 [Worker-74: Building] INFO  o.a.m.s.f.DefaultMavenResourcesFiltering - skip non existing resourceDirectory /Users/karansingh/Desktop/Study_Material/SmrtPrm_SpringLearning/HibernateCrudOperations/src/main/resources
2025-07-30 23:23:27,346 [Worker-74: Building] INFO  o.a.m.s.f.DefaultMavenResourcesFiltering - skip non existing resourceDirectory /Users/karansingh/Desktop/Study_Material/SmrtPrm_SpringLearning/HibernateCrudOperations/src/test/resources
2025-07-30 23:23:36,046 [Worker-71: Building] INFO  o.a.m.s.f.DefaultMavenResourcesFiltering - skip non existing resourceDirectory /Users/karansingh/Desktop/Study_Material/SmrtPrm_SpringLearning/HibernateCrudOperations/src/main/resources
2025-07-30 23:23:36,046 [Worker-71: Building] INFO  o.a.m.s.f.DefaultMavenResourcesFiltering - skip non existing resourceDirectory /Users/karansingh/Desktop/Study_Material/SmrtPrm_SpringLearning/HibernateCrudOperations/src/test/resources
2025-07-30 23:23:42,013 [Worker-71: Building] INFO  o.a.m.s.f.DefaultMavenResourcesFiltering - skip non existing resourceDirectory /Users/karansingh/Desktop/Study_Material/SmrtPrm_SpringLearning/HibernateCrudOperations/src/main/resources
2025-07-30 23:23:42,013 [Worker-71: Building] INFO  o.a.m.s.f.DefaultMavenResourcesFiltering - skip non existing resourceDirectory /Users/karansingh/Desktop/Study_Material/SmrtPrm_SpringLearning/HibernateCrudOperations/src/test/resources
2025-07-30 23:23:48,330 [Worker-74: Building] INFO  o.a.m.s.f.DefaultMavenResourcesFiltering - skip non existing resourceDirectory /Users/karansingh/Desktop/Study_Material/SmrtPrm_SpringLearning/HibernateCrudOperations/src/main/resources
2025-07-30 23:23:48,333 [Worker-74: Building] INFO  o.a.m.s.f.DefaultMavenResourcesFiltering - skip non existing resourceDirectory /Users/karansingh/Desktop/Study_Material/SmrtPrm_SpringLearning/HibernateCrudOperations/src/test/resources
2025-07-30 23:23:55,595 [Worker-73: Building] INFO  o.a.m.s.f.DefaultMavenResourcesFiltering - skip non existing resourceDirectory /Users/karansingh/Desktop/Study_Material/SmrtPrm_SpringLearning/HibernateCrudOperations/src/main/resources
2025-07-30 23:23:55,597 [Worker-73: Building] INFO  o.a.m.s.f.DefaultMavenResourcesFiltering - skip non existing resourceDirectory /Users/karansingh/Desktop/Study_Material/SmrtPrm_SpringLearning/HibernateCrudOperations/src/test/resources
2025-07-30 23:23:58,546 [Worker-73: Building] INFO  o.a.m.s.f.DefaultMavenResourcesFiltering - skip non existing resourceDirectory /Users/karansingh/Desktop/Study_Material/SmrtPrm_SpringLearning/HibernateCrudOperations/src/main/resources
2025-07-30 23:23:58,547 [Worker-73: Building] INFO  o.a.m.s.f.DefaultMavenResourcesFiltering - skip non existing resourceDirectory /Users/karansingh/Desktop/Study_Material/SmrtPrm_SpringLearning/HibernateCrudOperations/src/test/resources
2025-07-30 23:24:05,545 [Worker-59: Building] INFO  o.a.m.s.f.DefaultMavenResourcesFiltering - skip non existing resourceDirectory /Users/karansingh/Desktop/Study_Material/SmrtPrm_SpringLearning/HibernateCrudOperations/src/main/resources
2025-07-30 23:24:05,545 [Worker-59: Building] INFO  o.a.m.s.f.DefaultMavenResourcesFiltering - skip non existing resourceDirectory /Users/karansingh/Desktop/Study_Material/SmrtPrm_SpringLearning/HibernateCrudOperations/src/test/resources
2025-07-30 23:24:08,645 [Worker-74: Building] INFO  o.a.m.s.f.DefaultMavenResourcesFiltering - skip non existing resourceDirectory /Users/karansingh/Desktop/Study_Material/SmrtPrm_SpringLearning/HibernateCrudOperations/src/main/resources
2025-07-30 23:24:08,645 [Worker-74: Building] INFO  o.a.m.s.f.DefaultMavenResourcesFiltering - skip non existing resourceDirectory /Users/karansingh/Desktop/Study_Material/SmrtPrm_SpringLearning/HibernateCrudOperations/src/test/resources
2025-07-30 23:24:21,146 [Worker-74: Building] INFO  o.a.m.s.f.DefaultMavenResourcesFiltering - skip non existing resourceDirectory /Users/karansingh/Desktop/Study_Material/SmrtPrm_SpringLearning/HibernateCrudOperations/src/main/resources
2025-07-30 23:24:21,147 [Worker-74: Building] INFO  o.a.m.s.f.DefaultMavenResourcesFiltering - skip non existing resourceDirectory /Users/karansingh/Desktop/Study_Material/SmrtPrm_SpringLearning/HibernateCrudOperations/src/test/resources
2025-07-30 23:24:30,933 [Worker-59: Building] INFO  o.a.m.s.f.DefaultMavenResourcesFiltering - skip non existing resourceDirectory /Users/karansingh/Desktop/Study_Material/SmrtPrm_SpringLearning/HibernateCrudOperations/src/main/resources
2025-07-30 23:24:30,934 [Worker-59: Building] INFO  o.a.m.s.f.DefaultMavenResourcesFiltering - skip non existing resourceDirectory /Users/karansingh/Desktop/Study_Material/SmrtPrm_SpringLearning/HibernateCrudOperations/src/test/resources
2025-07-30 23:24:59,520 [Worker-70: Building] INFO  o.a.m.s.f.DefaultMavenResourcesFiltering - skip non existing resourceDirectory /Users/karansingh/Desktop/Study_Material/SmrtPrm_SpringLearning/HibernateCrudOperations/src/main/resources
2025-07-30 23:24:59,520 [Worker-70: Building] INFO  o.a.m.s.f.DefaultMavenResourcesFiltering - skip non existing resourceDirectory /Users/karansingh/Desktop/Study_Material/SmrtPrm_SpringLearning/HibernateCrudOperations/src/test/resources
2025-07-30 23:25:19,486 [Worker-71: Building] INFO  o.a.m.s.f.DefaultMavenResourcesFiltering - skip non existing resourceDirectory /Users/karansingh/Desktop/Study_Material/SmrtPrm_SpringLearning/HibernateCrudOperations/src/main/resources
2025-07-30 23:25:19,487 [Worker-71: Building] INFO  o.a.m.s.f.DefaultMavenResourcesFiltering - skip non existing resourceDirectory /Users/karansingh/Desktop/Study_Material/SmrtPrm_SpringLearning/HibernateCrudOperations/src/test/resources
2025-07-30 23:25:22,290 [Worker-70: Building] INFO  o.a.m.s.f.DefaultMavenResourcesFiltering - skip non existing resourceDirectory /Users/karansingh/Desktop/Study_Material/SmrtPrm_SpringLearning/HibernateCrudOperations/src/main/resources
2025-07-30 23:25:22,291 [Worker-70: Building] INFO  o.a.m.s.f.DefaultMavenResourcesFiltering - skip non existing resourceDirectory /Users/karansingh/Desktop/Study_Material/SmrtPrm_SpringLearning/HibernateCrudOperations/src/test/resources
2025-07-30 23:25:26,844 [Worker-70: Building] INFO  o.a.m.s.f.DefaultMavenResourcesFiltering - skip non existing resourceDirectory /Users/karansingh/Desktop/Study_Material/SmrtPrm_SpringLearning/HibernateCrudOperations/src/main/resources
2025-07-30 23:25:26,845 [Worker-70: Building] INFO  o.a.m.s.f.DefaultMavenResourcesFiltering - skip non existing resourceDirectory /Users/karansingh/Desktop/Study_Material/SmrtPrm_SpringLearning/HibernateCrudOperations/src/test/resources
2025-07-30 23:25:33,174 [Worker-59: Building] INFO  o.a.m.s.f.DefaultMavenResourcesFiltering - skip non existing resourceDirectory /Users/karansingh/Desktop/Study_Material/SmrtPrm_SpringLearning/HibernateCrudOperations/src/main/resources
2025-07-30 23:25:33,174 [Worker-59: Building] INFO  o.a.m.s.f.DefaultMavenResourcesFiltering - skip non existing resourceDirectory /Users/karansingh/Desktop/Study_Material/SmrtPrm_SpringLearning/HibernateCrudOperations/src/test/resources
2025-07-30 23:25:38,278 [Worker-70: Building] INFO  o.a.m.s.f.DefaultMavenResourcesFiltering - skip non existing resourceDirectory /Users/karansingh/Desktop/Study_Material/SmrtPrm_SpringLearning/HibernateCrudOperations/src/main/resources
2025-07-30 23:25:38,279 [Worker-70: Building] INFO  o.a.m.s.f.DefaultMavenResourcesFiltering - skip non existing resourceDirectory /Users/karansingh/Desktop/Study_Material/SmrtPrm_SpringLearning/HibernateCrudOperations/src/test/resources
2025-07-30 23:25:50,704 [Worker-70: Building] INFO  o.a.m.s.f.DefaultMavenResourcesFiltering - skip non existing resourceDirectory /Users/karansingh/Desktop/Study_Material/SmrtPrm_SpringLearning/HibernateCrudOperations/src/main/resources
2025-07-30 23:25:50,705 [Worker-70: Building] INFO  o.a.m.s.f.DefaultMavenResourcesFiltering - skip non existing resourceDirectory /Users/karansingh/Desktop/Study_Material/SmrtPrm_SpringLearning/HibernateCrudOperations/src/test/resources
2025-07-30 23:26:04,467 [Worker-71: Building] INFO  o.a.m.s.f.DefaultMavenResourcesFiltering - skip non existing resourceDirectory /Users/karansingh/Desktop/Study_Material/SmrtPrm_SpringLearning/HibernateCrudOperations/src/main/resources
2025-07-30 23:26:04,468 [Worker-71: Building] INFO  o.a.m.s.f.DefaultMavenResourcesFiltering - skip non existing resourceDirectory /Users/karansingh/Desktop/Study_Material/SmrtPrm_SpringLearning/HibernateCrudOperations/src/test/resources
2025-07-30 23:26:05,703 [Worker-70: Building] INFO  o.a.m.s.f.DefaultMavenResourcesFiltering - skip non existing resourceDirectory /Users/karansingh/Desktop/Study_Material/SmrtPrm_SpringLearning/HibernateCrudOperations/src/main/resources
2025-07-30 23:26:05,704 [Worker-70: Building] INFO  o.a.m.s.f.DefaultMavenResourcesFiltering - skip non existing resourceDirectory /Users/karansingh/Desktop/Study_Material/SmrtPrm_SpringLearning/HibernateCrudOperations/src/test/resources
2025-07-30 23:26:18,327 [Worker-71: Building] INFO  o.a.m.s.f.DefaultMavenResourcesFiltering - skip non existing resourceDirectory /Users/karansingh/Desktop/Study_Material/SmrtPrm_SpringLearning/HibernateCrudOperations/src/main/resources
2025-07-30 23:26:18,327 [Worker-71: Building] INFO  o.a.m.s.f.DefaultMavenResourcesFiltering - skip non existing resourceDirectory /Users/karansingh/Desktop/Study_Material/SmrtPrm_SpringLearning/HibernateCrudOperations/src/test/resources
2025-07-30 23:26:28,525 [Worker-71: Building] INFO  o.a.m.s.f.DefaultMavenResourcesFiltering - skip non existing resourceDirectory /Users/karansingh/Desktop/Study_Material/SmrtPrm_SpringLearning/HibernateCrudOperations/src/main/resources
2025-07-30 23:26:28,527 [Worker-71: Building] INFO  o.a.m.s.f.DefaultMavenResourcesFiltering - skip non existing resourceDirectory /Users/karansingh/Desktop/Study_Material/SmrtPrm_SpringLearning/HibernateCrudOperations/src/test/resources
2025-07-30 23:27:02,640 [Worker-70: Building] INFO  o.a.m.s.f.DefaultMavenResourcesFiltering - skip non existing resourceDirectory /Users/karansingh/Desktop/Study_Material/SmrtPrm_SpringLearning/HibernateCrudOperations/src/main/resources
2025-07-30 23:27:02,641 [Worker-70: Building] INFO  o.a.m.s.f.DefaultMavenResourcesFiltering - skip non existing resourceDirectory /Users/karansingh/Desktop/Study_Material/SmrtPrm_SpringLearning/HibernateCrudOperations/src/test/resources
2025-07-30 23:27:03,931 [Worker-70: Building] INFO  o.a.m.s.f.DefaultMavenResourcesFiltering - skip non existing resourceDirectory /Users/karansingh/Desktop/Study_Material/SmrtPrm_SpringLearning/HibernateCrudOperations/src/main/resources
2025-07-30 23:27:03,932 [Worker-70: Building] INFO  o.a.m.s.f.DefaultMavenResourcesFiltering - skip non existing resourceDirectory /Users/karansingh/Desktop/Study_Material/SmrtPrm_SpringLearning/HibernateCrudOperations/src/test/resources
2025-07-30 23:27:18,086 [Worker-73: Building] INFO  o.a.m.s.f.DefaultMavenResourcesFiltering - skip non existing resourceDirectory /Users/karansingh/Desktop/Study_Material/SmrtPrm_SpringLearning/HibernateCrudOperations/src/main/resources
2025-07-30 23:27:18,086 [Worker-73: Building] INFO  o.a.m.s.f.DefaultMavenResourcesFiltering - skip non existing resourceDirectory /Users/karansingh/Desktop/Study_Material/SmrtPrm_SpringLearning/HibernateCrudOperations/src/test/resources
2025-07-30 23:27:21,663 [Worker-70: Building] INFO  o.a.m.s.f.DefaultMavenResourcesFiltering - skip non existing resourceDirectory /Users/karansingh/Desktop/Study_Material/SmrtPrm_SpringLearning/HibernateCrudOperations/src/main/resources
2025-07-30 23:27:21,664 [Worker-70: Building] INFO  o.a.m.s.f.DefaultMavenResourcesFiltering - skip non existing resourceDirectory /Users/karansingh/Desktop/Study_Material/SmrtPrm_SpringLearning/HibernateCrudOperations/src/test/resources
2025-07-30 23:27:27,843 [Worker-73: Building] INFO  o.a.m.s.f.DefaultMavenResourcesFiltering - skip non existing resourceDirectory /Users/karansingh/Desktop/Study_Material/SmrtPrm_SpringLearning/HibernateCrudOperations/src/main/resources
2025-07-30 23:27:27,844 [Worker-73: Building] INFO  o.a.m.s.f.DefaultMavenResourcesFiltering - skip non existing resourceDirectory /Users/karansingh/Desktop/Study_Material/SmrtPrm_SpringLearning/HibernateCrudOperations/src/test/resources
2025-07-30 23:27:31,446 [Worker-71: Building] INFO  o.a.m.s.f.DefaultMavenResourcesFiltering - skip non existing resourceDirectory /Users/karansingh/Desktop/Study_Material/SmrtPrm_SpringLearning/HibernateCrudOperations/src/main/resources
2025-07-30 23:27:31,447 [Worker-71: Building] INFO  o.a.m.s.f.DefaultMavenResourcesFiltering - skip non existing resourceDirectory /Users/karansingh/Desktop/Study_Material/SmrtPrm_SpringLearning/HibernateCrudOperations/src/test/resources
2025-07-30 23:27:36,861 [Worker-70: Building] INFO  o.a.m.s.f.DefaultMavenResourcesFiltering - skip non existing resourceDirectory /Users/karansingh/Desktop/Study_Material/SmrtPrm_SpringLearning/HibernateCrudOperations/src/main/resources
2025-07-30 23:27:36,861 [Worker-70: Building] INFO  o.a.m.s.f.DefaultMavenResourcesFiltering - skip non existing resourceDirectory /Users/karansingh/Desktop/Study_Material/SmrtPrm_SpringLearning/HibernateCrudOperations/src/test/resources
2025-07-30 23:27:48,835 [Worker-70: Building] INFO  o.a.m.s.f.DefaultMavenResourcesFiltering - skip non existing resourceDirectory /Users/karansingh/Desktop/Study_Material/SmrtPrm_SpringLearning/HibernateCrudOperations/src/main/resources
2025-07-30 23:27:48,836 [Worker-70: Building] INFO  o.a.m.s.f.DefaultMavenResourcesFiltering - skip non existing resourceDirectory /Users/karansingh/Desktop/Study_Material/SmrtPrm_SpringLearning/HibernateCrudOperations/src/test/resources
2025-07-30 23:28:22,389 [Worker-75: Download sources and javadoc] INFO  o.e.m.c.i.e.AbstractTransferListenerAdapter - Downloaded https://repo.maven.apache.org/maven2/antlr/antlr/2.7.7/antlr-2.7.7-javadoc.jar
2025-07-30 23:28:22,391 [Worker-75: Download sources and javadoc] ERROR o.e.m.j.internal.DownloadSourcesJob - Could not download javadoc for antlr:antlr:2.7.7
org.eclipse.core.runtime.CoreException: Could not resolve artifact antlr:antlr:jar:javadoc:2.7.7
	at org.eclipse.m2e.core.internal.embedder.MavenImpl.lambda$7(MavenImpl.java:540)
	at org.eclipse.m2e.core.internal.embedder.MavenExecutionContext.executeBare(MavenExecutionContext.java:458)
	at org.eclipse.m2e.core.internal.embedder.MavenExecutionContext.execute(MavenExecutionContext.java:292)
	at org.eclipse.m2e.core.internal.embedder.MavenExecutionContext.execute(MavenExecutionContext.java:278)
	at org.eclipse.m2e.core.internal.embedder.MavenImpl.resolve(MavenImpl.java:509)
	at org.eclipse.m2e.core.internal.embedder.MavenImpl.resolve(MavenImpl.java:494)
	at org.eclipse.m2e.jdt.internal.DownloadSourcesJob.download(DownloadSourcesJob.java:308)
	at org.eclipse.m2e.jdt.internal.DownloadSourcesJob.downloadAttachments(DownloadSourcesJob.java:294)
	at org.eclipse.m2e.jdt.internal.DownloadSourcesJob.downloadMaven(DownloadSourcesJob.java:252)
	at org.eclipse.m2e.jdt.internal.DownloadSourcesJob.downloadFilesAndPopulateToUpdate(DownloadSourcesJob.java:220)
	at org.eclipse.m2e.jdt.internal.DownloadSourcesJob.lambda$0(DownloadSourcesJob.java:149)
	at org.eclipse.m2e.core.internal.embedder.MavenExecutionContext.executeBare(MavenExecutionContext.java:458)
	at org.eclipse.m2e.core.internal.embedder.MavenExecutionContext.execute(MavenExecutionContext.java:339)
	at org.eclipse.m2e.core.internal.embedder.MavenExecutionContext.execute(MavenExecutionContext.java:278)
	at org.eclipse.m2e.core.embedder.IMaven.execute(IMaven.java:300)
	at org.eclipse.m2e.jdt.internal.DownloadSourcesJob.run(DownloadSourcesJob.java:149)
	at org.eclipse.core.internal.jobs.Worker.run(Worker.java:63)
2025-07-30 23:58:31,083 [Worker-74: Building] INFO  o.a.m.s.f.DefaultMavenResourcesFiltering - skip non existing resourceDirectory /Users/karansingh/Desktop/Study_Material/SmrtPrm_SpringLearning/HibernateCrudOperations/src/main/resources
2025-07-30 23:58:31,084 [Worker-74: Building] INFO  o.a.m.s.f.DefaultMavenResourcesFiltering - skip non existing resourceDirectory /Users/karansingh/Desktop/Study_Material/SmrtPrm_SpringLearning/HibernateCrudOperations/src/test/resources
2025-07-30 23:58:36,283 [Worker-81: Building] INFO  o.a.m.s.f.DefaultMavenResourcesFiltering - skip non existing resourceDirectory /Users/karansingh/Desktop/Study_Material/SmrtPrm_SpringLearning/HibernateCrudOperations/src/main/resources
2025-07-30 23:58:36,283 [Worker-81: Building] INFO  o.a.m.s.f.DefaultMavenResourcesFiltering - skip non existing resourceDirectory /Users/karansingh/Desktop/Study_Material/SmrtPrm_SpringLearning/HibernateCrudOperations/src/test/resources
2025-07-30 23:58:40,176 [Worker-80: Building] INFO  o.a.m.s.f.DefaultMavenResourcesFiltering - skip non existing resourceDirectory /Users/karansingh/Desktop/Study_Material/SmrtPrm_SpringLearning/HibernateCrudOperations/src/main/resources
2025-07-30 23:58:40,177 [Worker-80: Building] INFO  o.a.m.s.f.DefaultMavenResourcesFiltering - skip non existing resourceDirectory /Users/karansingh/Desktop/Study_Material/SmrtPrm_SpringLearning/HibernateCrudOperations/src/test/resources
2025-07-30 23:58:44,597 [Worker-81: Building] INFO  o.a.m.s.f.DefaultMavenResourcesFiltering - skip non existing resourceDirectory /Users/karansingh/Desktop/Study_Material/SmrtPrm_SpringLearning/HibernateCrudOperations/src/main/resources
2025-07-30 23:58:44,597 [Worker-81: Building] INFO  o.a.m.s.f.DefaultMavenResourcesFiltering - skip non existing resourceDirectory /Users/karansingh/Desktop/Study_Material/SmrtPrm_SpringLearning/HibernateCrudOperations/src/test/resources
2025-07-30 23:58:48,764 [Worker-80: Building] INFO  o.a.m.s.f.DefaultMavenResourcesFiltering - skip non existing resourceDirectory /Users/karansingh/Desktop/Study_Material/SmrtPrm_SpringLearning/HibernateCrudOperations/src/main/resources
2025-07-30 23:58:48,764 [Worker-80: Building] INFO  o.a.m.s.f.DefaultMavenResourcesFiltering - skip non existing resourceDirectory /Users/karansingh/Desktop/Study_Material/SmrtPrm_SpringLearning/HibernateCrudOperations/src/test/resources
2025-07-30 23:59:08,892 [Worker-81: Building] INFO  o.a.m.s.f.DefaultMavenResourcesFiltering - skip non existing resourceDirectory /Users/karansingh/Desktop/Study_Material/SmrtPrm_SpringLearning/HibernateCrudOperations/src/main/resources
2025-07-30 23:59:08,894 [Worker-81: Building] INFO  o.a.m.s.f.DefaultMavenResourcesFiltering - skip non existing resourceDirectory /Users/karansingh/Desktop/Study_Material/SmrtPrm_SpringLearning/HibernateCrudOperations/src/test/resources
2025-07-30 23:59:11,871 [Worker-80: Building] INFO  o.a.m.s.f.DefaultMavenResourcesFiltering - skip non existing resourceDirectory /Users/karansingh/Desktop/Study_Material/SmrtPrm_SpringLearning/HibernateCrudOperations/src/main/resources
2025-07-30 23:59:11,871 [Worker-80: Building] INFO  o.a.m.s.f.DefaultMavenResourcesFiltering - skip non existing resourceDirectory /Users/karansingh/Desktop/Study_Material/SmrtPrm_SpringLearning/HibernateCrudOperations/src/test/resources
2025-07-30 23:59:13,280 [Worker-83: Building] INFO  o.a.m.s.f.DefaultMavenResourcesFiltering - skip non existing resourceDirectory /Users/karansingh/Desktop/Study_Material/SmrtPrm_SpringLearning/HibernateCrudOperations/src/main/resources
2025-07-30 23:59:13,280 [Worker-83: Building] INFO  o.a.m.s.f.DefaultMavenResourcesFiltering - skip non existing resourceDirectory /Users/karansingh/Desktop/Study_Material/SmrtPrm_SpringLearning/HibernateCrudOperations/src/test/resources
2025-07-30 23:59:22,699 [Worker-74: Building] INFO  o.a.m.s.f.DefaultMavenResourcesFiltering - skip non existing resourceDirectory /Users/karansingh/Desktop/Study_Material/SmrtPrm_SpringLearning/HibernateCrudOperations/src/main/resources
2025-07-30 23:59:22,700 [Worker-74: Building] INFO  o.a.m.s.f.DefaultMavenResourcesFiltering - skip non existing resourceDirectory /Users/karansingh/Desktop/Study_Material/SmrtPrm_SpringLearning/HibernateCrudOperations/src/test/resources
2025-07-30 23:59:26,382 [Worker-81: Building] INFO  o.a.m.s.f.DefaultMavenResourcesFiltering - skip non existing resourceDirectory /Users/karansingh/Desktop/Study_Material/SmrtPrm_SpringLearning/HibernateCrudOperations/src/main/resources
2025-07-30 23:59:26,383 [Worker-81: Building] INFO  o.a.m.s.f.DefaultMavenResourcesFiltering - skip non existing resourceDirectory /Users/karansingh/Desktop/Study_Material/SmrtPrm_SpringLearning/HibernateCrudOperations/src/test/resources
2025-07-31 00:00:37,950 [Worker-79: Building] INFO  o.a.m.s.f.DefaultMavenResourcesFiltering - skip non existing resourceDirectory /Users/karansingh/Desktop/Study_Material/SmrtPrm_SpringLearning/HibernateCrudOperations/src/main/resources
2025-07-31 00:00:37,951 [Worker-79: Building] INFO  o.a.m.s.f.DefaultMavenResourcesFiltering - skip non existing resourceDirectory /Users/karansingh/Desktop/Study_Material/SmrtPrm_SpringLearning/HibernateCrudOperations/src/test/resources
2025-07-31 00:00:54,911 [Worker-82: Building] INFO  o.a.m.s.f.DefaultMavenResourcesFiltering - skip non existing resourceDirectory /Users/karansingh/Desktop/Study_Material/SmrtPrm_SpringLearning/HibernateCrudOperations/src/main/resources
2025-07-31 00:00:54,912 [Worker-82: Building] INFO  o.a.m.s.f.DefaultMavenResourcesFiltering - skip non existing resourceDirectory /Users/karansingh/Desktop/Study_Material/SmrtPrm_SpringLearning/HibernateCrudOperations/src/test/resources
2025-07-31 00:00:57,770 [Worker-82: Building] INFO  o.a.m.s.f.DefaultMavenResourcesFiltering - skip non existing resourceDirectory /Users/karansingh/Desktop/Study_Material/SmrtPrm_SpringLearning/HibernateCrudOperations/src/main/resources
2025-07-31 00:00:57,770 [Worker-82: Building] INFO  o.a.m.s.f.DefaultMavenResourcesFiltering - skip non existing resourceDirectory /Users/karansingh/Desktop/Study_Material/SmrtPrm_SpringLearning/HibernateCrudOperations/src/test/resources
2025-07-31 00:01:06,855 [Worker-83: Building] INFO  o.a.m.s.f.DefaultMavenResourcesFiltering - skip non existing resourceDirectory /Users/karansingh/Desktop/Study_Material/SmrtPrm_SpringLearning/HibernateCrudOperations/src/main/resources
2025-07-31 00:01:06,855 [Worker-83: Building] INFO  o.a.m.s.f.DefaultMavenResourcesFiltering - skip non existing resourceDirectory /Users/karansingh/Desktop/Study_Material/SmrtPrm_SpringLearning/HibernateCrudOperations/src/test/resources
2025-07-31 00:01:19,324 [Worker-82: Building] INFO  o.a.m.s.f.DefaultMavenResourcesFiltering - skip non existing resourceDirectory /Users/karansingh/Desktop/Study_Material/SmrtPrm_SpringLearning/HibernateCrudOperations/src/main/resources
2025-07-31 00:01:19,325 [Worker-82: Building] INFO  o.a.m.s.f.DefaultMavenResourcesFiltering - skip non existing resourceDirectory /Users/karansingh/Desktop/Study_Material/SmrtPrm_SpringLearning/HibernateCrudOperations/src/test/resources
2025-07-31 00:01:28,560 [Worker-79: Building] INFO  o.a.m.s.f.DefaultMavenResourcesFiltering - skip non existing resourceDirectory /Users/karansingh/Desktop/Study_Material/SmrtPrm_SpringLearning/HibernateCrudOperations/src/main/resources
2025-07-31 00:01:28,560 [Worker-79: Building] INFO  o.a.m.s.f.DefaultMavenResourcesFiltering - skip non existing resourceDirectory /Users/karansingh/Desktop/Study_Material/SmrtPrm_SpringLearning/HibernateCrudOperations/src/test/resources
2025-07-31 00:01:32,019 [Worker-74: Building] INFO  o.a.m.s.f.DefaultMavenResourcesFiltering - skip non existing resourceDirectory /Users/karansingh/Desktop/Study_Material/SmrtPrm_SpringLearning/HibernateCrudOperations/src/main/resources
2025-07-31 00:01:32,019 [Worker-74: Building] INFO  o.a.m.s.f.DefaultMavenResourcesFiltering - skip non existing resourceDirectory /Users/karansingh/Desktop/Study_Material/SmrtPrm_SpringLearning/HibernateCrudOperations/src/test/resources
2025-07-31 00:02:35,335 [Worker-81: Building] INFO  o.a.m.s.f.DefaultMavenResourcesFiltering - skip non existing resourceDirectory /Users/karansingh/Desktop/Study_Material/SmrtPrm_SpringLearning/HibernateCrudOperations/src/main/resources
2025-07-31 00:02:35,336 [Worker-81: Building] INFO  o.a.m.s.f.DefaultMavenResourcesFiltering - skip non existing resourceDirectory /Users/karansingh/Desktop/Study_Material/SmrtPrm_SpringLearning/HibernateCrudOperations/src/test/resources
2025-07-31 00:02:38,896 [Worker-83: Building] INFO  o.a.m.s.f.DefaultMavenResourcesFiltering - skip non existing resourceDirectory /Users/karansingh/Desktop/Study_Material/SmrtPrm_SpringLearning/HibernateCrudOperations/src/main/resources
2025-07-31 00:02:38,897 [Worker-83: Building] INFO  o.a.m.s.f.DefaultMavenResourcesFiltering - skip non existing resourceDirectory /Users/karansingh/Desktop/Study_Material/SmrtPrm_SpringLearning/HibernateCrudOperations/src/test/resources
2025-07-31 00:02:45,024 [Worker-81: Building] INFO  o.a.m.s.f.DefaultMavenResourcesFiltering - skip non existing resourceDirectory /Users/karansingh/Desktop/Study_Material/SmrtPrm_SpringLearning/HibernateCrudOperations/src/main/resources
2025-07-31 00:02:45,025 [Worker-81: Building] INFO  o.a.m.s.f.DefaultMavenResourcesFiltering - skip non existing resourceDirectory /Users/karansingh/Desktop/Study_Material/SmrtPrm_SpringLearning/HibernateCrudOperations/src/test/resources
2025-07-31 00:02:50,507 [Worker-82: Building] INFO  o.a.m.s.f.DefaultMavenResourcesFiltering - skip non existing resourceDirectory /Users/karansingh/Desktop/Study_Material/SmrtPrm_SpringLearning/HibernateCrudOperations/src/main/resources
2025-07-31 00:02:50,507 [Worker-82: Building] INFO  o.a.m.s.f.DefaultMavenResourcesFiltering - skip non existing resourceDirectory /Users/karansingh/Desktop/Study_Material/SmrtPrm_SpringLearning/HibernateCrudOperations/src/test/resources
2025-07-31 00:02:58,311 [Worker-80: Building] INFO  o.a.m.s.f.DefaultMavenResourcesFiltering - skip non existing resourceDirectory /Users/karansingh/Desktop/Study_Material/SmrtPrm_SpringLearning/HibernateCrudOperations/src/main/resources
2025-07-31 00:02:58,312 [Worker-80: Building] INFO  o.a.m.s.f.DefaultMavenResourcesFiltering - skip non existing resourceDirectory /Users/karansingh/Desktop/Study_Material/SmrtPrm_SpringLearning/HibernateCrudOperations/src/test/resources
2025-07-31 00:03:12,539 [Worker-81: Building] INFO  o.a.m.s.f.DefaultMavenResourcesFiltering - skip non existing resourceDirectory /Users/karansingh/Desktop/Study_Material/SmrtPrm_SpringLearning/HibernateCrudOperations/src/main/resources
2025-07-31 00:03:12,540 [Worker-81: Building] INFO  o.a.m.s.f.DefaultMavenResourcesFiltering - skip non existing resourceDirectory /Users/karansingh/Desktop/Study_Material/SmrtPrm_SpringLearning/HibernateCrudOperations/src/test/resources
2025-07-31 00:03:19,939 [Worker-79: Building] INFO  o.a.m.s.f.DefaultMavenResourcesFiltering - skip non existing resourceDirectory /Users/karansingh/Desktop/Study_Material/SmrtPrm_SpringLearning/HibernateCrudOperations/src/main/resources
2025-07-31 00:03:19,939 [Worker-79: Building] INFO  o.a.m.s.f.DefaultMavenResourcesFiltering - skip non existing resourceDirectory /Users/karansingh/Desktop/Study_Material/SmrtPrm_SpringLearning/HibernateCrudOperations/src/test/resources
2025-07-31 00:03:27,884 [Worker-83: Building] INFO  o.a.m.s.f.DefaultMavenResourcesFiltering - skip non existing resourceDirectory /Users/karansingh/Desktop/Study_Material/SmrtPrm_SpringLearning/HibernateCrudOperations/src/main/resources
2025-07-31 00:03:27,885 [Worker-83: Building] INFO  o.a.m.s.f.DefaultMavenResourcesFiltering - skip non existing resourceDirectory /Users/karansingh/Desktop/Study_Material/SmrtPrm_SpringLearning/HibernateCrudOperations/src/test/resources
2025-07-31 00:03:33,967 [Worker-74: Building] INFO  o.a.m.s.f.DefaultMavenResourcesFiltering - skip non existing resourceDirectory /Users/karansingh/Desktop/Study_Material/SmrtPrm_SpringLearning/HibernateCrudOperations/src/main/resources
2025-07-31 00:03:33,967 [Worker-74: Building] INFO  o.a.m.s.f.DefaultMavenResourcesFiltering - skip non existing resourceDirectory /Users/karansingh/Desktop/Study_Material/SmrtPrm_SpringLearning/HibernateCrudOperations/src/test/resources
2025-07-31 00:03:52,079 [Worker-79: Building] INFO  o.a.m.s.f.DefaultMavenResourcesFiltering - skip non existing resourceDirectory /Users/karansingh/Desktop/Study_Material/SmrtPrm_SpringLearning/HibernateCrudOperations/src/main/resources
2025-07-31 00:03:52,080 [Worker-79: Building] INFO  o.a.m.s.f.DefaultMavenResourcesFiltering - skip non existing resourceDirectory /Users/karansingh/Desktop/Study_Material/SmrtPrm_SpringLearning/HibernateCrudOperations/src/test/resources
2025-07-31 00:03:55,643 [Worker-80: Building] INFO  o.a.m.s.f.DefaultMavenResourcesFiltering - skip non existing resourceDirectory /Users/karansingh/Desktop/Study_Material/SmrtPrm_SpringLearning/HibernateCrudOperations/src/main/resources
2025-07-31 00:03:55,644 [Worker-80: Building] INFO  o.a.m.s.f.DefaultMavenResourcesFiltering - skip non existing resourceDirectory /Users/karansingh/Desktop/Study_Material/SmrtPrm_SpringLearning/HibernateCrudOperations/src/test/resources
2025-07-31 00:07:10,875 [Worker-80: Building] INFO  o.a.m.s.f.DefaultMavenResourcesFiltering - skip non existing resourceDirectory /Users/karansingh/Desktop/Study_Material/SmrtPrm_SpringLearning/HibernateCrudOperations/src/main/resources
2025-07-31 00:07:10,877 [Worker-80: Building] INFO  o.a.m.s.f.DefaultMavenResourcesFiltering - skip non existing resourceDirectory /Users/karansingh/Desktop/Study_Material/SmrtPrm_SpringLearning/HibernateCrudOperations/src/test/resources
2025-07-31 00:07:12,357 [Worker-80: Building] INFO  o.a.m.s.f.DefaultMavenResourcesFiltering - skip non existing resourceDirectory /Users/karansingh/Desktop/Study_Material/SmrtPrm_SpringLearning/HibernateCrudOperations/src/main/resources
2025-07-31 00:07:12,358 [Worker-80: Building] INFO  o.a.m.s.f.DefaultMavenResourcesFiltering - skip non existing resourceDirectory /Users/karansingh/Desktop/Study_Material/SmrtPrm_SpringLearning/HibernateCrudOperations/src/test/resources
2025-07-31 00:07:24,008 [Worker-80: Building] INFO  o.a.m.s.f.DefaultMavenResourcesFiltering - skip non existing resourceDirectory /Users/karansingh/Desktop/Study_Material/SmrtPrm_SpringLearning/HibernateCrudOperations/src/main/resources
2025-07-31 00:07:24,009 [Worker-80: Building] INFO  o.a.m.s.f.DefaultMavenResourcesFiltering - skip non existing resourceDirectory /Users/karansingh/Desktop/Study_Material/SmrtPrm_SpringLearning/HibernateCrudOperations/src/test/resources
